host	model	dataset	load_dur_sec	ntrain	ntest	datafraction	train_start	train_end	epoch	rel_epoch_start_sec	epoch_dur_sec	loss	acc	val_loss	val_acc	opts	comment
taurusi2077	resnet32v1	cifar10	4.556208	50000	10000	1.0	20180309:082832	20180309:085144	0	4.24265	96.076734	1.5309922032165528	0.48812	1.4861237367630005	0.5622	n=3,batch_size=32,epochs=15,num_classes=10,data_augmentation=True,version=1,checkpoint_epochs=False,subtract_pixel_mean=True	k80:1,fs:nfs:singularity:lustre
taurusi2077	resnet32v1	cifar10	4.556208	50000	10000	1.0	20180309:082832	20180309:085144	1	100.321401	92.223437	1.1376234978485107	0.64548	1.2639929529190064	0.6163	n=3,batch_size=32,epochs=15,num_classes=10,data_augmentation=True,version=1,checkpoint_epochs=False,subtract_pixel_mean=True	k80:1,fs:nfs:singularity:lustre
taurusi2077	resnet32v1	cifar10	4.556208	50000	10000	1.0	20180309:082832	20180309:085144	2	192.547042	92.311848	0.9797277549171448	0.70838	1.0407053497314454	0.6942	n=3,batch_size=32,epochs=15,num_classes=10,data_augmentation=True,version=1,checkpoint_epochs=False,subtract_pixel_mean=True	k80:1,fs:nfs:singularity:lustre
taurusi2077	resnet32v1	cifar10	4.556208	50000	10000	1.0	20180309:082832	20180309:085144	3	284.86085	92.328003	0.8979729421424866	0.73834	1.109682786655426	0.6803	n=3,batch_size=32,epochs=15,num_classes=10,data_augmentation=True,version=1,checkpoint_epochs=False,subtract_pixel_mean=True	k80:1,fs:nfs:singularity:lustre
taurusi2077	resnet32v1	cifar10	4.556208	50000	10000	1.0	20180309:082832	20180309:085144	4	377.190828	92.272835	0.84285850730896	0.76104	1.0238084714889526	0.7109	n=3,batch_size=32,epochs=15,num_classes=10,data_augmentation=True,version=1,checkpoint_epochs=False,subtract_pixel_mean=True	k80:1,fs:nfs:singularity:lustre
taurusi2077	resnet32v1	cifar10	4.556208	50000	10000	1.0	20180309:082832	20180309:085144	5	469.464573	92.239583	0.7995578830909729	0.78072	0.9698420093536377	0.7428	n=3,batch_size=32,epochs=15,num_classes=10,data_augmentation=True,version=1,checkpoint_epochs=False,subtract_pixel_mean=True	k80:1,fs:nfs:singularity:lustre
taurusi2077	resnet32v1	cifar10	4.556208	50000	10000	1.0	20180309:082832	20180309:085144	6	561.705061	92.358679	0.767875375957489	0.79058	0.8660216022491455	0.7678	n=3,batch_size=32,epochs=15,num_classes=10,data_augmentation=True,version=1,checkpoint_epochs=False,subtract_pixel_mean=True	k80:1,fs:nfs:singularity:lustre
taurusi2077	resnet32v1	cifar10	4.556208	50000	10000	1.0	20180309:082832	20180309:085144	7	654.064687	92.244684	0.7373457829856872	0.80458	0.8984192554473877	0.7595	n=3,batch_size=32,epochs=15,num_classes=10,data_augmentation=True,version=1,checkpoint_epochs=False,subtract_pixel_mean=True	k80:1,fs:nfs:singularity:lustre
taurusi2077	resnet32v1	cifar10	4.556208	50000	10000	1.0	20180309:082832	20180309:085144	8	746.311164	92.223595	0.7157664256095886	0.81178	0.9549606628417969	0.743	n=3,batch_size=32,epochs=15,num_classes=10,data_augmentation=True,version=1,checkpoint_epochs=False,subtract_pixel_mean=True	k80:1,fs:nfs:singularity:lustre
taurusi2077	resnet32v1	cifar10	4.556208	50000	10000	1.0	20180309:082832	20180309:085144	9	838.53576	92.253331	0.6947675814628601	0.82024	0.7306111353874206	0.8109	n=3,batch_size=32,epochs=15,num_classes=10,data_augmentation=True,version=1,checkpoint_epochs=False,subtract_pixel_mean=True	k80:1,fs:nfs:singularity:lustre
taurusi2077	resnet32v1	cifar10	4.556208	50000	10000	1.0	20180309:082832	20180309:085144	10	930.790043	92.244952	0.6869801729393006	0.8252	0.8045045957565308	0.7972	n=3,batch_size=32,epochs=15,num_classes=10,data_augmentation=True,version=1,checkpoint_epochs=False,subtract_pixel_mean=True	k80:1,fs:nfs:singularity:lustre
taurusi2077	resnet32v1	cifar10	4.556208	50000	10000	1.0	20180309:082832	20180309:085144	11	1023.035902	92.27431	0.6718680508518219	0.83112	0.820252617931366	0.784	n=3,batch_size=32,epochs=15,num_classes=10,data_augmentation=True,version=1,checkpoint_epochs=False,subtract_pixel_mean=True	k80:1,fs:nfs:singularity:lustre
taurusi2077	resnet32v1	cifar10	4.556208	50000	10000	1.0	20180309:082832	20180309:085144	12	1115.312147	92.284982	0.6561595401000977	0.83778	0.7813353138923645	0.8026	n=3,batch_size=32,epochs=15,num_classes=10,data_augmentation=True,version=1,checkpoint_epochs=False,subtract_pixel_mean=True	k80:1,fs:nfs:singularity:lustre
taurusi2077	resnet32v1	cifar10	4.556208	50000	10000	1.0	20180309:082832	20180309:085144	13	1207.599012	92.288182	0.6510435340690612	0.83924	0.7610061334609985	0.8069	n=3,batch_size=32,epochs=15,num_classes=10,data_augmentation=True,version=1,checkpoint_epochs=False,subtract_pixel_mean=True	k80:1,fs:nfs:singularity:lustre
taurusi2077	resnet32v1	cifar10	4.556208	50000	10000	1.0	20180309:082832	20180309:085144	14	1299.888787	92.364879	0.6356140468788147	0.84546	0.8100632161140442	0.7947	n=3,batch_size=32,epochs=15,num_classes=10,data_augmentation=True,version=1,checkpoint_epochs=False,subtract_pixel_mean=True	k80:1,fs:nfs:singularity:lustre
taurusi2077	resnet32v1	cifar10	4.556485	50000	10000	1.0	20180309:082832	20180309:085313	0	4.401508	101.547391	1.5111649451065063	0.49724	1.6172423957824706	0.513	batch_size=32,num_classes=10,checkpoint_epochs=False,data_augmentation=True,subtract_pixel_mean=True,version=1,n=3,epochs=15	k80:1,fs:nfs:singularity:lustre
taurusi2077	resnet32v1	cifar10	4.556485	50000	10000	1.0	20180309:082832	20180309:085313	1	105.950569	98.204846	1.152697583580017	0.63726	1.3625365814208985	0.6052	batch_size=32,num_classes=10,checkpoint_epochs=False,data_augmentation=True,subtract_pixel_mean=True,version=1,n=3,epochs=15	k80:1,fs:nfs:singularity:lustre
taurusi2077	resnet32v1	cifar10	4.556485	50000	10000	1.0	20180309:082832	20180309:085313	2	204.156418	98.031476	0.9959800484466552	0.69724	1.08886683177948	0.6829	batch_size=32,num_classes=10,checkpoint_epochs=False,data_augmentation=True,subtract_pixel_mean=True,version=1,n=3,epochs=15	k80:1,fs:nfs:singularity:lustre
taurusi2077	resnet32v1	cifar10	4.556485	50000	10000	1.0	20180309:082832	20180309:085313	3	302.188857	98.159514	0.9068487308311463	0.73518	0.9778129414558411	0.7188	batch_size=32,num_classes=10,checkpoint_epochs=False,data_augmentation=True,subtract_pixel_mean=True,version=1,n=3,epochs=15	k80:1,fs:nfs:singularity:lustre
taurusi2077	resnet32v1	cifar10	4.556485	50000	10000	1.0	20180309:082832	20180309:085313	4	400.35002	98.189178	0.8508290106964111	0.75808	1.130903706073761	0.6913	batch_size=32,num_classes=10,checkpoint_epochs=False,data_augmentation=True,subtract_pixel_mean=True,version=1,n=3,epochs=15	k80:1,fs:nfs:singularity:lustre
taurusi2077	resnet32v1	cifar10	4.556485	50000	10000	1.0	20180309:082832	20180309:085313	5	498.540873	98.197259	0.8063080456542969	0.77624	0.8868449047088623	0.7535	batch_size=32,num_classes=10,checkpoint_epochs=False,data_augmentation=True,subtract_pixel_mean=True,version=1,n=3,epochs=15	k80:1,fs:nfs:singularity:lustre
taurusi2077	resnet32v1	cifar10	4.556485	50000	10000	1.0	20180309:082832	20180309:085313	6	596.739122	98.162808	0.7724781390190124	0.79106	0.9258382744789123	0.7529	batch_size=32,num_classes=10,checkpoint_epochs=False,data_augmentation=True,subtract_pixel_mean=True,version=1,n=3,epochs=15	k80:1,fs:nfs:singularity:lustre
taurusi2077	resnet32v1	cifar10	4.556485	50000	10000	1.0	20180309:082832	20180309:085313	7	694.902889	98.18467	0.7404103433799744	0.80338	0.9537731657028198	0.7363	batch_size=32,num_classes=10,checkpoint_epochs=False,data_augmentation=True,subtract_pixel_mean=True,version=1,n=3,epochs=15	k80:1,fs:nfs:singularity:lustre
taurusi2077	resnet32v1	cifar10	4.556485	50000	10000	1.0	20180309:082832	20180309:085313	8	793.088564	98.149802	0.7269224856758117	0.8067	0.8382708330154419	0.7719	batch_size=32,num_classes=10,checkpoint_epochs=False,data_augmentation=True,subtract_pixel_mean=True,version=1,n=3,epochs=15	k80:1,fs:nfs:singularity:lustre
taurusi2077	resnet32v1	cifar10	4.556485	50000	10000	1.0	20180309:082832	20180309:085313	9	891.239969	98.161037	0.7009436635017395	0.8158	0.9062552018165588	0.7597	batch_size=32,num_classes=10,checkpoint_epochs=False,data_augmentation=True,subtract_pixel_mean=True,version=1,n=3,epochs=15	k80:1,fs:nfs:singularity:lustre
taurusi2077	resnet32v1	cifar10	4.556485	50000	10000	1.0	20180309:082832	20180309:085313	10	989.402018	98.136893	0.6862734373474121	0.82348	0.829464080619812	0.7859	batch_size=32,num_classes=10,checkpoint_epochs=False,data_augmentation=True,subtract_pixel_mean=True,version=1,n=3,epochs=15	k80:1,fs:nfs:singularity:lustre
taurusi2077	resnet32v1	cifar10	4.556485	50000	10000	1.0	20180309:082832	20180309:085313	11	1087.54058	97.999085	0.6697344864273072	0.8323	0.9323817602157592	0.7603	batch_size=32,num_classes=10,checkpoint_epochs=False,data_augmentation=True,subtract_pixel_mean=True,version=1,n=3,epochs=15	k80:1,fs:nfs:singularity:lustre
taurusi2077	resnet32v1	cifar10	4.556485	50000	10000	1.0	20180309:082832	20180309:085313	12	1185.541362	98.173984	0.6580496505737304	0.83566	0.8236188051223755	0.7962	batch_size=32,num_classes=10,checkpoint_epochs=False,data_augmentation=True,subtract_pixel_mean=True,version=1,n=3,epochs=15	k80:1,fs:nfs:singularity:lustre
taurusi2077	resnet32v1	cifar10	4.556485	50000	10000	1.0	20180309:082832	20180309:085313	13	1283.716302	98.134141	0.648510795211792	0.84158	0.7725052541732788	0.7984	batch_size=32,num_classes=10,checkpoint_epochs=False,data_augmentation=True,subtract_pixel_mean=True,version=1,n=3,epochs=15	k80:1,fs:nfs:singularity:lustre
taurusi2077	resnet32v1	cifar10	4.556485	50000	10000	1.0	20180309:082832	20180309:085313	14	1381.851401	98.560801	0.6369174668884278	0.84426	0.9551783243179321	0.7613	batch_size=32,num_classes=10,checkpoint_epochs=False,data_augmentation=True,subtract_pixel_mean=True,version=1,n=3,epochs=15	k80:1,fs:nfs:singularity:lustre
taurusi2077	resnet32v1	cifar10	4.558023	50000	10000	1.0	20180309:082832	20180309:085205	0	4.239688	97.381369	1.5594522936630248	0.47438	1.7090681690216065	0.4598	data_augmentation=True,batch_size=32,checkpoint_epochs=False,version=1,num_classes=10,epochs=15,n=3,subtract_pixel_mean=True	k80:1,fs:nfs:singularity:lustre
taurusi2077	resnet32v1	cifar10	4.558023	50000	10000	1.0	20180309:082832	20180309:085205	1	101.623231	93.669366	1.1536187255096435	0.63768	1.3537433280944824	0.5989	data_augmentation=True,batch_size=32,checkpoint_epochs=False,version=1,num_classes=10,epochs=15,n=3,subtract_pixel_mean=True	k80:1,fs:nfs:singularity:lustre
taurusi2077	resnet32v1	cifar10	4.558023	50000	10000	1.0	20180309:082832	20180309:085205	2	195.293551	93.573759	0.9940356485557557	0.70046	1.0122366494178772	0.7001	data_augmentation=True,batch_size=32,checkpoint_epochs=False,version=1,num_classes=10,epochs=15,n=3,subtract_pixel_mean=True	k80:1,fs:nfs:singularity:lustre
taurusi2077	resnet32v1	cifar10	4.558023	50000	10000	1.0	20180309:082832	20180309:085205	3	288.86828	93.665056	0.8998298651313782	0.73984	1.2046689435958862	0.6632	data_augmentation=True,batch_size=32,checkpoint_epochs=False,version=1,num_classes=10,epochs=15,n=3,subtract_pixel_mean=True	k80:1,fs:nfs:singularity:lustre
taurusi2077	resnet32v1	cifar10	4.558023	50000	10000	1.0	20180309:082832	20180309:085205	4	382.535562	93.709054	0.8504475583267211	0.75888	0.8876727226257324	0.7447	data_augmentation=True,batch_size=32,checkpoint_epochs=False,version=1,num_classes=10,epochs=15,n=3,subtract_pixel_mean=True	k80:1,fs:nfs:singularity:lustre
taurusi2077	resnet32v1	cifar10	4.558023	50000	10000	1.0	20180309:082832	20180309:085205	5	476.245596	93.672536	0.7969894578170776	0.78068	1.1364796420097352	0.6908	data_augmentation=True,batch_size=32,checkpoint_epochs=False,version=1,num_classes=10,epochs=15,n=3,subtract_pixel_mean=True	k80:1,fs:nfs:singularity:lustre
taurusi2077	resnet32v1	cifar10	4.558023	50000	10000	1.0	20180309:082832	20180309:085205	6	569.919032	93.611036	0.7637010951423645	0.7943	0.8556351605415344	0.7676	data_augmentation=True,batch_size=32,checkpoint_epochs=False,version=1,num_classes=10,epochs=15,n=3,subtract_pixel_mean=True	k80:1,fs:nfs:singularity:lustre
taurusi2077	resnet32v1	cifar10	4.558023	50000	10000	1.0	20180309:082832	20180309:085205	7	663.532239	93.721574	0.7372318175888062	0.80688	0.8621786029815673	0.7698	data_augmentation=True,batch_size=32,checkpoint_epochs=False,version=1,num_classes=10,epochs=15,n=3,subtract_pixel_mean=True	k80:1,fs:nfs:singularity:lustre
taurusi2077	resnet32v1	cifar10	4.558023	50000	10000	1.0	20180309:082832	20180309:085205	8	757.254713	93.751742	0.7170184087371826	0.81226	0.9219069681167602	0.7628	data_augmentation=True,batch_size=32,checkpoint_epochs=False,version=1,num_classes=10,epochs=15,n=3,subtract_pixel_mean=True	k80:1,fs:nfs:singularity:lustre
taurusi2077	resnet32v1	cifar10	4.558023	50000	10000	1.0	20180309:082832	20180309:085205	9	851.00736	93.710664	0.696109133720398	0.82054	1.0120950685501098	0.7367	data_augmentation=True,batch_size=32,checkpoint_epochs=False,version=1,num_classes=10,epochs=15,n=3,subtract_pixel_mean=True	k80:1,fs:nfs:singularity:lustre
taurusi2077	resnet32v1	cifar10	4.558023	50000	10000	1.0	20180309:082832	20180309:085205	10	944.720206	93.747342	0.6807826595878601	0.82662	0.7716909967422485	0.7994	data_augmentation=True,batch_size=32,checkpoint_epochs=False,version=1,num_classes=10,epochs=15,n=3,subtract_pixel_mean=True	k80:1,fs:nfs:singularity:lustre
taurusi2077	resnet32v1	cifar10	4.558023	50000	10000	1.0	20180309:082832	20180309:085205	11	1038.46849	93.634329	0.6718254528999329	0.83196	0.7601999906539917	0.8068	data_augmentation=True,batch_size=32,checkpoint_epochs=False,version=1,num_classes=10,epochs=15,n=3,subtract_pixel_mean=True	k80:1,fs:nfs:singularity:lustre
taurusi2077	resnet32v1	cifar10	4.558023	50000	10000	1.0	20180309:082832	20180309:085205	12	1132.103722	93.784004	0.6544851399230956	0.83828	0.8373322869300842	0.7919	data_augmentation=True,batch_size=32,checkpoint_epochs=False,version=1,num_classes=10,epochs=15,n=3,subtract_pixel_mean=True	k80:1,fs:nfs:singularity:lustre
taurusi2077	resnet32v1	cifar10	4.558023	50000	10000	1.0	20180309:082832	20180309:085205	13	1225.888629	93.679978	0.6456801555252075	0.84186	0.679067757320404	0.8337	data_augmentation=True,batch_size=32,checkpoint_epochs=False,version=1,num_classes=10,epochs=15,n=3,subtract_pixel_mean=True	k80:1,fs:nfs:singularity:lustre
taurusi2077	resnet32v1	cifar10	4.558023	50000	10000	1.0	20180309:082832	20180309:085205	14	1319.570415	93.903563	0.6333143672084809	0.8459	0.7016530122756958	0.8239	data_augmentation=True,batch_size=32,checkpoint_epochs=False,version=1,num_classes=10,epochs=15,n=3,subtract_pixel_mean=True	k80:1,fs:nfs:singularity:lustre
taurusi2076	resnet32v1	cifar10	4.452562	50000	10000	1.0	20180309:082832	20180309:085148	0	4.382341	96.035265	1.521357180671692	0.49652	1.4669968013763428	0.5301	num_classes=10,epochs=15,data_augmentation=True,subtract_pixel_mean=True,checkpoint_epochs=False,version=1,n=3,batch_size=32	k80:1,fs:nfs:singularity:lustre
taurusi2076	resnet32v1	cifar10	4.452562	50000	10000	1.0	20180309:082832	20180309:085148	1	100.418618	92.598098	1.1230971981430053	0.64774	1.291637727546692	0.6026	num_classes=10,epochs=15,data_augmentation=True,subtract_pixel_mean=True,checkpoint_epochs=False,version=1,n=3,batch_size=32	k80:1,fs:nfs:singularity:lustre
taurusi2076	resnet32v1	cifar10	4.452562	50000	10000	1.0	20180309:082832	20180309:085148	2	193.017686	92.56622	0.9719643759155273	0.7114	0.9675972686767578	0.7158	num_classes=10,epochs=15,data_augmentation=True,subtract_pixel_mean=True,checkpoint_epochs=False,version=1,n=3,batch_size=32	k80:1,fs:nfs:singularity:lustre
taurusi2076	resnet32v1	cifar10	4.452562	50000	10000	1.0	20180309:082832	20180309:085148	3	285.584865	92.562536	0.8845436085319519	0.7449	1.0420563863754273	0.6965	num_classes=10,epochs=15,data_augmentation=True,subtract_pixel_mean=True,checkpoint_epochs=False,version=1,n=3,batch_size=32	k80:1,fs:nfs:singularity:lustre
taurusi2076	resnet32v1	cifar10	4.452562	50000	10000	1.0	20180309:082832	20180309:085148	4	378.148381	92.560289	0.8333245178794861	0.76366	1.0747720441818238	0.7137	num_classes=10,epochs=15,data_augmentation=True,subtract_pixel_mean=True,checkpoint_epochs=False,version=1,n=3,batch_size=32	k80:1,fs:nfs:singularity:lustre
taurusi2076	resnet32v1	cifar10	4.452562	50000	10000	1.0	20180309:082832	20180309:085148	5	470.709635	92.572915	0.7918769975280762	0.77986	0.8630839495658874	0.7603	num_classes=10,epochs=15,data_augmentation=True,subtract_pixel_mean=True,checkpoint_epochs=False,version=1,n=3,batch_size=32	k80:1,fs:nfs:singularity:lustre
taurusi2076	resnet32v1	cifar10	4.452562	50000	10000	1.0	20180309:082832	20180309:085148	6	563.284447	92.481722	0.7582867994499206	0.79506	0.8741000730514527	0.7639	num_classes=10,epochs=15,data_augmentation=True,subtract_pixel_mean=True,checkpoint_epochs=False,version=1,n=3,batch_size=32	k80:1,fs:nfs:singularity:lustre
taurusi2076	resnet32v1	cifar10	4.452562	50000	10000	1.0	20180309:082832	20180309:085148	7	655.767083	92.491528	0.7317121988868713	0.80468	1.2656956449508667	0.6727	num_classes=10,epochs=15,data_augmentation=True,subtract_pixel_mean=True,checkpoint_epochs=False,version=1,n=3,batch_size=32	k80:1,fs:nfs:singularity:lustre
taurusi2076	resnet32v1	cifar10	4.452562	50000	10000	1.0	20180309:082832	20180309:085148	8	748.259542	92.537895	0.7116068558502198	0.81502	0.7853639212608338	0.793	num_classes=10,epochs=15,data_augmentation=True,subtract_pixel_mean=True,checkpoint_epochs=False,version=1,n=3,batch_size=32	k80:1,fs:nfs:singularity:lustre
taurusi2076	resnet32v1	cifar10	4.452562	50000	10000	1.0	20180309:082832	20180309:085148	9	840.798404	92.437378	0.6926695435428619	0.82214	1.0258418063163757	0.7347	num_classes=10,epochs=15,data_augmentation=True,subtract_pixel_mean=True,checkpoint_epochs=False,version=1,n=3,batch_size=32	k80:1,fs:nfs:singularity:lustre
taurusi2076	resnet32v1	cifar10	4.452562	50000	10000	1.0	20180309:082832	20180309:085148	10	933.237955	92.499915	0.6795673277854919	0.82656	0.8382529095649719	0.7806	num_classes=10,epochs=15,data_augmentation=True,subtract_pixel_mean=True,checkpoint_epochs=False,version=1,n=3,batch_size=32	k80:1,fs:nfs:singularity:lustre
taurusi2076	resnet32v1	cifar10	4.452562	50000	10000	1.0	20180309:082832	20180309:085148	11	1025.73885	92.503365	0.6653687508010864	0.83348	1.1720157705307006	0.7081	num_classes=10,epochs=15,data_augmentation=True,subtract_pixel_mean=True,checkpoint_epochs=False,version=1,n=3,batch_size=32	k80:1,fs:nfs:singularity:lustre
taurusi2076	resnet32v1	cifar10	4.452562	50000	10000	1.0	20180309:082832	20180309:085148	12	1118.243155	92.596365	0.6563283014297485	0.83712	0.7840069288253784	0.7994	num_classes=10,epochs=15,data_augmentation=True,subtract_pixel_mean=True,checkpoint_epochs=False,version=1,n=3,batch_size=32	k80:1,fs:nfs:singularity:lustre
taurusi2076	resnet32v1	cifar10	4.452562	50000	10000	1.0	20180309:082832	20180309:085148	13	1210.840443	92.59003	0.6434809468078613	0.84132	0.9109965016365051	0.768	num_classes=10,epochs=15,data_augmentation=True,subtract_pixel_mean=True,checkpoint_epochs=False,version=1,n=3,batch_size=32	k80:1,fs:nfs:singularity:lustre
taurusi2076	resnet32v1	cifar10	4.452562	50000	10000	1.0	20180309:082832	20180309:085148	14	1303.431394	92.825773	0.6376373503494263	0.84456	0.7930339588165283	0.7968	num_classes=10,epochs=15,data_augmentation=True,subtract_pixel_mean=True,checkpoint_epochs=False,version=1,n=3,batch_size=32	k80:1,fs:nfs:singularity:lustre
taurusi2076	resnet32v1	cifar10	4.451824	50000	10000	1.0	20180309:082832	20180309:085139	0	4.337462	95.745728	1.5316708879470826	0.48756	1.4938972290039063	0.5252	data_augmentation=True,version=1,checkpoint_epochs=False,epochs=15,batch_size=32,n=3,subtract_pixel_mean=True,num_classes=10	k80:1,fs:nfs:singularity:lustre
taurusi2076	resnet32v1	cifar10	4.451824	50000	10000	1.0	20180309:082832	20180309:085139	1	100.085376	91.895546	1.1415267014312744	0.6446	1.2125959906578063	0.6157	data_augmentation=True,version=1,checkpoint_epochs=False,epochs=15,batch_size=32,n=3,subtract_pixel_mean=True,num_classes=10	k80:1,fs:nfs:singularity:lustre
taurusi2076	resnet32v1	cifar10	4.451824	50000	10000	1.0	20180309:082832	20180309:085139	2	191.981823	91.940992	0.9897729800224304	0.70316	1.015347224998474	0.6985	data_augmentation=True,version=1,checkpoint_epochs=False,epochs=15,batch_size=32,n=3,subtract_pixel_mean=True,num_classes=10	k80:1,fs:nfs:singularity:lustre
taurusi2076	resnet32v1	cifar10	4.451824	50000	10000	1.0	20180309:082832	20180309:085139	3	283.924901	91.876752	0.9070899683952331	0.73518	1.048944069290161	0.7009	data_augmentation=True,version=1,checkpoint_epochs=False,epochs=15,batch_size=32,n=3,subtract_pixel_mean=True,num_classes=10	k80:1,fs:nfs:singularity:lustre
taurusi2076	resnet32v1	cifar10	4.451824	50000	10000	1.0	20180309:082832	20180309:085139	4	375.803602	91.942022	0.8539284134292603	0.75728	1.290320106124878	0.656	data_augmentation=True,version=1,checkpoint_epochs=False,epochs=15,batch_size=32,n=3,subtract_pixel_mean=True,num_classes=10	k80:1,fs:nfs:singularity:lustre
taurusi2076	resnet32v1	cifar10	4.451824	50000	10000	1.0	20180309:082832	20180309:085139	5	467.74651	91.839613	0.8109852445793152	0.77474	0.9559313953399659	0.7392	data_augmentation=True,version=1,checkpoint_epochs=False,epochs=15,batch_size=32,n=3,subtract_pixel_mean=True,num_classes=10	k80:1,fs:nfs:singularity:lustre
taurusi2076	resnet32v1	cifar10	4.451824	50000	10000	1.0	20180309:082832	20180309:085139	6	559.588275	91.96795	0.775426939907074	0.78862	1.1891706192016602	0.6908	data_augmentation=True,version=1,checkpoint_epochs=False,epochs=15,batch_size=32,n=3,subtract_pixel_mean=True,num_classes=10	k80:1,fs:nfs:singularity:lustre
taurusi2076	resnet32v1	cifar10	4.451824	50000	10000	1.0	20180309:082832	20180309:085139	7	651.557127	91.964649	0.7496253030204773	0.80016	0.9691860389709472	0.7354	data_augmentation=True,version=1,checkpoint_epochs=False,epochs=15,batch_size=32,n=3,subtract_pixel_mean=True,num_classes=10	k80:1,fs:nfs:singularity:lustre
taurusi2076	resnet32v1	cifar10	4.451824	50000	10000	1.0	20180309:082832	20180309:085139	8	743.523709	92.01603	0.7309701921844483	0.80786	0.8635200735092163	0.7701	data_augmentation=True,version=1,checkpoint_epochs=False,epochs=15,batch_size=32,n=3,subtract_pixel_mean=True,num_classes=10	k80:1,fs:nfs:singularity:lustre
taurusi2076	resnet32v1	cifar10	4.451824	50000	10000	1.0	20180309:082832	20180309:085139	9	835.541307	92.002964	0.7041909360122681	0.81756	0.8244726572990417	0.7778	data_augmentation=True,version=1,checkpoint_epochs=False,epochs=15,batch_size=32,n=3,subtract_pixel_mean=True,num_classes=10	k80:1,fs:nfs:singularity:lustre
taurusi2076	resnet32v1	cifar10	4.451824	50000	10000	1.0	20180309:082832	20180309:085139	10	927.546428	91.848906	0.6929114945411682	0.82384	0.8149846947669983	0.7904	data_augmentation=True,version=1,checkpoint_epochs=False,epochs=15,batch_size=32,n=3,subtract_pixel_mean=True,num_classes=10	k80:1,fs:nfs:singularity:lustre
taurusi2076	resnet32v1	cifar10	4.451824	50000	10000	1.0	20180309:082832	20180309:085139	11	1019.397477	91.870814	0.677696795501709	0.82934	0.8707618020057678	0.7839	data_augmentation=True,version=1,checkpoint_epochs=False,epochs=15,batch_size=32,n=3,subtract_pixel_mean=True,num_classes=10	k80:1,fs:nfs:singularity:lustre
taurusi2076	resnet32v1	cifar10	4.451824	50000	10000	1.0	20180309:082832	20180309:085139	12	1111.27044	91.917058	0.6650058008384705	0.83404	0.7966480738639832	0.7988	data_augmentation=True,version=1,checkpoint_epochs=False,epochs=15,batch_size=32,n=3,subtract_pixel_mean=True,num_classes=10	k80:1,fs:nfs:singularity:lustre
taurusi2076	resnet32v1	cifar10	4.451824	50000	10000	1.0	20180309:082832	20180309:085139	13	1203.188392	91.838724	0.6523357674789428	0.84094	0.8126894577026367	0.7908	data_augmentation=True,version=1,checkpoint_epochs=False,epochs=15,batch_size=32,n=3,subtract_pixel_mean=True,num_classes=10	k80:1,fs:nfs:singularity:lustre
taurusi2076	resnet32v1	cifar10	4.451824	50000	10000	1.0	20180309:082832	20180309:085139	14	1295.028016	91.866018	0.6457932213973999	0.8432	0.848840427017212	0.7876	data_augmentation=True,version=1,checkpoint_epochs=False,epochs=15,batch_size=32,n=3,subtract_pixel_mean=True,num_classes=10	k80:1,fs:nfs:singularity:lustre
taurusi2076	resnet32v1	cifar10	4.45127	50000	10000	1.0	20180309:082832	20180309:085304	0	4.343272	101.085083	1.5463246254730225	0.48404	1.7945655212402343	0.4563	subtract_pixel_mean=True,epochs=15,n=3,version=1,batch_size=32,checkpoint_epochs=False,num_classes=10,data_augmentation=True	k80:1,fs:nfs:singularity:lustre
taurusi2076	resnet32v1	cifar10	4.45127	50000	10000	1.0	20180309:082832	20180309:085304	1	105.429311	97.634636	1.154910071258545	0.63924	1.7333762168884277	0.5296	subtract_pixel_mean=True,epochs=15,n=3,version=1,batch_size=32,checkpoint_epochs=False,num_classes=10,data_augmentation=True	k80:1,fs:nfs:singularity:lustre
taurusi2076	resnet32v1	cifar10	4.45127	50000	10000	1.0	20180309:082832	20180309:085304	2	203.064915	97.597427	0.9969679780960083	0.70152	0.939054983997345	0.7265	subtract_pixel_mean=True,epochs=15,n=3,version=1,batch_size=32,checkpoint_epochs=False,num_classes=10,data_augmentation=True	k80:1,fs:nfs:singularity:lustre
taurusi2076	resnet32v1	cifar10	4.45127	50000	10000	1.0	20180309:082832	20180309:085304	3	300.663547	97.678068	0.9048256583023071	0.73618	1.2820994623184203	0.6202	subtract_pixel_mean=True,epochs=15,n=3,version=1,batch_size=32,checkpoint_epochs=False,num_classes=10,data_augmentation=True	k80:1,fs:nfs:singularity:lustre
taurusi2076	resnet32v1	cifar10	4.45127	50000	10000	1.0	20180309:082832	20180309:085304	4	398.342572	97.598522	0.8461002639961243	0.7611	1.3715059858322143	0.6191	subtract_pixel_mean=True,epochs=15,n=3,version=1,batch_size=32,checkpoint_epochs=False,num_classes=10,data_augmentation=True	k80:1,fs:nfs:singularity:lustre
taurusi2076	resnet32v1	cifar10	4.45127	50000	10000	1.0	20180309:082832	20180309:085304	5	495.942124	97.699531	0.8010045706176758	0.77812	1.0793622785568238	0.7111	subtract_pixel_mean=True,epochs=15,n=3,version=1,batch_size=32,checkpoint_epochs=False,num_classes=10,data_augmentation=True	k80:1,fs:nfs:singularity:lustre
taurusi2076	resnet32v1	cifar10	4.45127	50000	10000	1.0	20180309:082832	20180309:085304	6	593.643247	97.581232	0.7715379763793946	0.78874	0.939152019405365	0.7469	subtract_pixel_mean=True,epochs=15,n=3,version=1,batch_size=32,checkpoint_epochs=False,num_classes=10,data_augmentation=True	k80:1,fs:nfs:singularity:lustre
taurusi2076	resnet32v1	cifar10	4.45127	50000	10000	1.0	20180309:082832	20180309:085304	7	691.225439	97.584526	0.7428638139343262	0.79996	0.879499585723877	0.7618	subtract_pixel_mean=True,epochs=15,n=3,version=1,batch_size=32,checkpoint_epochs=False,num_classes=10,data_augmentation=True	k80:1,fs:nfs:singularity:lustre
taurusi2076	resnet32v1	cifar10	4.45127	50000	10000	1.0	20180309:082832	20180309:085304	8	788.811376	97.623911	0.7222831485557556	0.80894	0.8603963880538941	0.763	subtract_pixel_mean=True,epochs=15,n=3,version=1,batch_size=32,checkpoint_epochs=False,num_classes=10,data_augmentation=True	k80:1,fs:nfs:singularity:lustre
taurusi2076	resnet32v1	cifar10	4.45127	50000	10000	1.0	20180309:082832	20180309:085304	9	886.437174	97.596643	0.7108711608505249	0.8144	0.8897046281814576	0.763	subtract_pixel_mean=True,epochs=15,n=3,version=1,batch_size=32,checkpoint_epochs=False,num_classes=10,data_augmentation=True	k80:1,fs:nfs:singularity:lustre
taurusi2076	resnet32v1	cifar10	4.45127	50000	10000	1.0	20180309:082832	20180309:085304	10	984.034811	97.658755	0.6895188695907593	0.82124	0.9142557535171508	0.7522	subtract_pixel_mean=True,epochs=15,n=3,version=1,batch_size=32,checkpoint_epochs=False,num_classes=10,data_augmentation=True	k80:1,fs:nfs:singularity:lustre
taurusi2076	resnet32v1	cifar10	4.45127	50000	10000	1.0	20180309:082832	20180309:085304	11	1081.695321	97.590652	0.6728155420875549	0.8296	0.8780158543586731	0.7721	subtract_pixel_mean=True,epochs=15,n=3,version=1,batch_size=32,checkpoint_epochs=False,num_classes=10,data_augmentation=True	k80:1,fs:nfs:singularity:lustre
taurusi2076	resnet32v1	cifar10	4.45127	50000	10000	1.0	20180309:082832	20180309:085304	12	1179.286924	97.603522	0.6639118788528442	0.8333	0.8520512644767761	0.7777	subtract_pixel_mean=True,epochs=15,n=3,version=1,batch_size=32,checkpoint_epochs=False,num_classes=10,data_augmentation=True	k80:1,fs:nfs:singularity:lustre
taurusi2076	resnet32v1	cifar10	4.45127	50000	10000	1.0	20180309:082832	20180309:085304	13	1276.89209	97.575822	0.6508841466617584	0.83774	0.8319854403495789	0.7905	subtract_pixel_mean=True,epochs=15,n=3,version=1,batch_size=32,checkpoint_epochs=False,num_classes=10,data_augmentation=True	k80:1,fs:nfs:singularity:lustre
taurusi2076	resnet32v1	cifar10	4.45127	50000	10000	1.0	20180309:082832	20180309:085304	14	1374.468911	97.825382	0.6401123392677307	0.84088	0.9866845788955688	0.7383	subtract_pixel_mean=True,epochs=15,n=3,version=1,batch_size=32,checkpoint_epochs=False,num_classes=10,data_augmentation=True	k80:1,fs:nfs:singularity:lustre
taurusi2076	resnet32v1	cifar10	4.449223	50000	10000	1.0	20180309:082832	20180309:085144	0	4.312642	95.92819	1.532153459815979	0.48784	1.4620957239151	0.5431	epochs=15,checkpoint_epochs=False,subtract_pixel_mean=True,num_classes=10,batch_size=32,data_augmentation=True,n=3,version=1	k80:1,fs:nfs:singularity:lustre
taurusi2076	resnet32v1	cifar10	4.449223	50000	10000	1.0	20180309:082832	20180309:085144	1	100.242763	92.303153	1.1443065395736693	0.63872	1.3671291738510132	0.5863	epochs=15,checkpoint_epochs=False,subtract_pixel_mean=True,num_classes=10,batch_size=32,data_augmentation=True,n=3,version=1	k80:1,fs:nfs:singularity:lustre
taurusi2076	resnet32v1	cifar10	4.449223	50000	10000	1.0	20180309:082832	20180309:085144	2	192.548063	92.172599	0.9851407124710083	0.70458	1.2669756901741027	0.6235	epochs=15,checkpoint_epochs=False,subtract_pixel_mean=True,num_classes=10,batch_size=32,data_augmentation=True,n=3,version=1	k80:1,fs:nfs:singularity:lustre
taurusi2076	resnet32v1	cifar10	4.449223	50000	10000	1.0	20180309:082832	20180309:085144	3	284.722468	92.308034	0.9057603614425659	0.7357	0.8865717096328736	0.7454	epochs=15,checkpoint_epochs=False,subtract_pixel_mean=True,num_classes=10,batch_size=32,data_augmentation=True,n=3,version=1	k80:1,fs:nfs:singularity:lustre
taurusi2076	resnet32v1	cifar10	4.449223	50000	10000	1.0	20180309:082832	20180309:085144	4	377.031396	92.299493	0.8437011912536622	0.76068	1.0599520131111144	0.706	epochs=15,checkpoint_epochs=False,subtract_pixel_mean=True,num_classes=10,batch_size=32,data_augmentation=True,n=3,version=1	k80:1,fs:nfs:singularity:lustre
taurusi2076	resnet32v1	cifar10	4.449223	50000	10000	1.0	20180309:082832	20180309:085144	5	469.332834	92.214568	0.8016647424507141	0.77642	0.7854847821235657	0.7871	epochs=15,checkpoint_epochs=False,subtract_pixel_mean=True,num_classes=10,batch_size=32,data_augmentation=True,n=3,version=1	k80:1,fs:nfs:singularity:lustre
taurusi2076	resnet32v1	cifar10	4.449223	50000	10000	1.0	20180309:082832	20180309:085144	6	561.548299	92.2924	0.7660900598526001	0.79106	1.1027370856285095	0.7046	epochs=15,checkpoint_epochs=False,subtract_pixel_mean=True,num_classes=10,batch_size=32,data_augmentation=True,n=3,version=1	k80:1,fs:nfs:singularity:lustre
taurusi2076	resnet32v1	cifar10	4.449223	50000	10000	1.0	20180309:082832	20180309:085144	7	653.842509	92.25768	0.7428419805717468	0.80208	0.828380011177063	0.7878	epochs=15,checkpoint_epochs=False,subtract_pixel_mean=True,num_classes=10,batch_size=32,data_augmentation=True,n=3,version=1	k80:1,fs:nfs:singularity:lustre
taurusi2076	resnet32v1	cifar10	4.449223	50000	10000	1.0	20180309:082832	20180309:085144	8	746.101955	92.213278	0.7269704034042358	0.80782	0.9767333467483521	0.7464	epochs=15,checkpoint_epochs=False,subtract_pixel_mean=True,num_classes=10,batch_size=32,data_augmentation=True,n=3,version=1	k80:1,fs:nfs:singularity:lustre
taurusi2076	resnet32v1	cifar10	4.449223	50000	10000	1.0	20180309:082832	20180309:085144	9	838.316127	92.260286	0.7019564700317383	0.81762	1.0002634867668152	0.74	epochs=15,checkpoint_epochs=False,subtract_pixel_mean=True,num_classes=10,batch_size=32,data_augmentation=True,n=3,version=1	k80:1,fs:nfs:singularity:lustre
taurusi2076	resnet32v1	cifar10	4.449223	50000	10000	1.0	20180309:082832	20180309:085144	10	930.577338	92.213068	0.6862649223899842	0.82554	0.8012450072288513	0.7929	epochs=15,checkpoint_epochs=False,subtract_pixel_mean=True,num_classes=10,batch_size=32,data_augmentation=True,n=3,version=1	k80:1,fs:nfs:singularity:lustre
taurusi2076	resnet32v1	cifar10	4.449223	50000	10000	1.0	20180309:082832	20180309:085144	11	1022.791302	92.366273	0.6750442000389099	0.829	0.9118690056800842	0.7677	epochs=15,checkpoint_epochs=False,subtract_pixel_mean=True,num_classes=10,batch_size=32,data_augmentation=True,n=3,version=1	k80:1,fs:nfs:singularity:lustre
taurusi2076	resnet32v1	cifar10	4.449223	50000	10000	1.0	20180309:082832	20180309:085144	12	1115.158449	92.228115	0.6667706197357178	0.8335	0.9093981878280639	0.7631	epochs=15,checkpoint_epochs=False,subtract_pixel_mean=True,num_classes=10,batch_size=32,data_augmentation=True,n=3,version=1	k80:1,fs:nfs:singularity:lustre
taurusi2076	resnet32v1	cifar10	4.449223	50000	10000	1.0	20180309:082832	20180309:085144	13	1207.387459	92.318984	0.6522855758285523	0.83914	0.9844078081130981	0.7555	epochs=15,checkpoint_epochs=False,subtract_pixel_mean=True,num_classes=10,batch_size=32,data_augmentation=True,n=3,version=1	k80:1,fs:nfs:singularity:lustre
taurusi2076	resnet32v1	cifar10	4.449223	50000	10000	1.0	20180309:082832	20180309:085144	14	1299.707377	92.433671	0.6446780826759339	0.84184	0.7781422892570495	0.7967	epochs=15,checkpoint_epochs=False,subtract_pixel_mean=True,num_classes=10,batch_size=32,data_augmentation=True,n=3,version=1	k80:1,fs:nfs:singularity:lustre
taurusi2072	resnet32v1	cifar10	4.431362	50000	10000	1.0	20180309:082832	20180309:085146	0	4.325634	95.949843	1.5270547636032104	0.48964	1.3608580034255982	0.578	data_augmentation=True,batch_size=32,n=3,subtract_pixel_mean=True,checkpoint_epochs=False,version=1,num_classes=10,epochs=15	k80:1,fs:nfs:singularity:lustre
taurusi2072	resnet32v1	cifar10	4.431362	50000	10000	1.0	20180309:082832	20180309:085146	1	100.277096	92.510647	1.1522107258987426	0.64136	1.411155459022522	0.5843	data_augmentation=True,batch_size=32,n=3,subtract_pixel_mean=True,checkpoint_epochs=False,version=1,num_classes=10,epochs=15	k80:1,fs:nfs:singularity:lustre
taurusi2072	resnet32v1	cifar10	4.431362	50000	10000	1.0	20180309:082832	20180309:085146	2	192.789814	92.445945	0.9933654713439941	0.70268	1.0971787051200868	0.6645	data_augmentation=True,batch_size=32,n=3,subtract_pixel_mean=True,checkpoint_epochs=False,version=1,num_classes=10,epochs=15	k80:1,fs:nfs:singularity:lustre
taurusi2072	resnet32v1	cifar10	4.431362	50000	10000	1.0	20180309:082832	20180309:085146	3	285.236673	92.414994	0.9051277064037323	0.73676	1.247482620048523	0.6489	data_augmentation=True,batch_size=32,n=3,subtract_pixel_mean=True,checkpoint_epochs=False,version=1,num_classes=10,epochs=15	k80:1,fs:nfs:singularity:lustre
taurusi2072	resnet32v1	cifar10	4.431362	50000	10000	1.0	20180309:082832	20180309:085146	4	377.652594	92.443009	0.8554813787078858	0.7574	0.8886109354019165	0.7403	data_augmentation=True,batch_size=32,n=3,subtract_pixel_mean=True,checkpoint_epochs=False,version=1,num_classes=10,epochs=15	k80:1,fs:nfs:singularity:lustre
taurusi2072	resnet32v1	cifar10	4.431362	50000	10000	1.0	20180309:082832	20180309:085146	5	470.096525	92.409363	0.8084246974182129	0.77726	0.864993412399292	0.7622	data_augmentation=True,batch_size=32,n=3,subtract_pixel_mean=True,checkpoint_epochs=False,version=1,num_classes=10,epochs=15	k80:1,fs:nfs:singularity:lustre
taurusi2072	resnet32v1	cifar10	4.431362	50000	10000	1.0	20180309:082832	20180309:085146	6	562.507562	92.494832	0.776211388206482	0.78886	0.8197709600448608	0.7798	data_augmentation=True,batch_size=32,n=3,subtract_pixel_mean=True,checkpoint_epochs=False,version=1,num_classes=10,epochs=15	k80:1,fs:nfs:singularity:lustre
taurusi2072	resnet32v1	cifar10	4.431362	50000	10000	1.0	20180309:082832	20180309:085146	7	655.003316	92.441535	0.748303762550354	0.7997	0.8216240682601929	0.7834	data_augmentation=True,batch_size=32,n=3,subtract_pixel_mean=True,checkpoint_epochs=False,version=1,num_classes=10,epochs=15	k80:1,fs:nfs:singularity:lustre
taurusi2072	resnet32v1	cifar10	4.431362	50000	10000	1.0	20180309:082832	20180309:085146	8	747.445771	92.385868	0.7256470423698426	0.80888	0.8784885766029358	0.7645	data_augmentation=True,batch_size=32,n=3,subtract_pixel_mean=True,checkpoint_epochs=False,version=1,num_classes=10,epochs=15	k80:1,fs:nfs:singularity:lustre
taurusi2072	resnet32v1	cifar10	4.431362	50000	10000	1.0	20180309:082832	20180309:085146	9	839.832563	92.429855	0.703820621395111	0.81808	0.9361099445343017	0.7501	data_augmentation=True,batch_size=32,n=3,subtract_pixel_mean=True,checkpoint_epochs=False,version=1,num_classes=10,epochs=15	k80:1,fs:nfs:singularity:lustre
taurusi2072	resnet32v1	cifar10	4.431362	50000	10000	1.0	20180309:082832	20180309:085146	10	932.263353	92.352236	0.692207092704773	0.824	0.8451394055366516	0.782	data_augmentation=True,batch_size=32,n=3,subtract_pixel_mean=True,checkpoint_epochs=False,version=1,num_classes=10,epochs=15	k80:1,fs:nfs:singularity:lustre
taurusi2072	resnet32v1	cifar10	4.431362	50000	10000	1.0	20180309:082832	20180309:085146	11	1024.616537	92.399343	0.677932990179062	0.83	0.8405002339363098	0.7831	data_augmentation=True,batch_size=32,n=3,subtract_pixel_mean=True,checkpoint_epochs=False,version=1,num_classes=10,epochs=15	k80:1,fs:nfs:singularity:lustre
taurusi2072	resnet32v1	cifar10	4.431362	50000	10000	1.0	20180309:082832	20180309:085146	12	1117.016898	92.486591	0.6636142107772827	0.83572	0.7701515339851379	0.8084	data_augmentation=True,batch_size=32,n=3,subtract_pixel_mean=True,checkpoint_epochs=False,version=1,num_classes=10,epochs=15	k80:1,fs:nfs:singularity:lustre
taurusi2072	resnet32v1	cifar10	4.431362	50000	10000	1.0	20180309:082832	20180309:085146	13	1209.504441	92.386943	0.6566318006896973	0.83778	0.7844208020210266	0.8096	data_augmentation=True,batch_size=32,n=3,subtract_pixel_mean=True,checkpoint_epochs=False,version=1,num_classes=10,epochs=15	k80:1,fs:nfs:singularity:lustre
taurusi2072	resnet32v1	cifar10	4.431362	50000	10000	1.0	20180309:082832	20180309:085146	14	1301.892312	92.466265	0.6422526685523987	0.84356	0.857077221775055	0.7926	data_augmentation=True,batch_size=32,n=3,subtract_pixel_mean=True,checkpoint_epochs=False,version=1,num_classes=10,epochs=15	k80:1,fs:nfs:singularity:lustre
taurusi2072	resnet32v1	cifar10	4.428347	50000	10000	1.0	20180309:082832	20180309:085147	0	4.28899	96.175122	1.4983370819854736	0.50174	1.4443798469543456	0.5418	checkpoint_epochs=False,num_classes=10,subtract_pixel_mean=True,epochs=15,version=1,batch_size=32,data_augmentation=True,n=3	k80:1,fs:nfs:singularity:lustre
taurusi2072	resnet32v1	cifar10	4.428347	50000	10000	1.0	20180309:082832	20180309:085147	1	100.466268	92.481685	1.14095224609375	0.64228	1.3968102882385254	0.611	checkpoint_epochs=False,num_classes=10,subtract_pixel_mean=True,epochs=15,version=1,batch_size=32,data_augmentation=True,n=3	k80:1,fs:nfs:singularity:lustre
taurusi2072	resnet32v1	cifar10	4.428347	50000	10000	1.0	20180309:082832	20180309:085147	2	192.948848	92.509928	0.991725141582489	0.70296	1.1279079793930054	0.6755	checkpoint_epochs=False,num_classes=10,subtract_pixel_mean=True,epochs=15,version=1,batch_size=32,data_augmentation=True,n=3	k80:1,fs:nfs:singularity:lustre
taurusi2072	resnet32v1	cifar10	4.428347	50000	10000	1.0	20180309:082832	20180309:085147	3	285.459757	92.445552	0.9022669749450684	0.7388	1.2701373336791992	0.6354	checkpoint_epochs=False,num_classes=10,subtract_pixel_mean=True,epochs=15,version=1,batch_size=32,data_augmentation=True,n=3	k80:1,fs:nfs:singularity:lustre
taurusi2072	resnet32v1	cifar10	4.428347	50000	10000	1.0	20180309:082832	20180309:085147	4	377.907476	92.442379	0.8435682224082947	0.76154	1.006053865814209	0.7193	checkpoint_epochs=False,num_classes=10,subtract_pixel_mean=True,epochs=15,version=1,batch_size=32,data_augmentation=True,n=3	k80:1,fs:nfs:singularity:lustre
taurusi2072	resnet32v1	cifar10	4.428347	50000	10000	1.0	20180309:082832	20180309:085147	5	470.350757	92.430532	0.7987724374771118	0.77816	0.8553255274772644	0.7632	checkpoint_epochs=False,num_classes=10,subtract_pixel_mean=True,epochs=15,version=1,batch_size=32,data_augmentation=True,n=3	k80:1,fs:nfs:singularity:lustre
taurusi2072	resnet32v1	cifar10	4.428347	50000	10000	1.0	20180309:082832	20180309:085147	6	562.783465	92.508068	0.7661868261146545	0.79052	0.8288179302215576	0.7716	checkpoint_epochs=False,num_classes=10,subtract_pixel_mean=True,epochs=15,version=1,batch_size=32,data_augmentation=True,n=3	k80:1,fs:nfs:singularity:lustre
taurusi2072	resnet32v1	cifar10	4.428347	50000	10000	1.0	20180309:082832	20180309:085147	7	655.293234	92.504909	0.743268277797699	0.80082	1.025239238357544	0.7319	checkpoint_epochs=False,num_classes=10,subtract_pixel_mean=True,epochs=15,version=1,batch_size=32,data_augmentation=True,n=3	k80:1,fs:nfs:singularity:lustre
taurusi2072	resnet32v1	cifar10	4.428347	50000	10000	1.0	20180309:082832	20180309:085147	8	747.799088	92.379169	0.7203181852722168	0.8101	0.9554159729003906	0.7405	checkpoint_epochs=False,num_classes=10,subtract_pixel_mean=True,epochs=15,version=1,batch_size=32,data_augmentation=True,n=3	k80:1,fs:nfs:singularity:lustre
taurusi2072	resnet32v1	cifar10	4.428347	50000	10000	1.0	20180309:082832	20180309:085147	9	840.180451	92.466212	0.7045688695144653	0.81716	0.9004085107803345	0.7559	checkpoint_epochs=False,num_classes=10,subtract_pixel_mean=True,epochs=15,version=1,batch_size=32,data_augmentation=True,n=3	k80:1,fs:nfs:singularity:lustre
taurusi2072	resnet32v1	cifar10	4.428347	50000	10000	1.0	20180309:082832	20180309:085147	10	932.648827	92.378618	0.6874102442932128	0.82566	0.7168848287582398	0.8186	checkpoint_epochs=False,num_classes=10,subtract_pixel_mean=True,epochs=15,version=1,batch_size=32,data_augmentation=True,n=3	k80:1,fs:nfs:singularity:lustre
taurusi2072	resnet32v1	cifar10	4.428347	50000	10000	1.0	20180309:082832	20180309:085147	11	1025.028384	92.460352	0.6688988407897949	0.83098	0.8473711755752563	0.7734	checkpoint_epochs=False,num_classes=10,subtract_pixel_mean=True,epochs=15,version=1,batch_size=32,data_augmentation=True,n=3	k80:1,fs:nfs:singularity:lustre
taurusi2072	resnet32v1	cifar10	4.428347	50000	10000	1.0	20180309:082832	20180309:085147	12	1117.489734	92.458642	0.661290559167862	0.83402	0.782609988117218	0.7982	checkpoint_epochs=False,num_classes=10,subtract_pixel_mean=True,epochs=15,version=1,batch_size=32,data_augmentation=True,n=3	k80:1,fs:nfs:singularity:lustre
taurusi2072	resnet32v1	cifar10	4.428347	50000	10000	1.0	20180309:082832	20180309:085147	13	1209.949313	92.480586	0.6539032256031037	0.83804	0.8214447023391723	0.7957	checkpoint_epochs=False,num_classes=10,subtract_pixel_mean=True,epochs=15,version=1,batch_size=32,data_augmentation=True,n=3	k80:1,fs:nfs:singularity:lustre
taurusi2072	resnet32v1	cifar10	4.428347	50000	10000	1.0	20180309:082832	20180309:085147	14	1302.430799	92.509507	0.6420078862571716	0.84188	0.9197151888847351	0.7757	checkpoint_epochs=False,num_classes=10,subtract_pixel_mean=True,epochs=15,version=1,batch_size=32,data_augmentation=True,n=3	k80:1,fs:nfs:singularity:lustre
taurusi2072	resnet32v1	cifar10	4.434592	50000	10000	1.0	20180309:082832	20180309:085315	0	4.324347	101.896288	1.5292673091506959	0.49046	2.354114737701416	0.4027	n=3,version=1,subtract_pixel_mean=True,data_augmentation=True,num_classes=10,batch_size=32,epochs=15,checkpoint_epochs=False	k80:1,fs:nfs:singularity:lustre
taurusi2072	resnet32v1	cifar10	4.434592	50000	10000	1.0	20180309:082832	20180309:085315	1	106.222478	98.192368	1.14269087184906	0.64364	1.252795742034912	0.6239	n=3,version=1,subtract_pixel_mean=True,data_augmentation=True,num_classes=10,batch_size=32,epochs=15,checkpoint_epochs=False	k80:1,fs:nfs:singularity:lustre
taurusi2072	resnet32v1	cifar10	4.434592	50000	10000	1.0	20180309:082832	20180309:085315	2	204.415857	98.269994	0.9893319569396972	0.70292	1.2382146211624145	0.6466	n=3,version=1,subtract_pixel_mean=True,data_augmentation=True,num_classes=10,batch_size=32,epochs=15,checkpoint_epochs=False	k80:1,fs:nfs:singularity:lustre
taurusi2072	resnet32v1	cifar10	4.434592	50000	10000	1.0	20180309:082832	20180309:085315	3	302.686806	98.312765	0.9068677803993225	0.73498	1.00176124792099	0.728	n=3,version=1,subtract_pixel_mean=True,data_augmentation=True,num_classes=10,batch_size=32,epochs=15,checkpoint_epochs=False	k80:1,fs:nfs:singularity:lustre
taurusi2072	resnet32v1	cifar10	4.434592	50000	10000	1.0	20180309:082832	20180309:085315	4	401.000556	98.242418	0.8404590514945984	0.76234	0.9345385201454163	0.7347	n=3,version=1,subtract_pixel_mean=True,data_augmentation=True,num_classes=10,batch_size=32,epochs=15,checkpoint_epochs=False	k80:1,fs:nfs:singularity:lustre
taurusi2072	resnet32v1	cifar10	4.434592	50000	10000	1.0	20180309:082832	20180309:085315	5	499.243929	98.344814	0.801877224445343	0.7782	1.223776266002655	0.6672	n=3,version=1,subtract_pixel_mean=True,data_augmentation=True,num_classes=10,batch_size=32,epochs=15,checkpoint_epochs=False	k80:1,fs:nfs:singularity:lustre
taurusi2072	resnet32v1	cifar10	4.434592	50000	10000	1.0	20180309:082832	20180309:085315	6	597.589936	98.204496	0.7657801245498658	0.79068	0.8827272263526916	0.754	n=3,version=1,subtract_pixel_mean=True,data_augmentation=True,num_classes=10,batch_size=32,epochs=15,checkpoint_epochs=False	k80:1,fs:nfs:singularity:lustre
taurusi2072	resnet32v1	cifar10	4.434592	50000	10000	1.0	20180309:082832	20180309:085315	7	695.795381	98.237912	0.7393232727432251	0.80432	0.7881152207374573	0.7889	n=3,version=1,subtract_pixel_mean=True,data_augmentation=True,num_classes=10,batch_size=32,epochs=15,checkpoint_epochs=False	k80:1,fs:nfs:singularity:lustre
taurusi2072	resnet32v1	cifar10	4.434592	50000	10000	1.0	20180309:082832	20180309:085315	8	794.034243	98.164002	0.7165696231651306	0.81292	1.0140387570381164	0.7166	n=3,version=1,subtract_pixel_mean=True,data_augmentation=True,num_classes=10,batch_size=32,epochs=15,checkpoint_epochs=False	k80:1,fs:nfs:singularity:lustre
taurusi2072	resnet32v1	cifar10	4.434592	50000	10000	1.0	20180309:082832	20180309:085315	9	892.199962	98.540499	0.7022998312377929	0.81884	1.1374809121131897	0.7084	n=3,version=1,subtract_pixel_mean=True,data_augmentation=True,num_classes=10,batch_size=32,epochs=15,checkpoint_epochs=False	k80:1,fs:nfs:singularity:lustre
taurusi2072	resnet32v1	cifar10	4.434592	50000	10000	1.0	20180309:082832	20180309:085315	10	990.741412	98.461732	0.6856067591667175	0.82852	0.7341670337677002	0.8178	n=3,version=1,subtract_pixel_mean=True,data_augmentation=True,num_classes=10,batch_size=32,epochs=15,checkpoint_epochs=False	k80:1,fs:nfs:singularity:lustre
taurusi2072	resnet32v1	cifar10	4.434592	50000	10000	1.0	20180309:082832	20180309:085315	11	1089.204148	98.275325	0.6701635073661805	0.82948	0.9839559271812439	0.7546	n=3,version=1,subtract_pixel_mean=True,data_augmentation=True,num_classes=10,batch_size=32,epochs=15,checkpoint_epochs=False	k80:1,fs:nfs:singularity:lustre
taurusi2072	resnet32v1	cifar10	4.434592	50000	10000	1.0	20180309:082832	20180309:085315	12	1187.480455	98.372331	0.6600297730445862	0.83652	0.8909743220329285	0.7694	n=3,version=1,subtract_pixel_mean=True,data_augmentation=True,num_classes=10,batch_size=32,epochs=15,checkpoint_epochs=False	k80:1,fs:nfs:singularity:lustre
taurusi2072	resnet32v1	cifar10	4.434592	50000	10000	1.0	20180309:082832	20180309:085315	13	1285.853784	98.37161	0.6481761087226867	0.84056	0.7616576232910156	0.8075	n=3,version=1,subtract_pixel_mean=True,data_augmentation=True,num_classes=10,batch_size=32,epochs=15,checkpoint_epochs=False	k80:1,fs:nfs:singularity:lustre
taurusi2072	resnet32v1	cifar10	4.434592	50000	10000	1.0	20180309:082832	20180309:085315	14	1384.226345	98.993695	0.6382241337490082	0.84504	0.7212614345550538	0.819	n=3,version=1,subtract_pixel_mean=True,data_augmentation=True,num_classes=10,batch_size=32,epochs=15,checkpoint_epochs=False	k80:1,fs:nfs:singularity:lustre
taurusi2072	resnet32v1	cifar10	4.42905	50000	10000	1.0	20180309:082831	20180309:085153	0	4.151427	96.845176	1.5515132216644287	0.48838	2.1593201900482177	0.419	num_classes=10,epochs=15,batch_size=32,checkpoint_epochs=False,data_augmentation=True,subtract_pixel_mean=True,version=1,n=3	k80:1,fs:nfs:singularity:lustre
taurusi2072	resnet32v1	cifar10	4.42905	50000	10000	1.0	20180309:082831	20180309:085153	1	100.997505	92.868123	1.1376618268966674	0.64456	1.6643832780838013	0.5588	num_classes=10,epochs=15,batch_size=32,checkpoint_epochs=False,data_augmentation=True,subtract_pixel_mean=True,version=1,n=3	k80:1,fs:nfs:singularity:lustre
taurusi2072	resnet32v1	cifar10	4.42905	50000	10000	1.0	20180309:082831	20180309:085153	2	193.867812	92.918063	0.9839254177093506	0.7026	1.0081064965248108	0.7132	num_classes=10,epochs=15,batch_size=32,checkpoint_epochs=False,data_augmentation=True,subtract_pixel_mean=True,version=1,n=3	k80:1,fs:nfs:singularity:lustre
taurusi2072	resnet32v1	cifar10	4.42905	50000	10000	1.0	20180309:082831	20180309:085153	3	286.786774	92.929072	0.8915689956283569	0.73936	1.0922378414154053	0.6963	num_classes=10,epochs=15,batch_size=32,checkpoint_epochs=False,data_augmentation=True,subtract_pixel_mean=True,version=1,n=3	k80:1,fs:nfs:singularity:lustre
taurusi2072	resnet32v1	cifar10	4.42905	50000	10000	1.0	20180309:082831	20180309:085153	4	379.71675	92.892175	0.8304524852561951	0.76384	0.9573710925102233	0.7366	num_classes=10,epochs=15,batch_size=32,checkpoint_epochs=False,data_augmentation=True,subtract_pixel_mean=True,version=1,n=3	k80:1,fs:nfs:singularity:lustre
taurusi2072	resnet32v1	cifar10	4.42905	50000	10000	1.0	20180309:082831	20180309:085153	5	472.610502	92.813943	0.7927369860458374	0.78004	1.2629768102645873	0.6713	num_classes=10,epochs=15,batch_size=32,checkpoint_epochs=False,data_augmentation=True,subtract_pixel_mean=True,version=1,n=3	k80:1,fs:nfs:singularity:lustre
taurusi2072	resnet32v1	cifar10	4.42905	50000	10000	1.0	20180309:082831	20180309:085153	6	565.425377	93.019695	0.7581861909484864	0.79456	0.8261375175476074	0.7679	num_classes=10,epochs=15,batch_size=32,checkpoint_epochs=False,data_augmentation=True,subtract_pixel_mean=True,version=1,n=3	k80:1,fs:nfs:singularity:lustre
taurusi2072	resnet32v1	cifar10	4.42905	50000	10000	1.0	20180309:082831	20180309:085153	7	658.445977	92.867165	0.7286489391231536	0.80494	1.0805884275436402	0.7039	num_classes=10,epochs=15,batch_size=32,checkpoint_epochs=False,data_augmentation=True,subtract_pixel_mean=True,version=1,n=3	k80:1,fs:nfs:singularity:lustre
taurusi2072	resnet32v1	cifar10	4.42905	50000	10000	1.0	20180309:082831	20180309:085153	8	751.315165	92.870738	0.7103748394203186	0.81246	1.2386362911224365	0.6717	num_classes=10,epochs=15,batch_size=32,checkpoint_epochs=False,data_augmentation=True,subtract_pixel_mean=True,version=1,n=3	k80:1,fs:nfs:singularity:lustre
taurusi2072	resnet32v1	cifar10	4.42905	50000	10000	1.0	20180309:082831	20180309:085153	9	844.186803	92.88455	0.6982953490638732	0.81754	0.9587769452095032	0.7447	num_classes=10,epochs=15,batch_size=32,checkpoint_epochs=False,data_augmentation=True,subtract_pixel_mean=True,version=1,n=3	k80:1,fs:nfs:singularity:lustre
taurusi2072	resnet32v1	cifar10	4.42905	50000	10000	1.0	20180309:082831	20180309:085153	10	937.073261	92.937078	0.6823536018180847	0.82348	0.9341623986244202	0.7459	num_classes=10,epochs=15,batch_size=32,checkpoint_epochs=False,data_augmentation=True,subtract_pixel_mean=True,version=1,n=3	k80:1,fs:nfs:singularity:lustre
taurusi2072	resnet32v1	cifar10	4.42905	50000	10000	1.0	20180309:082831	20180309:085153	11	1030.011245	92.903659	0.666101755027771	0.83042	0.7495983951568603	0.8028	num_classes=10,epochs=15,batch_size=32,checkpoint_epochs=False,data_augmentation=True,subtract_pixel_mean=True,version=1,n=3	k80:1,fs:nfs:singularity:lustre
taurusi2072	resnet32v1	cifar10	4.42905	50000	10000	1.0	20180309:082831	20180309:085153	12	1122.915809	92.916739	0.6499482813835145	0.83718	0.9050309755325318	0.7679	num_classes=10,epochs=15,batch_size=32,checkpoint_epochs=False,data_augmentation=True,subtract_pixel_mean=True,version=1,n=3	k80:1,fs:nfs:singularity:lustre
taurusi2072	resnet32v1	cifar10	4.42905	50000	10000	1.0	20180309:082831	20180309:085153	13	1215.83458	92.951608	0.6409847184371948	0.84238	0.898538402557373	0.7709	num_classes=10,epochs=15,batch_size=32,checkpoint_epochs=False,data_augmentation=True,subtract_pixel_mean=True,version=1,n=3	k80:1,fs:nfs:singularity:lustre
taurusi2072	resnet32v1	cifar10	4.42905	50000	10000	1.0	20180309:082831	20180309:085153	14	1308.787091	93.160096	0.6337701663780212	0.84208	0.904271646976471	0.7697	num_classes=10,epochs=15,batch_size=32,checkpoint_epochs=False,data_augmentation=True,subtract_pixel_mean=True,version=1,n=3	k80:1,fs:nfs:singularity:lustre
taurusi2070	resnet32v1	cifar10	4.436437	50000	10000	1.0	20180309:082831	20180309:085147	0	4.293335	96.170439	1.5289851491928101	0.4885	2.0067600147247315	0.4267	checkpoint_epochs=False,num_classes=10,epochs=15,version=1,n=3,subtract_pixel_mean=True,batch_size=32,data_augmentation=True	k80:1,fs:nfs:singularity:lustre
taurusi2070	resnet32v1	cifar10	4.436437	50000	10000	1.0	20180309:082831	20180309:085147	1	100.465551	92.563699	1.1478553721237184	0.64046	1.0899953908920288	0.6693	checkpoint_epochs=False,num_classes=10,epochs=15,version=1,n=3,subtract_pixel_mean=True,batch_size=32,data_augmentation=True	k80:1,fs:nfs:singularity:lustre
taurusi2070	resnet32v1	cifar10	4.436437	50000	10000	1.0	20180309:082831	20180309:085147	2	193.030227	92.529903	0.9814989153861999	0.70354	1.0193762441635132	0.6952	checkpoint_epochs=False,num_classes=10,epochs=15,version=1,n=3,subtract_pixel_mean=True,batch_size=32,data_augmentation=True	k80:1,fs:nfs:singularity:lustre
taurusi2070	resnet32v1	cifar10	4.436437	50000	10000	1.0	20180309:082831	20180309:085147	3	285.561058	92.487194	0.893757672290802	0.74078	1.0815592146873474	0.6913	checkpoint_epochs=False,num_classes=10,epochs=15,version=1,n=3,subtract_pixel_mean=True,batch_size=32,data_augmentation=True	k80:1,fs:nfs:singularity:lustre
taurusi2070	resnet32v1	cifar10	4.436437	50000	10000	1.0	20180309:082831	20180309:085147	4	378.049169	92.499999	0.8332820634269714	0.76482	1.1478577920913697	0.6826	checkpoint_epochs=False,num_classes=10,epochs=15,version=1,n=3,subtract_pixel_mean=True,batch_size=32,data_augmentation=True	k80:1,fs:nfs:singularity:lustre
taurusi2070	resnet32v1	cifar10	4.436437	50000	10000	1.0	20180309:082831	20180309:085147	5	470.550086	92.422953	0.7924344485092163	0.7809	1.0815202142715454	0.708	checkpoint_epochs=False,num_classes=10,epochs=15,version=1,n=3,subtract_pixel_mean=True,batch_size=32,data_augmentation=True	k80:1,fs:nfs:singularity:lustre
taurusi2070	resnet32v1	cifar10	4.436437	50000	10000	1.0	20180309:082831	20180309:085147	6	562.973956	92.396024	0.7578544302749634	0.79452	1.0186693181991577	0.7199	checkpoint_epochs=False,num_classes=10,epochs=15,version=1,n=3,subtract_pixel_mean=True,batch_size=32,data_augmentation=True	k80:1,fs:nfs:singularity:lustre
taurusi2070	resnet32v1	cifar10	4.436437	50000	10000	1.0	20180309:082831	20180309:085147	7	655.370901	92.492962	0.729170906162262	0.80608	0.9444910462379456	0.7514	checkpoint_epochs=False,num_classes=10,epochs=15,version=1,n=3,subtract_pixel_mean=True,batch_size=32,data_augmentation=True	k80:1,fs:nfs:singularity:lustre
taurusi2070	resnet32v1	cifar10	4.436437	50000	10000	1.0	20180309:082831	20180309:085147	8	747.865811	92.491582	0.7146840475654602	0.81188	0.7815018662452697	0.7933	checkpoint_epochs=False,num_classes=10,epochs=15,version=1,n=3,subtract_pixel_mean=True,batch_size=32,data_augmentation=True	k80:1,fs:nfs:singularity:lustre
taurusi2070	resnet32v1	cifar10	4.436437	50000	10000	1.0	20180309:082831	20180309:085147	9	840.358315	92.450127	0.6943622939491272	0.82148	0.953287121963501	0.7508	checkpoint_epochs=False,num_classes=10,epochs=15,version=1,n=3,subtract_pixel_mean=True,batch_size=32,data_augmentation=True	k80:1,fs:nfs:singularity:lustre
taurusi2070	resnet32v1	cifar10	4.436437	50000	10000	1.0	20180309:082831	20180309:085147	10	932.809369	92.460416	0.6802007220458984	0.8244	0.8496112341880798	0.7736	checkpoint_epochs=False,num_classes=10,epochs=15,version=1,n=3,subtract_pixel_mean=True,batch_size=32,data_augmentation=True	k80:1,fs:nfs:singularity:lustre
taurusi2070	resnet32v1	cifar10	4.436437	50000	10000	1.0	20180309:082831	20180309:085147	11	1025.27073	92.453573	0.666884108505249	0.83446	0.8817498002052307	0.7703	checkpoint_epochs=False,num_classes=10,epochs=15,version=1,n=3,subtract_pixel_mean=True,batch_size=32,data_augmentation=True	k80:1,fs:nfs:singularity:lustre
taurusi2070	resnet32v1	cifar10	4.436437	50000	10000	1.0	20180309:082831	20180309:085147	12	1117.726628	92.529906	0.6526418455886841	0.83834	0.8296709668159485	0.7914	checkpoint_epochs=False,num_classes=10,epochs=15,version=1,n=3,subtract_pixel_mean=True,batch_size=32,data_augmentation=True	k80:1,fs:nfs:singularity:lustre
taurusi2070	resnet32v1	cifar10	4.436437	50000	10000	1.0	20180309:082831	20180309:085147	13	1210.258569	92.519797	0.6401596203422546	0.84254	0.7680448905944824	0.8088	checkpoint_epochs=False,num_classes=10,epochs=15,version=1,n=3,subtract_pixel_mean=True,batch_size=32,data_augmentation=True	k80:1,fs:nfs:singularity:lustre
taurusi2070	resnet32v1	cifar10	4.436437	50000	10000	1.0	20180309:082831	20180309:085147	14	1302.780536	92.525546	0.6313485520935058	0.84676	0.8818054307937622	0.7749	checkpoint_epochs=False,num_classes=10,epochs=15,version=1,n=3,subtract_pixel_mean=True,batch_size=32,data_augmentation=True	k80:1,fs:nfs:singularity:lustre
taurusi2070	resnet32v1	cifar10	4.433727	50000	10000	1.0	20180309:082831	20180309:085147	0	4.201058	96.473662	1.5186591841888428	0.49708	1.3958818714141845	0.561	subtract_pixel_mean=True,checkpoint_epochs=False,batch_size=32,epochs=15,version=1,n=3,data_augmentation=True,num_classes=10	k80:1,fs:nfs:singularity:lustre
taurusi2070	resnet32v1	cifar10	4.433727	50000	10000	1.0	20180309:082831	20180309:085147	1	100.675618	92.593636	1.1216495508003235	0.6542	1.1120295439720154	0.6585	subtract_pixel_mean=True,checkpoint_epochs=False,batch_size=32,epochs=15,version=1,n=3,data_augmentation=True,num_classes=10	k80:1,fs:nfs:singularity:lustre
taurusi2070	resnet32v1	cifar10	4.433727	50000	10000	1.0	20180309:082831	20180309:085147	2	193.270922	92.634762	0.9717888388442993	0.71042	1.3828594501495362	0.6051	subtract_pixel_mean=True,checkpoint_epochs=False,batch_size=32,epochs=15,version=1,n=3,data_augmentation=True,num_classes=10	k80:1,fs:nfs:singularity:lustre
taurusi2070	resnet32v1	cifar10	4.433727	50000	10000	1.0	20180309:082831	20180309:085147	3	285.906585	92.542931	0.8944839711761474	0.7402	1.1954549460411072	0.6565	subtract_pixel_mean=True,checkpoint_epochs=False,batch_size=32,epochs=15,version=1,n=3,data_augmentation=True,num_classes=10	k80:1,fs:nfs:singularity:lustre
taurusi2070	resnet32v1	cifar10	4.433727	50000	10000	1.0	20180309:082831	20180309:085147	4	378.45121	92.577413	0.8377731276130677	0.7653	0.9395225958824158	0.735	subtract_pixel_mean=True,checkpoint_epochs=False,batch_size=32,epochs=15,version=1,n=3,data_augmentation=True,num_classes=10	k80:1,fs:nfs:singularity:lustre
taurusi2070	resnet32v1	cifar10	4.433727	50000	10000	1.0	20180309:082831	20180309:085147	5	471.03029	92.519298	0.7977118409538269	0.77754	1.03665961561203	0.704	subtract_pixel_mean=True,checkpoint_epochs=False,batch_size=32,epochs=15,version=1,n=3,data_augmentation=True,num_classes=10	k80:1,fs:nfs:singularity:lustre
taurusi2070	resnet32v1	cifar10	4.433727	50000	10000	1.0	20180309:082831	20180309:085147	6	563.551467	92.473782	0.7635654623985291	0.79132	1.3198854974746703	0.6654	subtract_pixel_mean=True,checkpoint_epochs=False,batch_size=32,epochs=15,version=1,n=3,data_augmentation=True,num_classes=10	k80:1,fs:nfs:singularity:lustre
taurusi2070	resnet32v1	cifar10	4.433727	50000	10000	1.0	20180309:082831	20180309:085147	7	656.026144	92.574723	0.7400080989074707	0.8036	0.8199862564086914	0.7781	subtract_pixel_mean=True,checkpoint_epochs=False,batch_size=32,epochs=15,version=1,n=3,data_augmentation=True,num_classes=10	k80:1,fs:nfs:singularity:lustre
taurusi2070	resnet32v1	cifar10	4.433727	50000	10000	1.0	20180309:082831	20180309:085147	8	748.602704	92.462772	0.7187928497505188	0.81056	0.7247190369606018	0.809	subtract_pixel_mean=True,checkpoint_epochs=False,batch_size=32,epochs=15,version=1,n=3,data_augmentation=True,num_classes=10	k80:1,fs:nfs:singularity:lustre
taurusi2070	resnet32v1	cifar10	4.433727	50000	10000	1.0	20180309:082831	20180309:085147	9	841.066376	92.596682	0.6990730243110657	0.8186	0.8460908761024475	0.7707	subtract_pixel_mean=True,checkpoint_epochs=False,batch_size=32,epochs=15,version=1,n=3,data_augmentation=True,num_classes=10	k80:1,fs:nfs:singularity:lustre
taurusi2070	resnet32v1	cifar10	4.433727	50000	10000	1.0	20180309:082831	20180309:085147	10	933.665225	92.505201	0.6852132300567627	0.82512	0.7553993263244629	0.8079	subtract_pixel_mean=True,checkpoint_epochs=False,batch_size=32,epochs=15,version=1,n=3,data_augmentation=True,num_classes=10	k80:1,fs:nfs:singularity:lustre
taurusi2070	resnet32v1	cifar10	4.433727	50000	10000	1.0	20180309:082831	20180309:085147	11	1026.172468	92.492773	0.6715136050415039	0.83248	0.7263158981323242	0.8186	subtract_pixel_mean=True,checkpoint_epochs=False,batch_size=32,epochs=15,version=1,n=3,data_augmentation=True,num_classes=10	k80:1,fs:nfs:singularity:lustre
taurusi2070	resnet32v1	cifar10	4.433727	50000	10000	1.0	20180309:082831	20180309:085147	12	1118.666142	92.568704	0.6596138977432251	0.8364	0.8243327637672424	0.7965	subtract_pixel_mean=True,checkpoint_epochs=False,batch_size=32,epochs=15,version=1,n=3,data_augmentation=True,num_classes=10	k80:1,fs:nfs:singularity:lustre
taurusi2070	resnet32v1	cifar10	4.433727	50000	10000	1.0	20180309:082831	20180309:085147	13	1211.235873	92.561848	0.646781529045105	0.84086	0.840942589378357	0.7831	subtract_pixel_mean=True,checkpoint_epochs=False,batch_size=32,epochs=15,version=1,n=3,data_augmentation=True,num_classes=10	k80:1,fs:nfs:singularity:lustre
taurusi2070	resnet32v1	cifar10	4.433727	50000	10000	1.0	20180309:082831	20180309:085147	14	1303.799298	92.582718	0.6398248709869385	0.84444	1.196480577659607	0.6975	subtract_pixel_mean=True,checkpoint_epochs=False,batch_size=32,epochs=15,version=1,n=3,data_augmentation=True,num_classes=10	k80:1,fs:nfs:singularity:lustre
taurusi2070	resnet32v1	cifar10	4.437509	50000	10000	1.0	20180309:082831	20180309:085258	0	4.356231	100.944561	1.5103944971466063	0.4961	1.9072726379394531	0.4571	n=3,batch_size=32,data_augmentation=True,num_classes=10,version=1,epochs=15,checkpoint_epochs=False,subtract_pixel_mean=True	k80:1,fs:nfs:singularity:lustre
taurusi2070	resnet32v1	cifar10	4.437509	50000	10000	1.0	20180309:082831	20180309:085258	1	105.301798	97.150013	1.1603571850967407	0.63766	1.2102496467590331	0.6328	n=3,batch_size=32,data_augmentation=True,num_classes=10,version=1,epochs=15,checkpoint_epochs=False,subtract_pixel_mean=True	k80:1,fs:nfs:singularity:lustre
taurusi2070	resnet32v1	cifar10	4.437509	50000	10000	1.0	20180309:082831	20180309:085258	2	202.453328	97.160703	1.0029120798301696	0.69708	1.0856365698814392	0.671	n=3,batch_size=32,data_augmentation=True,num_classes=10,version=1,epochs=15,checkpoint_epochs=False,subtract_pixel_mean=True	k80:1,fs:nfs:singularity:lustre
taurusi2070	resnet32v1	cifar10	4.437509	50000	10000	1.0	20180309:082831	20180309:085258	3	299.615688	97.083352	0.9188940349197388	0.7303	1.0097080918312074	0.7127	n=3,batch_size=32,data_augmentation=True,num_classes=10,version=1,epochs=15,checkpoint_epochs=False,subtract_pixel_mean=True	k80:1,fs:nfs:singularity:lustre
taurusi2070	resnet32v1	cifar10	4.437509	50000	10000	1.0	20180309:082831	20180309:085258	4	396.700035	97.165212	0.8600218989372254	0.75524	0.9405570287704468	0.7428	n=3,batch_size=32,data_augmentation=True,num_classes=10,version=1,epochs=15,checkpoint_epochs=False,subtract_pixel_mean=True	k80:1,fs:nfs:singularity:lustre
taurusi2070	resnet32v1	cifar10	4.437509	50000	10000	1.0	20180309:082831	20180309:085258	5	493.867004	97.226309	0.8166196632385254	0.77216	1.111121750831604	0.6925	n=3,batch_size=32,data_augmentation=True,num_classes=10,version=1,epochs=15,checkpoint_epochs=False,subtract_pixel_mean=True	k80:1,fs:nfs:singularity:lustre
taurusi2070	resnet32v1	cifar10	4.437509	50000	10000	1.0	20180309:082831	20180309:085258	6	591.094981	97.174684	0.7785314528465271	0.78678	0.9057687036514283	0.7627	n=3,batch_size=32,data_augmentation=True,num_classes=10,version=1,epochs=15,checkpoint_epochs=False,subtract_pixel_mean=True	k80:1,fs:nfs:singularity:lustre
taurusi2070	resnet32v1	cifar10	4.437509	50000	10000	1.0	20180309:082831	20180309:085258	7	688.270625	97.277143	0.746973170337677	0.80016	0.830477453136444	0.7732	n=3,batch_size=32,data_augmentation=True,num_classes=10,version=1,epochs=15,checkpoint_epochs=False,subtract_pixel_mean=True	k80:1,fs:nfs:singularity:lustre
taurusi2070	resnet32v1	cifar10	4.437509	50000	10000	1.0	20180309:082831	20180309:085258	8	785.548735	97.24454	0.7303730537033081	0.80678	0.8056518411636353	0.7932	n=3,batch_size=32,data_augmentation=True,num_classes=10,version=1,epochs=15,checkpoint_epochs=False,subtract_pixel_mean=True	k80:1,fs:nfs:singularity:lustre
taurusi2070	resnet32v1	cifar10	4.437509	50000	10000	1.0	20180309:082831	20180309:085258	9	882.794939	97.189975	0.7049827770328522	0.81852	0.9341175853729248	0.7517	n=3,batch_size=32,data_augmentation=True,num_classes=10,version=1,epochs=15,checkpoint_epochs=False,subtract_pixel_mean=True	k80:1,fs:nfs:singularity:lustre
taurusi2070	resnet32v1	cifar10	4.437509	50000	10000	1.0	20180309:082831	20180309:085258	10	979.985876	97.207631	0.6915203688240051	0.82304	0.7122938060760498	0.8152	n=3,batch_size=32,data_augmentation=True,num_classes=10,version=1,epochs=15,checkpoint_epochs=False,subtract_pixel_mean=True	k80:1,fs:nfs:singularity:lustre
taurusi2070	resnet32v1	cifar10	4.437509	50000	10000	1.0	20180309:082831	20180309:085258	11	1077.194537	97.225992	0.6771480249118805	0.82744	0.7657087520599365	0.8046	n=3,batch_size=32,data_augmentation=True,num_classes=10,version=1,epochs=15,checkpoint_epochs=False,subtract_pixel_mean=True	k80:1,fs:nfs:singularity:lustre
taurusi2070	resnet32v1	cifar10	4.437509	50000	10000	1.0	20180309:082831	20180309:085258	12	1174.421489	97.285915	0.6643217626380921	0.83326	0.8771237935066223	0.7675	n=3,batch_size=32,data_augmentation=True,num_classes=10,version=1,epochs=15,checkpoint_epochs=False,subtract_pixel_mean=True	k80:1,fs:nfs:singularity:lustre
taurusi2070	resnet32v1	cifar10	4.437509	50000	10000	1.0	20180309:082831	20180309:085258	13	1271.708366	97.203844	0.651730415058136	0.84068	0.7992160626411438	0.79	n=3,batch_size=32,data_augmentation=True,num_classes=10,version=1,epochs=15,checkpoint_epochs=False,subtract_pixel_mean=True	k80:1,fs:nfs:singularity:lustre
taurusi2070	resnet32v1	cifar10	4.437509	50000	10000	1.0	20180309:082831	20180309:085258	14	1368.913172	97.601135	0.6400314992141724	0.84334	0.7016994537353516	0.8276	n=3,batch_size=32,data_augmentation=True,num_classes=10,version=1,epochs=15,checkpoint_epochs=False,subtract_pixel_mean=True	k80:1,fs:nfs:singularity:lustre
taurusi2070	resnet32v1	cifar10	4.436579	50000	10000	1.0	20180309:082831	20180309:085148	0	4.217159	96.392987	1.505214987487793	0.50364	3.1645496646881104	0.3185	subtract_pixel_mean=True,checkpoint_epochs=False,version=1,data_augmentation=True,epochs=15,n=3,num_classes=10,batch_size=32	k80:1,fs:nfs:singularity:lustre
taurusi2070	resnet32v1	cifar10	4.436579	50000	10000	1.0	20180309:082831	20180309:085148	1	100.612135	92.662357	1.1418611854171752	0.64052	1.7682559967041016	0.4904	subtract_pixel_mean=True,checkpoint_epochs=False,version=1,data_augmentation=True,epochs=15,n=3,num_classes=10,batch_size=32	k80:1,fs:nfs:singularity:lustre
taurusi2070	resnet32v1	cifar10	4.436579	50000	10000	1.0	20180309:082831	20180309:085148	2	193.275436	92.577478	0.9796353489112855	0.70622	1.0162219814300537	0.693	subtract_pixel_mean=True,checkpoint_epochs=False,version=1,data_augmentation=True,epochs=15,n=3,num_classes=10,batch_size=32	k80:1,fs:nfs:singularity:lustre
taurusi2070	resnet32v1	cifar10	4.436579	50000	10000	1.0	20180309:082831	20180309:085148	3	285.855074	92.634798	0.8986037232780456	0.73748	1.6692284921646119	0.5633	subtract_pixel_mean=True,checkpoint_epochs=False,version=1,data_augmentation=True,epochs=15,n=3,num_classes=10,batch_size=32	k80:1,fs:nfs:singularity:lustre
taurusi2070	resnet32v1	cifar10	4.436579	50000	10000	1.0	20180309:082831	20180309:085148	4	378.49179	92.728695	0.8371811987113953	0.76164	1.1345015201568605	0.6936	subtract_pixel_mean=True,checkpoint_epochs=False,version=1,data_augmentation=True,epochs=15,n=3,num_classes=10,batch_size=32	k80:1,fs:nfs:singularity:lustre
taurusi2070	resnet32v1	cifar10	4.436579	50000	10000	1.0	20180309:082831	20180309:085148	5	471.222523	92.601669	0.7915497784423828	0.77994	1.065902900981903	0.7055	subtract_pixel_mean=True,checkpoint_epochs=False,version=1,data_augmentation=True,epochs=15,n=3,num_classes=10,batch_size=32	k80:1,fs:nfs:singularity:lustre
taurusi2070	resnet32v1	cifar10	4.436579	50000	10000	1.0	20180309:082831	20180309:085148	6	563.825133	92.539071	0.7629431484413147	0.7923	0.9382826566696167	0.7422	subtract_pixel_mean=True,checkpoint_epochs=False,version=1,data_augmentation=True,epochs=15,n=3,num_classes=10,batch_size=32	k80:1,fs:nfs:singularity:lustre
taurusi2070	resnet32v1	cifar10	4.436579	50000	10000	1.0	20180309:082831	20180309:085148	7	656.3651	92.59412	0.7324571269798279	0.80296	0.8900079279899598	0.7567	subtract_pixel_mean=True,checkpoint_epochs=False,version=1,data_augmentation=True,epochs=15,n=3,num_classes=10,batch_size=32	k80:1,fs:nfs:singularity:lustre
taurusi2070	resnet32v1	cifar10	4.436579	50000	10000	1.0	20180309:082831	20180309:085148	8	748.960881	92.642679	0.7104313903236389	0.8135	0.9308963328361511	0.7408	subtract_pixel_mean=True,checkpoint_epochs=False,version=1,data_augmentation=True,epochs=15,n=3,num_classes=10,batch_size=32	k80:1,fs:nfs:singularity:lustre
taurusi2070	resnet32v1	cifar10	4.436579	50000	10000	1.0	20180309:082831	20180309:085148	9	841.605726	92.464314	0.6982769996643067	0.81888	0.9545959303855897	0.752	subtract_pixel_mean=True,checkpoint_epochs=False,version=1,data_augmentation=True,epochs=15,n=3,num_classes=10,batch_size=32	k80:1,fs:nfs:singularity:lustre
taurusi2070	resnet32v1	cifar10	4.436579	50000	10000	1.0	20180309:082831	20180309:085148	10	934.071948	92.643961	0.6789565696144104	0.82604	1.032565031528473	0.7263	subtract_pixel_mean=True,checkpoint_epochs=False,version=1,data_augmentation=True,epochs=15,n=3,num_classes=10,batch_size=32	k80:1,fs:nfs:singularity:lustre
taurusi2070	resnet32v1	cifar10	4.436579	50000	10000	1.0	20180309:082831	20180309:085148	11	1026.716802	92.523705	0.6696506854629517	0.8299	0.9548587514877319	0.749	subtract_pixel_mean=True,checkpoint_epochs=False,version=1,data_augmentation=True,epochs=15,n=3,num_classes=10,batch_size=32	k80:1,fs:nfs:singularity:lustre
taurusi2070	resnet32v1	cifar10	4.436579	50000	10000	1.0	20180309:082831	20180309:085148	12	1119.242694	92.597118	0.6534442714500427	0.83574	0.7898979422569274	0.8004	subtract_pixel_mean=True,checkpoint_epochs=False,version=1,data_augmentation=True,epochs=15,n=3,num_classes=10,batch_size=32	k80:1,fs:nfs:singularity:lustre
taurusi2070	resnet32v1	cifar10	4.436579	50000	10000	1.0	20180309:082831	20180309:085148	13	1211.840751	92.544878	0.6462003750419617	0.84032	0.8055179628372192	0.7969	subtract_pixel_mean=True,checkpoint_epochs=False,version=1,data_augmentation=True,epochs=15,n=3,num_classes=10,batch_size=32	k80:1,fs:nfs:singularity:lustre
taurusi2070	resnet32v1	cifar10	4.436579	50000	10000	1.0	20180309:082831	20180309:085148	14	1304.38657	92.860233	0.6327242103385925	0.84416	0.8269654656410217	0.7874	subtract_pixel_mean=True,checkpoint_epochs=False,version=1,data_augmentation=True,epochs=15,n=3,num_classes=10,batch_size=32	k80:1,fs:nfs:singularity:lustre
taurusi2069	resnet32v1	cifar10	4.414307	50000	10000	1.0	20180309:082832	20180309:085145	0	4.355171	95.985617	1.5392237828063964	0.4851	1.7761583833694459	0.4814	epochs=15,num_classes=10,subtract_pixel_mean=True,version=1,checkpoint_epochs=False,n=3,batch_size=32,data_augmentation=True	k80:1,fs:nfs:singularity:lustre
taurusi2069	resnet32v1	cifar10	4.414307	50000	10000	1.0	20180309:082832	20180309:085145	1	100.341721	92.302651	1.1570459716415404	0.63684	1.465282011795044	0.5814	epochs=15,num_classes=10,subtract_pixel_mean=True,version=1,checkpoint_epochs=False,n=3,batch_size=32,data_augmentation=True	k80:1,fs:nfs:singularity:lustre
taurusi2069	resnet32v1	cifar10	4.414307	50000	10000	1.0	20180309:082832	20180309:085145	2	192.6453	92.356146	0.9994579455757141	0.69954	1.0260261638641357	0.6938	epochs=15,num_classes=10,subtract_pixel_mean=True,version=1,checkpoint_epochs=False,n=3,batch_size=32,data_augmentation=True	k80:1,fs:nfs:singularity:lustre
taurusi2069	resnet32v1	cifar10	4.414307	50000	10000	1.0	20180309:082832	20180309:085145	3	285.002376	92.365438	0.9086375045013427	0.73594	0.8578080700874329	0.7555	epochs=15,num_classes=10,subtract_pixel_mean=True,version=1,checkpoint_epochs=False,n=3,batch_size=32,data_augmentation=True	k80:1,fs:nfs:singularity:lustre
taurusi2069	resnet32v1	cifar10	4.414307	50000	10000	1.0	20180309:082832	20180309:085145	4	377.368746	92.375	0.8423364134216309	0.76026	0.9734531332015991	0.7272	epochs=15,num_classes=10,subtract_pixel_mean=True,version=1,checkpoint_epochs=False,n=3,batch_size=32,data_augmentation=True	k80:1,fs:nfs:singularity:lustre
taurusi2069	resnet32v1	cifar10	4.414307	50000	10000	1.0	20180309:082832	20180309:085145	5	469.744673	92.303406	0.7961694800281525	0.77834	0.9394198941230774	0.7474	epochs=15,num_classes=10,subtract_pixel_mean=True,version=1,checkpoint_epochs=False,n=3,batch_size=32,data_augmentation=True	k80:1,fs:nfs:singularity:lustre
taurusi2069	resnet32v1	cifar10	4.414307	50000	10000	1.0	20180309:082832	20180309:085145	6	562.049048	92.261513	0.7622871603584289	0.79408	0.9164912759780883	0.7492	epochs=15,num_classes=10,subtract_pixel_mean=True,version=1,checkpoint_epochs=False,n=3,batch_size=32,data_augmentation=True	k80:1,fs:nfs:singularity:lustre
taurusi2069	resnet32v1	cifar10	4.414307	50000	10000	1.0	20180309:082832	20180309:085145	7	654.31277	92.297077	0.7330203224182129	0.80606	0.9828554035186767	0.7309	epochs=15,num_classes=10,subtract_pixel_mean=True,version=1,checkpoint_epochs=False,n=3,batch_size=32,data_augmentation=True	k80:1,fs:nfs:singularity:lustre
taurusi2069	resnet32v1	cifar10	4.414307	50000	10000	1.0	20180309:082832	20180309:085145	8	746.61081	92.335318	0.714065385684967	0.81112	1.0977081789016723	0.6944	epochs=15,num_classes=10,subtract_pixel_mean=True,version=1,checkpoint_epochs=False,n=3,batch_size=32,data_augmentation=True	k80:1,fs:nfs:singularity:lustre
taurusi2069	resnet32v1	cifar10	4.414307	50000	10000	1.0	20180309:082832	20180309:085145	9	838.948164	92.353542	0.6923091597938538	0.82046	0.8189836902618408	0.7891	epochs=15,num_classes=10,subtract_pixel_mean=True,version=1,checkpoint_epochs=False,n=3,batch_size=32,data_augmentation=True	k80:1,fs:nfs:singularity:lustre
taurusi2069	resnet32v1	cifar10	4.414307	50000	10000	1.0	20180309:082832	20180309:085145	10	931.30265	92.350549	0.6789936119651795	0.82722	0.9185481214523316	0.7675	epochs=15,num_classes=10,subtract_pixel_mean=True,version=1,checkpoint_epochs=False,n=3,batch_size=32,data_augmentation=True	k80:1,fs:nfs:singularity:lustre
taurusi2069	resnet32v1	cifar10	4.414307	50000	10000	1.0	20180309:082832	20180309:085145	11	1023.654734	92.267411	0.6658033247756958	0.83176	0.9281519993782044	0.7666	epochs=15,num_classes=10,subtract_pixel_mean=True,version=1,checkpoint_epochs=False,n=3,batch_size=32,data_augmentation=True	k80:1,fs:nfs:singularity:lustre
taurusi2069	resnet32v1	cifar10	4.414307	50000	10000	1.0	20180309:082832	20180309:085145	12	1115.923072	92.261614	0.6513820588302612	0.83826	1.011266829109192	0.7383	epochs=15,num_classes=10,subtract_pixel_mean=True,version=1,checkpoint_epochs=False,n=3,batch_size=32,data_augmentation=True	k80:1,fs:nfs:singularity:lustre
taurusi2069	resnet32v1	cifar10	4.414307	50000	10000	1.0	20180309:082832	20180309:085145	13	1208.186383	92.36482	0.6406969934082031	0.84376	0.9789147630691528	0.7593	epochs=15,num_classes=10,subtract_pixel_mean=True,version=1,checkpoint_epochs=False,n=3,batch_size=32,data_augmentation=True	k80:1,fs:nfs:singularity:lustre
taurusi2069	resnet32v1	cifar10	4.414307	50000	10000	1.0	20180309:082832	20180309:085145	14	1300.552125	92.483072	0.6324939517784118	0.84564	0.9521146752357483	0.7544	epochs=15,num_classes=10,subtract_pixel_mean=True,version=1,checkpoint_epochs=False,n=3,batch_size=32,data_augmentation=True	k80:1,fs:nfs:singularity:lustre
taurusi2069	resnet32v1	cifar10	4.409108	50000	10000	1.0	20180309:082832	20180309:085145	0	4.303912	96.0447	1.525509835395813	0.49322	1.3684824713706971	0.5762	data_augmentation=True,version=1,checkpoint_epochs=False,batch_size=32,subtract_pixel_mean=True,n=3,epochs=15,num_classes=10	k80:1,fs:nfs:singularity:lustre
taurusi2069	resnet32v1	cifar10	4.409108	50000	10000	1.0	20180309:082832	20180309:085145	1	100.350755	92.366834	1.133645911254883	0.64498	1.5606625658035278	0.5508	data_augmentation=True,version=1,checkpoint_epochs=False,batch_size=32,subtract_pixel_mean=True,n=3,epochs=15,num_classes=10	k80:1,fs:nfs:singularity:lustre
taurusi2069	resnet32v1	cifar10	4.409108	50000	10000	1.0	20180309:082832	20180309:085145	2	192.719278	92.348663	0.9823439706611633	0.70622	1.5576314682006835	0.5788	data_augmentation=True,version=1,checkpoint_epochs=False,batch_size=32,subtract_pixel_mean=True,n=3,epochs=15,num_classes=10	k80:1,fs:nfs:singularity:lustre
taurusi2069	resnet32v1	cifar10	4.409108	50000	10000	1.0	20180309:082832	20180309:085145	3	285.069713	92.400464	0.8992624918937683	0.73882	0.9912133796691894	0.715	data_augmentation=True,version=1,checkpoint_epochs=False,batch_size=32,subtract_pixel_mean=True,n=3,epochs=15,num_classes=10	k80:1,fs:nfs:singularity:lustre
taurusi2069	resnet32v1	cifar10	4.409108	50000	10000	1.0	20180309:082832	20180309:085145	4	377.472357	92.314379	0.8480666885757446	0.761	2.1343931596755983	0.532	data_augmentation=True,version=1,checkpoint_epochs=False,batch_size=32,subtract_pixel_mean=True,n=3,epochs=15,num_classes=10	k80:1,fs:nfs:singularity:lustre
taurusi2069	resnet32v1	cifar10	4.409108	50000	10000	1.0	20180309:082832	20180309:085145	5	469.787637	92.349386	0.8041220068740845	0.7757	1.022115300655365	0.7237	data_augmentation=True,version=1,checkpoint_epochs=False,batch_size=32,subtract_pixel_mean=True,n=3,epochs=15,num_classes=10	k80:1,fs:nfs:singularity:lustre
taurusi2069	resnet32v1	cifar10	4.409108	50000	10000	1.0	20180309:082832	20180309:085145	6	562.137937	92.276374	0.7716775223731994	0.78936	1.0287936023712159	0.7149	data_augmentation=True,version=1,checkpoint_epochs=False,batch_size=32,subtract_pixel_mean=True,n=3,epochs=15,num_classes=10	k80:1,fs:nfs:singularity:lustre
taurusi2069	resnet32v1	cifar10	4.409108	50000	10000	1.0	20180309:082832	20180309:085145	7	654.415215	92.281419	0.7481804951858521	0.8011	0.8347095046043396	0.7758	data_augmentation=True,version=1,checkpoint_epochs=False,batch_size=32,subtract_pixel_mean=True,n=3,epochs=15,num_classes=10	k80:1,fs:nfs:singularity:lustre
taurusi2069	resnet32v1	cifar10	4.409108	50000	10000	1.0	20180309:082832	20180309:085145	8	746.697541	92.309422	0.7220983365535736	0.80972	0.8192716515541076	0.7829	data_augmentation=True,version=1,checkpoint_epochs=False,batch_size=32,subtract_pixel_mean=True,n=3,epochs=15,num_classes=10	k80:1,fs:nfs:singularity:lustre
taurusi2069	resnet32v1	cifar10	4.409108	50000	10000	1.0	20180309:082832	20180309:085145	9	839.007883	92.260404	0.7011267358112335	0.81922	0.8204086792945862	0.785	data_augmentation=True,version=1,checkpoint_epochs=False,batch_size=32,subtract_pixel_mean=True,n=3,epochs=15,num_classes=10	k80:1,fs:nfs:singularity:lustre
taurusi2069	resnet32v1	cifar10	4.409108	50000	10000	1.0	20180309:082832	20180309:085145	10	931.270241	92.367099	0.6901221879577637	0.8222	1.0156311449050903	0.7416	data_augmentation=True,version=1,checkpoint_epochs=False,batch_size=32,subtract_pixel_mean=True,n=3,epochs=15,num_classes=10	k80:1,fs:nfs:singularity:lustre
taurusi2069	resnet32v1	cifar10	4.409108	50000	10000	1.0	20180309:082832	20180309:085145	11	1023.639001	92.366208	0.6774164622306824	0.82812	0.7821136266708374	0.8014	data_augmentation=True,version=1,checkpoint_epochs=False,batch_size=32,subtract_pixel_mean=True,n=3,epochs=15,num_classes=10	k80:1,fs:nfs:singularity:lustre
taurusi2069	resnet32v1	cifar10	4.409108	50000	10000	1.0	20180309:082832	20180309:085145	12	1116.006109	92.258211	0.6583734758090973	0.83532	0.8612050814628601	0.7781	data_augmentation=True,version=1,checkpoint_epochs=False,batch_size=32,subtract_pixel_mean=True,n=3,epochs=15,num_classes=10	k80:1,fs:nfs:singularity:lustre
taurusi2069	resnet32v1	cifar10	4.409108	50000	10000	1.0	20180309:082832	20180309:085145	13	1208.266269	92.391119	0.6550195272827148	0.83782	0.739350152873993	0.815	data_augmentation=True,version=1,checkpoint_epochs=False,batch_size=32,subtract_pixel_mean=True,n=3,epochs=15,num_classes=10	k80:1,fs:nfs:singularity:lustre
taurusi2069	resnet32v1	cifar10	4.409108	50000	10000	1.0	20180309:082832	20180309:085145	14	1300.658964	92.393778	0.642225411643982	0.84304	0.7652767193794251	0.8168	data_augmentation=True,version=1,checkpoint_epochs=False,batch_size=32,subtract_pixel_mean=True,n=3,epochs=15,num_classes=10	k80:1,fs:nfs:singularity:lustre
taurusi2069	resnet32v1	cifar10	4.412839	50000	10000	1.0	20180309:082832	20180309:085259	0	4.330333	100.818589	1.5237541829299928	0.49196	1.915335657119751	0.4308	batch_size=32,version=1,data_augmentation=True,subtract_pixel_mean=True,n=3,num_classes=10,checkpoint_epochs=False,epochs=15	k80:1,fs:nfs:singularity:lustre
taurusi2069	resnet32v1	cifar10	4.412839	50000	10000	1.0	20180309:082832	20180309:085259	1	105.149884	97.329007	1.1417302945327759	0.64562	1.105045754146576	0.6722	batch_size=32,version=1,data_augmentation=True,subtract_pixel_mean=True,n=3,num_classes=10,checkpoint_epochs=False,epochs=15	k80:1,fs:nfs:singularity:lustre
taurusi2069	resnet32v1	cifar10	4.412839	50000	10000	1.0	20180309:082832	20180309:085259	2	202.47989	97.371144	0.9934329712486267	0.70272	1.248694014930725	0.6423	batch_size=32,version=1,data_augmentation=True,subtract_pixel_mean=True,n=3,num_classes=10,checkpoint_epochs=False,epochs=15	k80:1,fs:nfs:singularity:lustre
taurusi2069	resnet32v1	cifar10	4.412839	50000	10000	1.0	20180309:082832	20180309:085259	3	299.851987	97.163217	0.9135628990745545	0.73544	0.9797746732711792	0.7134	batch_size=32,version=1,data_augmentation=True,subtract_pixel_mean=True,n=3,num_classes=10,checkpoint_epochs=False,epochs=15	k80:1,fs:nfs:singularity:lustre
taurusi2069	resnet32v1	cifar10	4.412839	50000	10000	1.0	20180309:082832	20180309:085259	4	397.01616	97.286553	0.8547932421875	0.7569	1.1467601222991943	0.6908	batch_size=32,version=1,data_augmentation=True,subtract_pixel_mean=True,n=3,num_classes=10,checkpoint_epochs=False,epochs=15	k80:1,fs:nfs:singularity:lustre
taurusi2069	resnet32v1	cifar10	4.412839	50000	10000	1.0	20180309:082832	20180309:085259	5	494.304282	97.365103	0.8085513751411438	0.77628	1.1448005950927735	0.691	batch_size=32,version=1,data_augmentation=True,subtract_pixel_mean=True,n=3,num_classes=10,checkpoint_epochs=False,epochs=15	k80:1,fs:nfs:singularity:lustre
taurusi2069	resnet32v1	cifar10	4.412839	50000	10000	1.0	20180309:082832	20180309:085259	6	591.670334	97.281042	0.7803541311264038	0.7869	0.847815765285492	0.7694	batch_size=32,version=1,data_augmentation=True,subtract_pixel_mean=True,n=3,num_classes=10,checkpoint_epochs=False,epochs=15	k80:1,fs:nfs:singularity:lustre
taurusi2069	resnet32v1	cifar10	4.412839	50000	10000	1.0	20180309:082832	20180309:085259	7	688.952954	97.25627	0.7534955067825317	0.79858	0.7536387134552002	0.8026	batch_size=32,version=1,data_augmentation=True,subtract_pixel_mean=True,n=3,num_classes=10,checkpoint_epochs=False,epochs=15	k80:1,fs:nfs:singularity:lustre
taurusi2069	resnet32v1	cifar10	4.412839	50000	10000	1.0	20180309:082832	20180309:085259	8	786.210173	97.126356	0.7241977528381348	0.81256	1.0706768069267274	0.7228	batch_size=32,version=1,data_augmentation=True,subtract_pixel_mean=True,n=3,num_classes=10,checkpoint_epochs=False,epochs=15	k80:1,fs:nfs:singularity:lustre
taurusi2069	resnet32v1	cifar10	4.412839	50000	10000	1.0	20180309:082832	20180309:085259	9	883.337486	97.376584	0.7104634716796875	0.8167	0.8323294102668762	0.7891	batch_size=32,version=1,data_augmentation=True,subtract_pixel_mean=True,n=3,num_classes=10,checkpoint_epochs=False,epochs=15	k80:1,fs:nfs:singularity:lustre
taurusi2069	resnet32v1	cifar10	4.412839	50000	10000	1.0	20180309:082832	20180309:085259	10	980.715023	97.24704	0.6960129243087768	0.8217	0.8027763360023499	0.7941	batch_size=32,version=1,data_augmentation=True,subtract_pixel_mean=True,n=3,num_classes=10,checkpoint_epochs=False,epochs=15	k80:1,fs:nfs:singularity:lustre
taurusi2069	resnet32v1	cifar10	4.412839	50000	10000	1.0	20180309:082832	20180309:085259	11	1077.963017	97.296594	0.6778432106018066	0.83162	0.8312603981018066	0.7826	batch_size=32,version=1,data_augmentation=True,subtract_pixel_mean=True,n=3,num_classes=10,checkpoint_epochs=False,epochs=15	k80:1,fs:nfs:singularity:lustre
taurusi2069	resnet32v1	cifar10	4.412839	50000	10000	1.0	20180309:082832	20180309:085259	12	1175.260561	97.188119	0.6646909140014648	0.83448	0.7743827884674073	0.8037	batch_size=32,version=1,data_augmentation=True,subtract_pixel_mean=True,n=3,num_classes=10,checkpoint_epochs=False,epochs=15	k80:1,fs:nfs:singularity:lustre
taurusi2069	resnet32v1	cifar10	4.412839	50000	10000	1.0	20180309:082832	20180309:085259	13	1272.44963	97.177653	0.654100348072052	0.83804	0.7260775964736939	0.8154	batch_size=32,version=1,data_augmentation=True,subtract_pixel_mean=True,n=3,num_classes=10,checkpoint_epochs=False,epochs=15	k80:1,fs:nfs:singularity:lustre
taurusi2069	resnet32v1	cifar10	4.412839	50000	10000	1.0	20180309:082832	20180309:085259	14	1369.628284	97.588485	0.6425239554977417	0.84336	0.9248716402053833	0.757	batch_size=32,version=1,data_augmentation=True,subtract_pixel_mean=True,n=3,num_classes=10,checkpoint_epochs=False,epochs=15	k80:1,fs:nfs:singularity:lustre
taurusi2069	resnet32v1	cifar10	4.412498	50000	10000	1.0	20180309:082832	20180309:085142	0	4.237905	95.68523	1.5147496133041383	0.50106	1.3875124628067017	0.5786	checkpoint_epochs=False,num_classes=10,batch_size=32,subtract_pixel_mean=True,n=3,epochs=15,version=1,data_augmentation=True	k80:1,fs:nfs:singularity:lustre
taurusi2069	resnet32v1	cifar10	4.412498	50000	10000	1.0	20180309:082832	20180309:085142	1	99.924928	92.163874	1.109814394454956	0.6569	2.4256148571014404	0.4523	checkpoint_epochs=False,num_classes=10,batch_size=32,subtract_pixel_mean=True,n=3,epochs=15,version=1,data_augmentation=True	k80:1,fs:nfs:singularity:lustre
taurusi2069	resnet32v1	cifar10	4.412498	50000	10000	1.0	20180309:082832	20180309:085142	2	192.091045	92.142733	0.9686134660339355	0.71212	0.9274400251388549	0.7289	checkpoint_epochs=False,num_classes=10,batch_size=32,subtract_pixel_mean=True,n=3,epochs=15,version=1,data_augmentation=True	k80:1,fs:nfs:singularity:lustre
taurusi2069	resnet32v1	cifar10	4.412498	50000	10000	1.0	20180309:082832	20180309:085142	3	284.235697	92.163335	0.8904649306106568	0.74308	1.1136071342468261	0.6942	checkpoint_epochs=False,num_classes=10,batch_size=32,subtract_pixel_mean=True,n=3,epochs=15,version=1,data_augmentation=True	k80:1,fs:nfs:singularity:lustre
taurusi2069	resnet32v1	cifar10	4.412498	50000	10000	1.0	20180309:082832	20180309:085142	4	376.399953	92.164747	0.8332033944129944	0.7648	0.9548666489601135	0.7265	checkpoint_epochs=False,num_classes=10,batch_size=32,subtract_pixel_mean=True,n=3,epochs=15,version=1,data_augmentation=True	k80:1,fs:nfs:singularity:lustre
taurusi2069	resnet32v1	cifar10	4.412498	50000	10000	1.0	20180309:082832	20180309:085142	5	468.5668	92.181891	0.7909596970176697	0.78276	0.9161228790283203	0.7428	checkpoint_epochs=False,num_classes=10,batch_size=32,subtract_pixel_mean=True,n=3,epochs=15,version=1,data_augmentation=True	k80:1,fs:nfs:singularity:lustre
taurusi2069	resnet32v1	cifar10	4.412498	50000	10000	1.0	20180309:082832	20180309:085142	6	560.749615	92.133944	0.757537991771698	0.7939	0.868758584690094	0.7625	checkpoint_epochs=False,num_classes=10,batch_size=32,subtract_pixel_mean=True,n=3,epochs=15,version=1,data_augmentation=True	k80:1,fs:nfs:singularity:lustre
taurusi2069	resnet32v1	cifar10	4.412498	50000	10000	1.0	20180309:082832	20180309:085142	7	652.885396	92.178612	0.7353928553199768	0.80422	0.819370201587677	0.7786	checkpoint_epochs=False,num_classes=10,batch_size=32,subtract_pixel_mean=True,n=3,epochs=15,version=1,data_augmentation=True	k80:1,fs:nfs:singularity:lustre
taurusi2069	resnet32v1	cifar10	4.412498	50000	10000	1.0	20180309:082832	20180309:085142	8	745.065894	92.194262	0.7149921262168885	0.81242	0.865411921787262	0.7659	checkpoint_epochs=False,num_classes=10,batch_size=32,subtract_pixel_mean=True,n=3,epochs=15,version=1,data_augmentation=True	k80:1,fs:nfs:singularity:lustre
taurusi2069	resnet32v1	cifar10	4.412498	50000	10000	1.0	20180309:082832	20180309:085142	9	837.261057	92.097036	0.6953414232444763	0.81934	0.9359371492385864	0.7536	checkpoint_epochs=False,num_classes=10,batch_size=32,subtract_pixel_mean=True,n=3,epochs=15,version=1,data_augmentation=True	k80:1,fs:nfs:singularity:lustre
taurusi2069	resnet32v1	cifar10	4.412498	50000	10000	1.0	20180309:082832	20180309:085142	10	929.358998	92.194485	0.6803940315055848	0.82664	0.9661652828216553	0.7446	checkpoint_epochs=False,num_classes=10,batch_size=32,subtract_pixel_mean=True,n=3,epochs=15,version=1,data_augmentation=True	k80:1,fs:nfs:singularity:lustre
taurusi2069	resnet32v1	cifar10	4.412498	50000	10000	1.0	20180309:082832	20180309:085142	11	1021.555423	92.120664	0.6671431059074402	0.83334	1.000793992614746	0.7439	checkpoint_epochs=False,num_classes=10,batch_size=32,subtract_pixel_mean=True,n=3,epochs=15,version=1,data_augmentation=True	k80:1,fs:nfs:singularity:lustre
taurusi2069	resnet32v1	cifar10	4.412498	50000	10000	1.0	20180309:082832	20180309:085142	12	1113.678319	92.091275	0.6529436078643799	0.83768	0.9441777838706971	0.7486	checkpoint_epochs=False,num_classes=10,batch_size=32,subtract_pixel_mean=True,n=3,epochs=15,version=1,data_augmentation=True	k80:1,fs:nfs:singularity:lustre
taurusi2069	resnet32v1	cifar10	4.412498	50000	10000	1.0	20180309:082832	20180309:085142	13	1205.770547	92.128595	0.6443156966876984	0.84184	0.7350469832420349	0.8104	checkpoint_epochs=False,num_classes=10,batch_size=32,subtract_pixel_mean=True,n=3,epochs=15,version=1,data_augmentation=True	k80:1,fs:nfs:singularity:lustre
taurusi2069	resnet32v1	cifar10	4.412498	50000	10000	1.0	20180309:082832	20180309:085142	14	1297.90009	92.16874	0.6362898985099793	0.84472	0.9783021760940551	0.7491	checkpoint_epochs=False,num_classes=10,batch_size=32,subtract_pixel_mean=True,n=3,epochs=15,version=1,data_augmentation=True	k80:1,fs:nfs:singularity:lustre
taurusi2068	resnet32v1	cifar10	4.618296	50000	10000	1.0	20180309:082830	20180309:085156	0	4.300187	96.522366	1.5308887305831909	0.49036	1.2975195064544678	0.5797	num_classes=10,checkpoint_epochs=False,version=1,subtract_pixel_mean=True,epochs=15,batch_size=32,data_augmentation=True,n=3	k80:1,fs:nfs:singularity:lustre
taurusi2068	resnet32v1	cifar10	4.618296	50000	10000	1.0	20180309:082830	20180309:085156	1	100.823807	93.268341	1.1493292261123658	0.63954	1.3673329931259155	0.5798	num_classes=10,checkpoint_epochs=False,version=1,subtract_pixel_mean=True,epochs=15,batch_size=32,data_augmentation=True,n=3	k80:1,fs:nfs:singularity:lustre
taurusi2068	resnet32v1	cifar10	4.618296	50000	10000	1.0	20180309:082830	20180309:085156	2	194.093408	93.268497	1.0004267724800109	0.69994	1.04995497341156	0.6844	num_classes=10,checkpoint_epochs=False,version=1,subtract_pixel_mean=True,epochs=15,batch_size=32,data_augmentation=True,n=3	k80:1,fs:nfs:singularity:lustre
taurusi2068	resnet32v1	cifar10	4.618296	50000	10000	1.0	20180309:082830	20180309:085156	3	287.363191	93.207435	0.9116025590705872	0.73636	1.1660990500450135	0.6624	num_classes=10,checkpoint_epochs=False,version=1,subtract_pixel_mean=True,epochs=15,batch_size=32,data_augmentation=True,n=3	k80:1,fs:nfs:singularity:lustre
taurusi2068	resnet32v1	cifar10	4.618296	50000	10000	1.0	20180309:082830	20180309:085156	4	380.572228	93.344076	0.8532635850334167	0.75756	0.8989326083183289	0.7436	num_classes=10,checkpoint_epochs=False,version=1,subtract_pixel_mean=True,epochs=15,batch_size=32,data_augmentation=True,n=3	k80:1,fs:nfs:singularity:lustre
taurusi2068	resnet32v1	cifar10	4.618296	50000	10000	1.0	20180309:082830	20180309:085156	5	473.917583	93.339145	0.81254950963974	0.77562	0.8705764340400696	0.7631	num_classes=10,checkpoint_epochs=False,version=1,subtract_pixel_mean=True,epochs=15,batch_size=32,data_augmentation=True,n=3	k80:1,fs:nfs:singularity:lustre
taurusi2068	resnet32v1	cifar10	4.618296	50000	10000	1.0	20180309:082830	20180309:085156	6	567.258739	93.286884	0.7793728309822082	0.78788	0.9486473287582398	0.7452	num_classes=10,checkpoint_epochs=False,version=1,subtract_pixel_mean=True,epochs=15,batch_size=32,data_augmentation=True,n=3	k80:1,fs:nfs:singularity:lustre
taurusi2068	resnet32v1	cifar10	4.618296	50000	10000	1.0	20180309:082830	20180309:085156	7	660.546876	93.210906	0.7507225306129456	0.79774	0.9385419484138489	0.7395	num_classes=10,checkpoint_epochs=False,version=1,subtract_pixel_mean=True,epochs=15,batch_size=32,data_augmentation=True,n=3	k80:1,fs:nfs:singularity:lustre
taurusi2068	resnet32v1	cifar10	4.618296	50000	10000	1.0	20180309:082830	20180309:085156	8	753.759388	93.284801	0.728966653175354	0.80758	0.9407544394493103	0.7521	num_classes=10,checkpoint_epochs=False,version=1,subtract_pixel_mean=True,epochs=15,batch_size=32,data_augmentation=True,n=3	k80:1,fs:nfs:singularity:lustre
taurusi2068	resnet32v1	cifar10	4.618296	50000	10000	1.0	20180309:082830	20180309:085156	9	847.045443	93.394413	0.7062488488769532	0.81796	0.8283823771476746	0.7808	num_classes=10,checkpoint_epochs=False,version=1,subtract_pixel_mean=True,epochs=15,batch_size=32,data_augmentation=True,n=3	k80:1,fs:nfs:singularity:lustre
taurusi2068	resnet32v1	cifar10	4.618296	50000	10000	1.0	20180309:082830	20180309:085156	10	940.44189	93.253974	0.6927840493011475	0.82102	1.116571091079712	0.7079	num_classes=10,checkpoint_epochs=False,version=1,subtract_pixel_mean=True,epochs=15,batch_size=32,data_augmentation=True,n=3	k80:1,fs:nfs:singularity:lustre
taurusi2068	resnet32v1	cifar10	4.618296	50000	10000	1.0	20180309:082830	20180309:085156	11	1033.697159	93.205635	0.6802088309669495	0.82642	0.7134012629508972	0.8207	num_classes=10,checkpoint_epochs=False,version=1,subtract_pixel_mean=True,epochs=15,batch_size=32,data_augmentation=True,n=3	k80:1,fs:nfs:singularity:lustre
taurusi2068	resnet32v1	cifar10	4.618296	50000	10000	1.0	20180309:082830	20180309:085156	12	1126.90411	93.266391	0.6667280028152466	0.83306	0.8432195217132569	0.7801	num_classes=10,checkpoint_epochs=False,version=1,subtract_pixel_mean=True,epochs=15,batch_size=32,data_augmentation=True,n=3	k80:1,fs:nfs:singularity:lustre
taurusi2068	resnet32v1	cifar10	4.618296	50000	10000	1.0	20180309:082830	20180309:085156	13	1220.172521	93.220045	0.6594191615581513	0.83784	0.9422028641700745	0.7598	num_classes=10,checkpoint_epochs=False,version=1,subtract_pixel_mean=True,epochs=15,batch_size=32,data_augmentation=True,n=3	k80:1,fs:nfs:singularity:lustre
taurusi2068	resnet32v1	cifar10	4.618296	50000	10000	1.0	20180309:082830	20180309:085156	14	1313.393822	93.263019	0.6449885307884217	0.84186	0.7651623559951782	0.8063	num_classes=10,checkpoint_epochs=False,version=1,subtract_pixel_mean=True,epochs=15,batch_size=32,data_augmentation=True,n=3	k80:1,fs:nfs:singularity:lustre
