host	model	dataset	load_dur_sec	ntrain	ntest	datafraction	train_start	train_end	epoch	rel_epoch_start_sec	epoch_dur_sec	loss	acc	val_loss	val_acc	opts	n_model_params	versions	comment
taurusi2079	resnet32v1	cifar10	3.312948	50000	10000	1.	20180327:160119	20180327:162230	0	2.477659	85.944208	1.6868740468215941	0.456220000038147	2.680240036773682	0.3331	epochs=15,subtract_pixel_mean=True,n=5,num_classes=10,version=1,checkpoint_epochs=False,data_augmentation=True,batch_size=128,scratchspace=/home/h2/steinba/development/deeprace	470218	keras:2.1.4,backend:tensorflow:1.3.0	k80:1,fs:nfs
taurusi2079	resnet32v1	cifar10	3.312948	50000	10000	1.	20180327:160119	20180327:162230	1	88.422931	84.739896	1.2398867729949952	0.6244399999809265	1.5493074867248535	0.546	epochs=15,subtract_pixel_mean=True,n=5,num_classes=10,version=1,checkpoint_epochs=False,data_augmentation=True,batch_size=128,scratchspace=/home/h2/steinba/development/deeprace	470218	keras:2.1.4,backend:tensorflow:1.3.0	k80:1,fs:nfs
taurusi2079	resnet32v1	cifar10	3.312948	50000	10000	1.	20180327:160119	20180327:162230	2	173.164877	84.280806	1.0566541390228272	0.690739999961853	1.3666976124763488	0.6119	epochs=15,subtract_pixel_mean=True,n=5,num_classes=10,version=1,checkpoint_epochs=False,data_augmentation=True,batch_size=128,scratchspace=/home/h2/steinba/development/deeprace	470218	keras:2.1.4,backend:tensorflow:1.3.0	k80:1,fs:nfs
taurusi2079	resnet32v1	cifar10	3.312948	50000	10000	1.	20180327:160119	20180327:162230	3	257.447407	84.509473	0.9430760939788818	0.7333800000762939	1.265203447341919	0.6357	epochs=15,subtract_pixel_mean=True,n=5,num_classes=10,version=1,checkpoint_epochs=False,data_augmentation=True,batch_size=128,scratchspace=/home/h2/steinba/development/deeprace	470218	keras:2.1.4,backend:tensorflow:1.3.0	k80:1,fs:nfs
taurusi2079	resnet32v1	cifar10	3.312948	50000	10000	1.	20180327:160119	20180327:162230	4	341.958443	84.445943	0.8706382775306701	0.7592000000953675	1.6145975381851196	0.5857	epochs=15,subtract_pixel_mean=True,n=5,num_classes=10,version=1,checkpoint_epochs=False,data_augmentation=True,batch_size=128,scratchspace=/home/h2/steinba/development/deeprace	470218	keras:2.1.4,backend:tensorflow:1.3.0	k80:1,fs:nfs
taurusi2079	resnet32v1	cifar10	3.312948	50000	10000	1.	20180327:160119	20180327:162230	5	426.406112	84.309737	0.8141547605514526	0.77798	1.3610394359588622	0.6482	epochs=15,subtract_pixel_mean=True,n=5,num_classes=10,version=1,checkpoint_epochs=False,data_augmentation=True,batch_size=128,scratchspace=/home/h2/steinba/development/deeprace	470218	keras:2.1.4,backend:tensorflow:1.3.0	k80:1,fs:nfs
taurusi2079	resnet32v1	cifar10	3.312948	50000	10000	1.	20180327:160119	20180327:162230	6	510.717494	84.39068	0.7693068820381165	0.7936400001144409	1.6700877786636352	0.5941	epochs=15,subtract_pixel_mean=True,n=5,num_classes=10,version=1,checkpoint_epochs=False,data_augmentation=True,batch_size=128,scratchspace=/home/h2/steinba/development/deeprace	470218	keras:2.1.4,backend:tensorflow:1.3.0	k80:1,fs:nfs
taurusi2079	resnet32v1	cifar10	3.312948	50000	10000	1.	20180327:160119	20180327:162230	7	595.109206	84.554628	0.7344642153358459	0.804840000076294	1.3349932162284852	0.6206	epochs=15,subtract_pixel_mean=True,n=5,num_classes=10,version=1,checkpoint_epochs=False,data_augmentation=True,batch_size=128,scratchspace=/home/h2/steinba/development/deeprace	470218	keras:2.1.4,backend:tensorflow:1.3.0	k80:1,fs:nfs
taurusi2079	resnet32v1	cifar10	3.312948	50000	10000	1.	20180327:160119	20180327:162230	8	679.665877	84.619766	0.7046803121757508	0.8144199999809265	1.1245143129348756	0.7223	epochs=15,subtract_pixel_mean=True,n=5,num_classes=10,version=1,checkpoint_epochs=False,data_augmentation=True,batch_size=128,scratchspace=/home/h2/steinba/development/deeprace	470218	keras:2.1.4,backend:tensorflow:1.3.0	k80:1,fs:nfs
taurusi2079	resnet32v1	cifar10	3.312948	50000	10000	1.	20180327:160119	20180327:162230	9	764.287289	84.517811	0.6797339028358459	0.8233200000572205	1.0298827095031737	0.7215	epochs=15,subtract_pixel_mean=True,n=5,num_classes=10,version=1,checkpoint_epochs=False,data_augmentation=True,batch_size=128,scratchspace=/home/h2/steinba/development/deeprace	470218	keras:2.1.4,backend:tensorflow:1.3.0	k80:1,fs:nfs
taurusi2079	resnet32v1	cifar10	3.312948	50000	10000	1.	20180327:160119	20180327:162230	10	848.806739	84.558876	0.6565541664886475	0.83118	0.8362223090648652	0.7798	epochs=15,subtract_pixel_mean=True,n=5,num_classes=10,version=1,checkpoint_epochs=False,data_augmentation=True,batch_size=128,scratchspace=/home/h2/steinba/development/deeprace	470218	keras:2.1.4,backend:tensorflow:1.3.0	k80:1,fs:nfs
taurusi2079	resnet32v1	cifar10	3.312948	50000	10000	1.	20180327:160119	20180327:162230	11	933.367439	84.516597	0.6368469599533081	0.8397400000572205	0.9048455078125	0.7695	epochs=15,subtract_pixel_mean=True,n=5,num_classes=10,version=1,checkpoint_epochs=False,data_augmentation=True,batch_size=128,scratchspace=/home/h2/steinba/development/deeprace	470218	keras:2.1.4,backend:tensorflow:1.3.0	k80:1,fs:nfs
taurusi2079	resnet32v1	cifar10	3.312948	50000	10000	1.	20180327:160119	20180327:162230	12	1017.885851	84.639838	0.619325823879242	0.8456800000381469	0.9477733426094055	0.7443	epochs=15,subtract_pixel_mean=True,n=5,num_classes=10,version=1,checkpoint_epochs=False,data_augmentation=True,batch_size=128,scratchspace=/home/h2/steinba/development/deeprace	470218	keras:2.1.4,backend:tensorflow:1.3.0	k80:1,fs:nfs
taurusi2079	resnet32v1	cifar10	3.312948	50000	10000	1.	20180327:160119	20180327:162230	13	1102.527411	84.389083	0.6122790919494628	0.8461800000190735	1.020896983909607	0.7315	epochs=15,subtract_pixel_mean=True,n=5,num_classes=10,version=1,checkpoint_epochs=False,data_augmentation=True,batch_size=128,scratchspace=/home/h2/steinba/development/deeprace	470218	keras:2.1.4,backend:tensorflow:1.3.0	k80:1,fs:nfs
taurusi2079	resnet32v1	cifar10	3.312948	50000	10000	1.	20180327:160119	20180327:162230	14	1186.918077	84.21559	0.5908998655128479	0.855440000076294	0.7862069372177124	0.7957	epochs=15,subtract_pixel_mean=True,n=5,num_classes=10,version=1,checkpoint_epochs=False,data_augmentation=True,batch_size=128,scratchspace=/home/h2/steinba/development/deeprace	470218	keras:2.1.4,backend:tensorflow:1.3.0	k80:1,fs:nfs
taurusi2082	resnet32v1	cifar10	3.321192	50000	10000	1.	20180327:155852	20180327:161940	0	2.502733	84.460116	1.6924623650741577	0.4550200000190735	1.9321301393508912	0.4769	num_classes=10,scratchspace=/home/h2/steinba/development/deeprace,n=5,subtract_pixel_mean=True,data_augmentation=True,version=1,batch_size=128,epochs=15,checkpoint_epochs=False	470218	keras:2.1.4,backend:tensorflow:1.3.0	k80:1,fs:nfs
taurusi2082	resnet32v1	cifar10	3.321192	50000	10000	1.	20180327:155852	20180327:161940	1	86.963904	82.911501	1.3047449392318726	0.59778	1.3737118019104004	0.5919	num_classes=10,scratchspace=/home/h2/steinba/development/deeprace,n=5,subtract_pixel_mean=True,data_augmentation=True,version=1,batch_size=128,epochs=15,checkpoint_epochs=False	470218	keras:2.1.4,backend:tensorflow:1.3.0	k80:1,fs:nfs
taurusi2082	resnet32v1	cifar10	3.321192	50000	10000	1.	20180327:155852	20180327:161940	2	169.877362	82.981261	1.1068208696746826	0.6747600000190734	1.4690256471633911	0.5734	num_classes=10,scratchspace=/home/h2/steinba/development/deeprace,n=5,subtract_pixel_mean=True,data_augmentation=True,version=1,batch_size=128,epochs=15,checkpoint_epochs=False	470218	keras:2.1.4,backend:tensorflow:1.3.0	k80:1,fs:nfs
taurusi2082	resnet32v1	cifar10	3.321192	50000	10000	1.	20180327:155852	20180327:161940	3	252.860455	82.998584	0.9898179516410828	0.716700000076294	1.2019979315757752	0.6544	num_classes=10,scratchspace=/home/h2/steinba/development/deeprace,n=5,subtract_pixel_mean=True,data_augmentation=True,version=1,batch_size=128,epochs=15,checkpoint_epochs=False	470218	keras:2.1.4,backend:tensorflow:1.3.0	k80:1,fs:nfs
taurusi2082	resnet32v1	cifar10	3.321192	50000	10000	1.	20180327:155852	20180327:161940	4	335.8609	82.879312	0.8971799729919434	0.7499999999809265	1.2005156727790833	0.6663	num_classes=10,scratchspace=/home/h2/steinba/development/deeprace,n=5,subtract_pixel_mean=True,data_augmentation=True,version=1,batch_size=128,epochs=15,checkpoint_epochs=False	470218	keras:2.1.4,backend:tensorflow:1.3.0	k80:1,fs:nfs
taurusi2082	resnet32v1	cifar10	3.321192	50000	10000	1.	20180327:155852	20180327:161940	5	418.741308	82.926363	0.8314328263282776	0.772560000038147	0.8981316032886505	0.7495	num_classes=10,scratchspace=/home/h2/steinba/development/deeprace,n=5,subtract_pixel_mean=True,data_augmentation=True,version=1,batch_size=128,epochs=15,checkpoint_epochs=False	470218	keras:2.1.4,backend:tensorflow:1.3.0	k80:1,fs:nfs
taurusi2082	resnet32v1	cifar10	3.321192	50000	10000	1.	20180327:155852	20180327:161940	6	501.669333	82.938183	0.7860312167739868	0.7860800001144409	1.1347102193832397	0.6773	num_classes=10,scratchspace=/home/h2/steinba/development/deeprace,n=5,subtract_pixel_mean=True,data_augmentation=True,version=1,batch_size=128,epochs=15,checkpoint_epochs=False	470218	keras:2.1.4,backend:tensorflow:1.3.0	k80:1,fs:nfs
taurusi2082	resnet32v1	cifar10	3.321192	50000	10000	1.	20180327:155852	20180327:161940	7	584.609343	82.957726	0.7546294038581848	0.797600000076294	0.981549234867096	0.7328	num_classes=10,scratchspace=/home/h2/steinba/development/deeprace,n=5,subtract_pixel_mean=True,data_augmentation=True,version=1,batch_size=128,epochs=15,checkpoint_epochs=False	470218	keras:2.1.4,backend:tensorflow:1.3.0	k80:1,fs:nfs
taurusi2082	resnet32v1	cifar10	3.321192	50000	10000	1.	20180327:155852	20180327:161940	8	667.568821	82.938139	0.7156144982528686	0.811680000114441	1.0903125619888305	0.705	num_classes=10,scratchspace=/home/h2/steinba/development/deeprace,n=5,subtract_pixel_mean=True,data_augmentation=True,version=1,batch_size=128,epochs=15,checkpoint_epochs=False	470218	keras:2.1.4,backend:tensorflow:1.3.0	k80:1,fs:nfs
taurusi2082	resnet32v1	cifar10	3.321192	50000	10000	1.	20180327:155852	20180327:161940	9	750.508724	82.997653	0.6873532245254517	0.8218600000762939	1.0500879920959472	0.7166	num_classes=10,scratchspace=/home/h2/steinba/development/deeprace,n=5,subtract_pixel_mean=True,data_augmentation=True,version=1,batch_size=128,epochs=15,checkpoint_epochs=False	470218	keras:2.1.4,backend:tensorflow:1.3.0	k80:1,fs:nfs
taurusi2082	resnet32v1	cifar10	3.321192	50000	10000	1.	20180327:155852	20180327:161940	10	833.508432	82.958867	0.6669559584617615	0.8291400000190735	1.2240250387191773	0.6735	num_classes=10,scratchspace=/home/h2/steinba/development/deeprace,n=5,subtract_pixel_mean=True,data_augmentation=True,version=1,batch_size=128,epochs=15,checkpoint_epochs=False	470218	keras:2.1.4,backend:tensorflow:1.3.0	k80:1,fs:nfs
taurusi2082	resnet32v1	cifar10	3.321192	50000	10000	1.	20180327:155852	20180327:161940	11	916.469052	82.927366	0.6458234788513184	0.8362800001144409	0.8185730798721313	0.7875	num_classes=10,scratchspace=/home/h2/steinba/development/deeprace,n=5,subtract_pixel_mean=True,data_augmentation=True,version=1,batch_size=128,epochs=15,checkpoint_epochs=False	470218	keras:2.1.4,backend:tensorflow:1.3.0	k80:1,fs:nfs
taurusi2082	resnet32v1	cifar10	3.321192	50000	10000	1.	20180327:155852	20180327:161940	12	999.39826	82.990234	0.6250737475585938	0.843179999961853	0.9992324663162231	0.7427	num_classes=10,scratchspace=/home/h2/steinba/development/deeprace,n=5,subtract_pixel_mean=True,data_augmentation=True,version=1,batch_size=128,epochs=15,checkpoint_epochs=False	470218	keras:2.1.4,backend:tensorflow:1.3.0	k80:1,fs:nfs
taurusi2082	resnet32v1	cifar10	3.321192	50000	10000	1.	20180327:155852	20180327:161940	13	1082.390343	82.866461	0.6107878756713867	0.8480000000953675	0.9541237804412842	0.7541	num_classes=10,scratchspace=/home/h2/steinba/development/deeprace,n=5,subtract_pixel_mean=True,data_augmentation=True,version=1,batch_size=128,epochs=15,checkpoint_epochs=False	470218	keras:2.1.4,backend:tensorflow:1.3.0	k80:1,fs:nfs
taurusi2082	resnet32v1	cifar10	3.321192	50000	10000	1.	20180327:155852	20180327:161940	14	1165.258546	82.99663	0.590665622997284	0.8584800001144409	1.3119601669311522	0.6779	num_classes=10,scratchspace=/home/h2/steinba/development/deeprace,n=5,subtract_pixel_mean=True,data_augmentation=True,version=1,batch_size=128,epochs=15,checkpoint_epochs=False	470218	keras:2.1.4,backend:tensorflow:1.3.0	k80:1,fs:nfs
taurusi2071	resnet32v1	cifar10	3.338616	50000	10000	1.	20180327:155852	20180327:161948	0	2.488998	84.864608	1.6235367615127563	0.4802000000190735	2.6851630195617675	0.3813	data_augmentation=True,epochs=15,num_classes=10,subtract_pixel_mean=True,n=5,version=1,scratchspace=/home/h2/steinba/development/deeprace,batch_size=128,checkpoint_epochs=False	470218	keras:2.1.4,backend:tensorflow:1.3.0	k80:1,fs:nfs
taurusi2071	resnet32v1	cifar10	3.338616	50000	10000	1.	20180327:155852	20180327:161948	1	87.3547	83.363931	1.217257167778015	0.6323599999809265	2.720069902420044	0.4107	data_augmentation=True,epochs=15,num_classes=10,subtract_pixel_mean=True,n=5,version=1,scratchspace=/home/h2/steinba/development/deeprace,batch_size=128,checkpoint_epochs=False	470218	keras:2.1.4,backend:tensorflow:1.3.0	k80:1,fs:nfs
taurusi2071	resnet32v1	cifar10	3.338616	50000	10000	1.	20180327:155852	20180327:161948	2	170.720567	83.457389	1.0435597708511353	0.6960999999809265	1.3135522157669068	0.6144	data_augmentation=True,epochs=15,num_classes=10,subtract_pixel_mean=True,n=5,version=1,scratchspace=/home/h2/steinba/development/deeprace,batch_size=128,checkpoint_epochs=False	470218	keras:2.1.4,backend:tensorflow:1.3.0	k80:1,fs:nfs
taurusi2071	resnet32v1	cifar10	3.338616	50000	10000	1.	20180327:155852	20180327:161948	3	254.17989	83.388853	0.9419107272720337	0.734699999961853	1.3637597999572755	0.6395	data_augmentation=True,epochs=15,num_classes=10,subtract_pixel_mean=True,n=5,version=1,scratchspace=/home/h2/steinba/development/deeprace,batch_size=128,checkpoint_epochs=False	470218	keras:2.1.4,backend:tensorflow:1.3.0	k80:1,fs:nfs
taurusi2071	resnet32v1	cifar10	3.338616	50000	10000	1.	20180327:155852	20180327:161948	4	337.5706	83.49691	0.8670728130340576	0.7592000000572204	1.8208986474990845	0.5491	data_augmentation=True,epochs=15,num_classes=10,subtract_pixel_mean=True,n=5,version=1,scratchspace=/home/h2/steinba/development/deeprace,batch_size=128,checkpoint_epochs=False	470218	keras:2.1.4,backend:tensorflow:1.3.0	k80:1,fs:nfs
taurusi2071	resnet32v1	cifar10	3.338616	50000	10000	1.	20180327:155852	20180327:161948	5	421.069687	83.359214	0.8102225279808044	0.7793999999427795	1.0109508447647095	0.7191	data_augmentation=True,epochs=15,num_classes=10,subtract_pixel_mean=True,n=5,version=1,scratchspace=/home/h2/steinba/development/deeprace,batch_size=128,checkpoint_epochs=False	470218	keras:2.1.4,backend:tensorflow:1.3.0	k80:1,fs:nfs
taurusi2071	resnet32v1	cifar10	3.338616	50000	10000	1.	20180327:155852	20180327:161948	6	504.430736	83.318757	0.7652233975982666	0.7959	1.1266378414154052	0.6989	data_augmentation=True,epochs=15,num_classes=10,subtract_pixel_mean=True,n=5,version=1,scratchspace=/home/h2/steinba/development/deeprace,batch_size=128,checkpoint_epochs=False	470218	keras:2.1.4,backend:tensorflow:1.3.0	k80:1,fs:nfs
taurusi2071	resnet32v1	cifar10	3.338616	50000	10000	1.	20180327:155852	20180327:161948	7	587.75133	83.396038	0.728507534236908	0.806699999961853	1.2028258172988893	0.6618	data_augmentation=True,epochs=15,num_classes=10,subtract_pixel_mean=True,n=5,version=1,scratchspace=/home/h2/steinba/development/deeprace,batch_size=128,checkpoint_epochs=False	470218	keras:2.1.4,backend:tensorflow:1.3.0	k80:1,fs:nfs
taurusi2071	resnet32v1	cifar10	3.338616	50000	10000	1.	20180327:155852	20180327:161948	8	671.149414	83.348034	0.7025192022514343	0.8192800000190735	0.9872277090072632	0.7341	data_augmentation=True,epochs=15,num_classes=10,subtract_pixel_mean=True,n=5,version=1,scratchspace=/home/h2/steinba/development/deeprace,batch_size=128,checkpoint_epochs=False	470218	keras:2.1.4,backend:tensorflow:1.3.0	k80:1,fs:nfs
taurusi2071	resnet32v1	cifar10	3.338616	50000	10000	1.	20180327:155852	20180327:161948	9	754.499495	83.433851	0.6692044027900695	0.8284600000953675	0.8142145331382752	0.782	data_augmentation=True,epochs=15,num_classes=10,subtract_pixel_mean=True,n=5,version=1,scratchspace=/home/h2/steinba/development/deeprace,batch_size=128,checkpoint_epochs=False	470218	keras:2.1.4,backend:tensorflow:1.3.0	k80:1,fs:nfs
taurusi2071	resnet32v1	cifar10	3.338616	50000	10000	1.	20180327:155852	20180327:161948	10	837.934606	83.383846	0.6446976572990417	0.8358800000762939	1.1025693243026733	0.7176	data_augmentation=True,epochs=15,num_classes=10,subtract_pixel_mean=True,n=5,version=1,scratchspace=/home/h2/steinba/development/deeprace,batch_size=128,checkpoint_epochs=False	470218	keras:2.1.4,backend:tensorflow:1.3.0	k80:1,fs:nfs
taurusi2071	resnet32v1	cifar10	3.338616	50000	10000	1.	20180327:155852	20180327:161948	11	921.320381	83.467125	0.626899287815094	0.844220000038147	0.935114632320404	0.7648	data_augmentation=True,epochs=15,num_classes=10,subtract_pixel_mean=True,n=5,version=1,scratchspace=/home/h2/steinba/development/deeprace,batch_size=128,checkpoint_epochs=False	470218	keras:2.1.4,backend:tensorflow:1.3.0	k80:1,fs:nfs
taurusi2071	resnet32v1	cifar10	3.338616	50000	10000	1.	20180327:155852	20180327:161948	12	1004.789693	83.519287	0.6113880704307556	0.8496800001144409	0.9449021771430969	0.7617	data_augmentation=True,epochs=15,num_classes=10,subtract_pixel_mean=True,n=5,version=1,scratchspace=/home/h2/steinba/development/deeprace,batch_size=128,checkpoint_epochs=False	470218	keras:2.1.4,backend:tensorflow:1.3.0	k80:1,fs:nfs
taurusi2071	resnet32v1	cifar10	3.338616	50000	10000	1.	20180327:155852	20180327:161948	13	1088.310812	83.497089	0.5919400494575501	0.85538	0.768621656036377	0.7966	data_augmentation=True,epochs=15,num_classes=10,subtract_pixel_mean=True,n=5,version=1,scratchspace=/home/h2/steinba/development/deeprace,batch_size=128,checkpoint_epochs=False	470218	keras:2.1.4,backend:tensorflow:1.3.0	k80:1,fs:nfs
taurusi2071	resnet32v1	cifar10	3.338616	50000	10000	1.	20180327:155852	20180327:161948	14	1171.809841	83.4688	0.5833197472000122	0.8581400000190735	0.9996140361785889	0.7399	data_augmentation=True,epochs=15,num_classes=10,subtract_pixel_mean=True,n=5,version=1,scratchspace=/home/h2/steinba/development/deeprace,batch_size=128,checkpoint_epochs=False	470218	keras:2.1.4,backend:tensorflow:1.3.0	k80:1,fs:nfs
taurusi2069	resnet32v1	cifar10	3.60848	50000	10000	1.	20180327:155854	20180327:161948	0	2.555273	85.047816	1.6766356071090698	0.4625800000286102	1.8939088331222533	0.4691	batch_size=128,data_augmentation=True,checkpoint_epochs=False,n=5,scratchspace=/home/h2/steinba/development/deeprace,version=1,num_classes=10,subtract_pixel_mean=True,epochs=15	470218	keras:2.1.4,backend:tensorflow:1.3.0	k80:1,fs:nfs
taurusi2069	resnet32v1	cifar10	3.60848	50000	10000	1.	20180327:155854	20180327:161948	1	87.604187	83.46249	1.232385846786499	0.6261600000190735	1.6453439670562744	0.5453	batch_size=128,data_augmentation=True,checkpoint_epochs=False,n=5,scratchspace=/home/h2/steinba/development/deeprace,version=1,num_classes=10,subtract_pixel_mean=True,epochs=15	470218	keras:2.1.4,backend:tensorflow:1.3.0	k80:1,fs:nfs
taurusi2069	resnet32v1	cifar10	3.60848	50000	10000	1.	20180327:155854	20180327:161948	2	171.068261	83.170227	1.0520150743484498	0.6928800000572205	1.6639441165924072	0.5805	batch_size=128,data_augmentation=True,checkpoint_epochs=False,n=5,scratchspace=/home/h2/steinba/development/deeprace,version=1,num_classes=10,subtract_pixel_mean=True,epochs=15	470218	keras:2.1.4,backend:tensorflow:1.3.0	k80:1,fs:nfs
taurusi2069	resnet32v1	cifar10	3.60848	50000	10000	1.	20180327:155854	20180327:161948	3	254.23996	83.429141	0.940735374622345	0.7318600000762939	1.556006372833252	0.5745	batch_size=128,data_augmentation=True,checkpoint_epochs=False,n=5,scratchspace=/home/h2/steinba/development/deeprace,version=1,num_classes=10,subtract_pixel_mean=True,epochs=15	470218	keras:2.1.4,backend:tensorflow:1.3.0	k80:1,fs:nfs
taurusi2069	resnet32v1	cifar10	3.60848	50000	10000	1.	20180327:155854	20180327:161948	4	337.670685	83.175426	0.8707450725746155	0.7585800001144409	1.0316945283889771	0.7132	batch_size=128,data_augmentation=True,checkpoint_epochs=False,n=5,scratchspace=/home/h2/steinba/development/deeprace,version=1,num_classes=10,subtract_pixel_mean=True,epochs=15	470218	keras:2.1.4,backend:tensorflow:1.3.0	k80:1,fs:nfs
taurusi2069	resnet32v1	cifar10	3.60848	50000	10000	1.	20180327:155854	20180327:161948	5	420.847762	83.207963	0.8172655365371704	0.7785600001144409	1.1849239950180053	0.6822	batch_size=128,data_augmentation=True,checkpoint_epochs=False,n=5,scratchspace=/home/h2/steinba/development/deeprace,version=1,num_classes=10,subtract_pixel_mean=True,epochs=15	470218	keras:2.1.4,backend:tensorflow:1.3.0	k80:1,fs:nfs
taurusi2069	resnet32v1	cifar10	3.60848	50000	10000	1.	20180327:155854	20180327:161948	6	504.057444	83.206561	0.7724649065589905	0.790879999961853	1.1439719201087952	0.6916	batch_size=128,data_augmentation=True,checkpoint_epochs=False,n=5,scratchspace=/home/h2/steinba/development/deeprace,version=1,num_classes=10,subtract_pixel_mean=True,epochs=15	470218	keras:2.1.4,backend:tensorflow:1.3.0	k80:1,fs:nfs
taurusi2069	resnet32v1	cifar10	3.60848	50000	10000	1.	20180327:155854	20180327:161948	7	587.265807	83.272122	0.7349056644439698	0.8049600000190735	1.2078354907989501	0.6817	batch_size=128,data_augmentation=True,checkpoint_epochs=False,n=5,scratchspace=/home/h2/steinba/development/deeprace,version=1,num_classes=10,subtract_pixel_mean=True,epochs=15	470218	keras:2.1.4,backend:tensorflow:1.3.0	k80:1,fs:nfs
taurusi2069	resnet32v1	cifar10	3.60848	50000	10000	1.	20180327:155854	20180327:161948	8	670.539504	83.237417	0.7080799724006653	0.815680000114441	1.0232316984176635	0.7225	batch_size=128,data_augmentation=True,checkpoint_epochs=False,n=5,scratchspace=/home/h2/steinba/development/deeprace,version=1,num_classes=10,subtract_pixel_mean=True,epochs=15	470218	keras:2.1.4,backend:tensorflow:1.3.0	k80:1,fs:nfs
taurusi2069	resnet32v1	cifar10	3.60848	50000	10000	1.	20180327:155854	20180327:161948	9	753.778625	83.507854	0.6816446885681152	0.823840000038147	1.1022495862960815	0.6876	batch_size=128,data_augmentation=True,checkpoint_epochs=False,n=5,scratchspace=/home/h2/steinba/development/deeprace,version=1,num_classes=10,subtract_pixel_mean=True,epochs=15	470218	keras:2.1.4,backend:tensorflow:1.3.0	k80:1,fs:nfs
taurusi2069	resnet32v1	cifar10	3.60848	50000	10000	1.	20180327:155854	20180327:161948	10	837.288297	83.336746	0.6623344429969787	0.8310000000572204	0.8835225179672241	0.773	batch_size=128,data_augmentation=True,checkpoint_epochs=False,n=5,scratchspace=/home/h2/steinba/development/deeprace,version=1,num_classes=10,subtract_pixel_mean=True,epochs=15	470218	keras:2.1.4,backend:tensorflow:1.3.0	k80:1,fs:nfs
taurusi2069	resnet32v1	cifar10	3.60848	50000	10000	1.	20180327:155854	20180327:161948	11	920.62694	83.388833	0.6400787294769287	0.8377400000953674	0.8630343872070313	0.78	batch_size=128,data_augmentation=True,checkpoint_epochs=False,n=5,scratchspace=/home/h2/steinba/development/deeprace,version=1,num_classes=10,subtract_pixel_mean=True,epochs=15	470218	keras:2.1.4,backend:tensorflow:1.3.0	k80:1,fs:nfs
taurusi2069	resnet32v1	cifar10	3.60848	50000	10000	1.	20180327:155854	20180327:161948	12	1004.017692	83.120734	0.6180095767211914	0.845520000114441	0.8612938083648681	0.7776	batch_size=128,data_augmentation=True,checkpoint_epochs=False,n=5,scratchspace=/home/h2/steinba/development/deeprace,version=1,num_classes=10,subtract_pixel_mean=True,epochs=15	470218	keras:2.1.4,backend:tensorflow:1.3.0	k80:1,fs:nfs
taurusi2069	resnet32v1	cifar10	3.60848	50000	10000	1.	20180327:155854	20180327:161948	13	1087.140011	83.277992	0.6035615293693543	0.8508	0.7864662195205688	0.7987	batch_size=128,data_augmentation=True,checkpoint_epochs=False,n=5,scratchspace=/home/h2/steinba/development/deeprace,version=1,num_classes=10,subtract_pixel_mean=True,epochs=15	470218	keras:2.1.4,backend:tensorflow:1.3.0	k80:1,fs:nfs
taurusi2069	resnet32v1	cifar10	3.60848	50000	10000	1.	20180327:155854	20180327:161948	14	1170.419576	83.427225	0.5900905444145202	0.855940000038147	1.0104383867263793	0.7479	batch_size=128,data_augmentation=True,checkpoint_epochs=False,n=5,scratchspace=/home/h2/steinba/development/deeprace,version=1,num_classes=10,subtract_pixel_mean=True,epochs=15	470218	keras:2.1.4,backend:tensorflow:1.3.0	k80:1,fs:nfs
taurusi2063	resnet32v1	cifar10	3.398556	50000	10000	1.	20180327:155852	20180327:161940	0	2.443393	84.365978	1.66990270652771	0.4601600000095367	1.703381851387024	0.4825	scratchspace=/home/h2/steinba/development/deeprace,batch_size=128,epochs=15,n=5,version=1,checkpoint_epochs=False,data_augmentation=True,subtract_pixel_mean=True,num_classes=10	470218	keras:2.1.4,backend:tensorflow:1.3.0	k80:1,fs:nfs
taurusi2063	resnet32v1	cifar10	3.398556	50000	10000	1.	20180327:155852	20180327:161940	1	86.810406	82.841275	1.2468882360076905	0.6211200000572205	1.426111381149292	0.5723	scratchspace=/home/h2/steinba/development/deeprace,batch_size=128,epochs=15,n=5,version=1,checkpoint_epochs=False,data_augmentation=True,subtract_pixel_mean=True,num_classes=10	470218	keras:2.1.4,backend:tensorflow:1.3.0	k80:1,fs:nfs
taurusi2063	resnet32v1	cifar10	3.398556	50000	10000	1.	20180327:155852	20180327:161940	2	169.653616	82.858524	1.0643370171546935	0.68808	1.168476474761963	0.6541	scratchspace=/home/h2/steinba/development/deeprace,batch_size=128,epochs=15,n=5,version=1,checkpoint_epochs=False,data_augmentation=True,subtract_pixel_mean=True,num_classes=10	470218	keras:2.1.4,backend:tensorflow:1.3.0	k80:1,fs:nfs
taurusi2063	resnet32v1	cifar10	3.398556	50000	10000	1.	20180327:155852	20180327:161940	3	252.513956	82.899594	0.9535746086883545	0.73024	1.667498193359375	0.5706	scratchspace=/home/h2/steinba/development/deeprace,batch_size=128,epochs=15,n=5,version=1,checkpoint_epochs=False,data_augmentation=True,subtract_pixel_mean=True,num_classes=10	470218	keras:2.1.4,backend:tensorflow:1.3.0	k80:1,fs:nfs
taurusi2063	resnet32v1	cifar10	3.398556	50000	10000	1.	20180327:155852	20180327:161940	4	335.415483	82.866541	0.8719327109146118	0.7570800001335144	0.941641635131836	0.7383	scratchspace=/home/h2/steinba/development/deeprace,batch_size=128,epochs=15,n=5,version=1,checkpoint_epochs=False,data_augmentation=True,subtract_pixel_mean=True,num_classes=10	470218	keras:2.1.4,backend:tensorflow:1.3.0	k80:1,fs:nfs
taurusi2063	resnet32v1	cifar10	3.398556	50000	10000	1.	20180327:155852	20180327:161940	5	418.283943	82.930057	0.8156933302307129	0.7785800000190735	1.463062808895111	0.6198	scratchspace=/home/h2/steinba/development/deeprace,batch_size=128,epochs=15,n=5,version=1,checkpoint_epochs=False,data_augmentation=True,subtract_pixel_mean=True,num_classes=10	470218	keras:2.1.4,backend:tensorflow:1.3.0	k80:1,fs:nfs
taurusi2063	resnet32v1	cifar10	3.398556	50000	10000	1.	20180327:155852	20180327:161940	6	501.215926	82.857765	0.775652096004486	0.7934000000190735	1.1713384261131288	0.6885	scratchspace=/home/h2/steinba/development/deeprace,batch_size=128,epochs=15,n=5,version=1,checkpoint_epochs=False,data_augmentation=True,subtract_pixel_mean=True,num_classes=10	470218	keras:2.1.4,backend:tensorflow:1.3.0	k80:1,fs:nfs
taurusi2063	resnet32v1	cifar10	3.398556	50000	10000	1.	20180327:155852	20180327:161940	7	584.075509	82.907044	0.7372417344856262	0.8047000000762939	1.0122705070495606	0.7264	scratchspace=/home/h2/steinba/development/deeprace,batch_size=128,epochs=15,n=5,version=1,checkpoint_epochs=False,data_augmentation=True,subtract_pixel_mean=True,num_classes=10	470218	keras:2.1.4,backend:tensorflow:1.3.0	k80:1,fs:nfs
taurusi2063	resnet32v1	cifar10	3.398556	50000	10000	1.	20180327:155852	20180327:161940	8	666.984378	82.960771	0.7069966127586365	0.8150800001144409	0.8651238631248475	0.7687	scratchspace=/home/h2/steinba/development/deeprace,batch_size=128,epochs=15,n=5,version=1,checkpoint_epochs=False,data_augmentation=True,subtract_pixel_mean=True,num_classes=10	470218	keras:2.1.4,backend:tensorflow:1.3.0	k80:1,fs:nfs
taurusi2063	resnet32v1	cifar10	3.398556	50000	10000	1.	20180327:155852	20180327:161940	9	749.946974	82.906273	0.6787163083267211	0.8273600000572204	0.7492606430053711	0.8041	scratchspace=/home/h2/steinba/development/deeprace,batch_size=128,epochs=15,n=5,version=1,checkpoint_epochs=False,data_augmentation=True,subtract_pixel_mean=True,num_classes=10	470218	keras:2.1.4,backend:tensorflow:1.3.0	k80:1,fs:nfs
taurusi2063	resnet32v1	cifar10	3.398556	50000	10000	1.	20180327:155852	20180327:161940	10	832.855165	82.882632	0.6586047387313843	0.8323400001144409	0.8451986327171326	0.7771	scratchspace=/home/h2/steinba/development/deeprace,batch_size=128,epochs=15,n=5,version=1,checkpoint_epochs=False,data_augmentation=True,subtract_pixel_mean=True,num_classes=10	470218	keras:2.1.4,backend:tensorflow:1.3.0	k80:1,fs:nfs
taurusi2063	resnet32v1	cifar10	3.398556	50000	10000	1.	20180327:155852	20180327:161940	11	915.738826	82.933855	0.6347370790290833	0.8398000001144409	1.1616799420356752	0.7032	scratchspace=/home/h2/steinba/development/deeprace,batch_size=128,epochs=15,n=5,version=1,checkpoint_epochs=False,data_augmentation=True,subtract_pixel_mean=True,num_classes=10	470218	keras:2.1.4,backend:tensorflow:1.3.0	k80:1,fs:nfs
taurusi2063	resnet32v1	cifar10	3.398556	50000	10000	1.	20180327:155852	20180327:161940	12	998.674736	82.947888	0.6216374082183838	0.845880000038147	1.1670045796394348	0.7079	scratchspace=/home/h2/steinba/development/deeprace,batch_size=128,epochs=15,n=5,version=1,checkpoint_epochs=False,data_augmentation=True,subtract_pixel_mean=True,num_classes=10	470218	keras:2.1.4,backend:tensorflow:1.3.0	k80:1,fs:nfs
taurusi2063	resnet32v1	cifar10	3.398556	50000	10000	1.	20180327:155852	20180327:161940	13	1081.624449	82.939245	0.6036488093948364	0.849400000038147	1.1497014390945435	0.7099	scratchspace=/home/h2/steinba/development/deeprace,batch_size=128,epochs=15,n=5,version=1,checkpoint_epochs=False,data_augmentation=True,subtract_pixel_mean=True,num_classes=10	470218	keras:2.1.4,backend:tensorflow:1.3.0	k80:1,fs:nfs
taurusi2063	resnet32v1	cifar10	3.398556	50000	10000	1.	20180327:155852	20180327:161940	14	1164.565342	82.933416	0.5911881305789948	0.8539800000953675	0.8649303812980652	0.7791	scratchspace=/home/h2/steinba/development/deeprace,batch_size=128,epochs=15,n=5,version=1,checkpoint_epochs=False,data_augmentation=True,subtract_pixel_mean=True,num_classes=10	470218	keras:2.1.4,backend:tensorflow:1.3.0	k80:1,fs:nfs
taurusi2093	resnet32v1	cifar10	3.745902	50000	10000	1.	20180327:155908	20180327:161959	0	2.57623	84.621216	1.7462291101074219	0.432620000038147	1.6642844213485717	0.4752	data_augmentation=True,num_classes=10,epochs=15,n=5,subtract_pixel_mean=True,checkpoint_epochs=False,version=1,batch_size=128,scratchspace=/home/h2/steinba/development/deeprace	470218	keras:2.1.4,backend:tensorflow:1.3.0	k80:1,fs:nfs
taurusi2093	resnet32v1	cifar10	3.745902	50000	10000	1.	20180327:155908	20180327:161959	1	87.198546	83.057109	1.3197090269470215	0.5932200000190735	1.3622658208847045	0.5773	data_augmentation=True,num_classes=10,epochs=15,n=5,subtract_pixel_mean=True,checkpoint_epochs=False,version=1,batch_size=128,scratchspace=/home/h2/steinba/development/deeprace	470218	keras:2.1.4,backend:tensorflow:1.3.0	k80:1,fs:nfs
taurusi2093	resnet32v1	cifar10	3.745902	50000	10000	1.	20180327:155908	20180327:161959	2	170.256823	83.167883	1.1018161055374145	0.6752999999618531	1.3875251661300658	0.6005	data_augmentation=True,num_classes=10,epochs=15,n=5,subtract_pixel_mean=True,checkpoint_epochs=False,version=1,batch_size=128,scratchspace=/home/h2/steinba/development/deeprace	470218	keras:2.1.4,backend:tensorflow:1.3.0	k80:1,fs:nfs
taurusi2093	resnet32v1	cifar10	3.745902	50000	10000	1.	20180327:155908	20180327:161959	3	253.426654	83.158431	0.9747135336685181	0.7202400000572204	1.3632832401275634	0.6186	data_augmentation=True,num_classes=10,epochs=15,n=5,subtract_pixel_mean=True,checkpoint_epochs=False,version=1,batch_size=128,scratchspace=/home/h2/steinba/development/deeprace	470218	keras:2.1.4,backend:tensorflow:1.3.0	k80:1,fs:nfs
taurusi2093	resnet32v1	cifar10	3.745902	50000	10000	1.	20180327:155908	20180327:161959	4	336.58677	83.203641	0.8926306566047668	0.7507800000381469	0.9858767181396484	0.7285	data_augmentation=True,num_classes=10,epochs=15,n=5,subtract_pixel_mean=True,checkpoint_epochs=False,version=1,batch_size=128,scratchspace=/home/h2/steinba/development/deeprace	470218	keras:2.1.4,backend:tensorflow:1.3.0	k80:1,fs:nfs
taurusi2093	resnet32v1	cifar10	3.745902	50000	10000	1.	20180327:155908	20180327:161959	5	419.792043	83.107707	0.8368403953170777	0.7708600000381469	0.9650311050415039	0.7296	data_augmentation=True,num_classes=10,epochs=15,n=5,subtract_pixel_mean=True,checkpoint_epochs=False,version=1,batch_size=128,scratchspace=/home/h2/steinba/development/deeprace	470218	keras:2.1.4,backend:tensorflow:1.3.0	k80:1,fs:nfs
taurusi2093	resnet32v1	cifar10	3.745902	50000	10000	1.	20180327:155908	20180327:161959	6	502.900854	83.064649	0.793223938331604	0.7827000000190735	1.0692693246841432	0.7037	data_augmentation=True,num_classes=10,epochs=15,n=5,subtract_pixel_mean=True,checkpoint_epochs=False,version=1,batch_size=128,scratchspace=/home/h2/steinba/development/deeprace	470218	keras:2.1.4,backend:tensorflow:1.3.0	k80:1,fs:nfs
taurusi2093	resnet32v1	cifar10	3.745902	50000	10000	1.	20180327:155908	20180327:161959	7	585.967191	83.229911	0.749561443939209	0.798500000076294	0.8874827722549439	0.7581	data_augmentation=True,num_classes=10,epochs=15,n=5,subtract_pixel_mean=True,checkpoint_epochs=False,version=1,batch_size=128,scratchspace=/home/h2/steinba/development/deeprace	470218	keras:2.1.4,backend:tensorflow:1.3.0	k80:1,fs:nfs
taurusi2093	resnet32v1	cifar10	3.745902	50000	10000	1.	20180327:155908	20180327:161959	8	669.198942	83.134577	0.7213300653457642	0.8095200001144409	0.9306133204460144	0.748	data_augmentation=True,num_classes=10,epochs=15,n=5,subtract_pixel_mean=True,checkpoint_epochs=False,version=1,batch_size=128,scratchspace=/home/h2/steinba/development/deeprace	470218	keras:2.1.4,backend:tensorflow:1.3.0	k80:1,fs:nfs
taurusi2093	resnet32v1	cifar10	3.745902	50000	10000	1.	20180327:155908	20180327:161959	9	752.335584	83.212042	0.6906388449478149	0.8209000000762939	1.0500659776687622	0.7217	data_augmentation=True,num_classes=10,epochs=15,n=5,subtract_pixel_mean=True,checkpoint_epochs=False,version=1,batch_size=128,scratchspace=/home/h2/steinba/development/deeprace	470218	keras:2.1.4,backend:tensorflow:1.3.0	k80:1,fs:nfs
taurusi2093	resnet32v1	cifar10	3.745902	50000	10000	1.	20180327:155908	20180327:161959	10	835.549303	83.076444	0.6666111950683594	0.828000000038147	0.9004859497070312	0.752	data_augmentation=True,num_classes=10,epochs=15,n=5,subtract_pixel_mean=True,checkpoint_epochs=False,version=1,batch_size=128,scratchspace=/home/h2/steinba/development/deeprace	470218	keras:2.1.4,backend:tensorflow:1.3.0	k80:1,fs:nfs
taurusi2093	resnet32v1	cifar10	3.745902	50000	10000	1.	20180327:155908	20180327:161959	11	918.627512	83.116501	0.6466170384597778	0.8373200000762939	1.0130811990737916	0.7434	data_augmentation=True,num_classes=10,epochs=15,n=5,subtract_pixel_mean=True,checkpoint_epochs=False,version=1,batch_size=128,scratchspace=/home/h2/steinba/development/deeprace	470218	keras:2.1.4,backend:tensorflow:1.3.0	k80:1,fs:nfs
taurusi2093	resnet32v1	cifar10	3.745902	50000	10000	1.	20180327:155908	20180327:161959	12	1001.745758	83.077531	0.626393812084198	0.8420200000572204	0.8947474816322326	0.7641	data_augmentation=True,num_classes=10,epochs=15,n=5,subtract_pixel_mean=True,checkpoint_epochs=False,version=1,batch_size=128,scratchspace=/home/h2/steinba/development/deeprace	470218	keras:2.1.4,backend:tensorflow:1.3.0	k80:1,fs:nfs
taurusi2093	resnet32v1	cifar10	3.745902	50000	10000	1.	20180327:155908	20180327:161959	13	1084.824944	83.2608	0.6144396064949036	0.8468800000762939	0.7172341773033142	0.816	data_augmentation=True,num_classes=10,epochs=15,n=5,subtract_pixel_mean=True,checkpoint_epochs=False,version=1,batch_size=128,scratchspace=/home/h2/steinba/development/deeprace	470218	keras:2.1.4,backend:tensorflow:1.3.0	k80:1,fs:nfs
taurusi2093	resnet32v1	cifar10	3.745902	50000	10000	1.	20180327:155908	20180327:161959	14	1168.087419	82.858433	0.5967416348838807	0.8539400000762939	0.8207138693809509	0.7891	data_augmentation=True,num_classes=10,epochs=15,n=5,subtract_pixel_mean=True,checkpoint_epochs=False,version=1,batch_size=128,scratchspace=/home/h2/steinba/development/deeprace	470218	keras:2.1.4,backend:tensorflow:1.3.0	k80:1,fs:nfs
taurusi2079	resnet32v1	cifar10	3.614178	50000	10000	1.	20180327:155918	20180327:162013	0	2.475611	84.907367	1.6814702523040772	0.4625399999809265	1.774411141204834	0.4751	checkpoint_epochs=False,scratchspace=/home/h2/steinba/development/deeprace,num_classes=10,batch_size=128,data_augmentation=True,epochs=15,n=5,version=1,subtract_pixel_mean=True	470218	keras:2.1.4,backend:tensorflow:1.3.0	k80:1,fs:nfs
taurusi2079	resnet32v1	cifar10	3.614178	50000	10000	1.	20180327:155918	20180327:162013	1	87.384008	83.728775	1.2900026385498047	0.6042	1.5653612888336181	0.5488	checkpoint_epochs=False,scratchspace=/home/h2/steinba/development/deeprace,num_classes=10,batch_size=128,data_augmentation=True,epochs=15,n=5,version=1,subtract_pixel_mean=True	470218	keras:2.1.4,backend:tensorflow:1.3.0	k80:1,fs:nfs
taurusi2079	resnet32v1	cifar10	3.614178	50000	10000	1.	20180327:155918	20180327:162013	2	171.114015	83.553132	1.0995340213012694	0.6742400000190735	1.2812264446258546	0.6349	checkpoint_epochs=False,scratchspace=/home/h2/steinba/development/deeprace,num_classes=10,batch_size=128,data_augmentation=True,epochs=15,n=5,version=1,subtract_pixel_mean=True	470218	keras:2.1.4,backend:tensorflow:1.3.0	k80:1,fs:nfs
taurusi2079	resnet32v1	cifar10	3.614178	50000	10000	1.	20180327:155918	20180327:162013	3	254.668964	83.558864	0.9770901685714721	0.7183000000762939	1.1870861339569092	0.6673	checkpoint_epochs=False,scratchspace=/home/h2/steinba/development/deeprace,num_classes=10,batch_size=128,data_augmentation=True,epochs=15,n=5,version=1,subtract_pixel_mean=True	470218	keras:2.1.4,backend:tensorflow:1.3.0	k80:1,fs:nfs
taurusi2079	resnet32v1	cifar10	3.614178	50000	10000	1.	20180327:155918	20180327:162013	4	338.229654	83.432197	0.8920311688423157	0.7525400000953675	1.1671896613121033	0.6843	checkpoint_epochs=False,scratchspace=/home/h2/steinba/development/deeprace,num_classes=10,batch_size=128,data_augmentation=True,epochs=15,n=5,version=1,subtract_pixel_mean=True	470218	keras:2.1.4,backend:tensorflow:1.3.0	k80:1,fs:nfs
taurusi2079	resnet32v1	cifar10	3.614178	50000	10000	1.	20180327:155918	20180327:162013	5	421.662887	83.185757	0.8282324530982971	0.7736999999427795	1.6056562915802002	0.6083	checkpoint_epochs=False,scratchspace=/home/h2/steinba/development/deeprace,num_classes=10,batch_size=128,data_augmentation=True,epochs=15,n=5,version=1,subtract_pixel_mean=True	470218	keras:2.1.4,backend:tensorflow:1.3.0	k80:1,fs:nfs
taurusi2079	resnet32v1	cifar10	3.614178	50000	10000	1.	20180327:155918	20180327:162013	6	504.850367	83.346148	0.7853614890480042	0.789720000076294	1.0970632148742676	0.6878	checkpoint_epochs=False,scratchspace=/home/h2/steinba/development/deeprace,num_classes=10,batch_size=128,data_augmentation=True,epochs=15,n=5,version=1,subtract_pixel_mean=True	470218	keras:2.1.4,backend:tensorflow:1.3.0	k80:1,fs:nfs
taurusi2079	resnet32v1	cifar10	3.614178	50000	10000	1.	20180327:155918	20180327:162013	7	588.198332	83.488142	0.7479443932342529	0.801200000038147	1.0271596917152406	0.7232	checkpoint_epochs=False,scratchspace=/home/h2/steinba/development/deeprace,num_classes=10,batch_size=128,data_augmentation=True,epochs=15,n=5,version=1,subtract_pixel_mean=True	470218	keras:2.1.4,backend:tensorflow:1.3.0	k80:1,fs:nfs
taurusi2079	resnet32v1	cifar10	3.614178	50000	10000	1.	20180327:155918	20180327:162013	8	671.688498	83.187931	0.7156889159965515	0.81318	0.8482154985427857	0.7759	checkpoint_epochs=False,scratchspace=/home/h2/steinba/development/deeprace,num_classes=10,batch_size=128,data_augmentation=True,epochs=15,n=5,version=1,subtract_pixel_mean=True	470218	keras:2.1.4,backend:tensorflow:1.3.0	k80:1,fs:nfs
taurusi2079	resnet32v1	cifar10	3.614178	50000	10000	1.	20180327:155918	20180327:162013	9	754.87834	83.26056	0.6880099721145629	0.822080000038147	0.9973249736785889	0.7506	checkpoint_epochs=False,scratchspace=/home/h2/steinba/development/deeprace,num_classes=10,batch_size=128,data_augmentation=True,epochs=15,n=5,version=1,subtract_pixel_mean=True	470218	keras:2.1.4,backend:tensorflow:1.3.0	k80:1,fs:nfs
taurusi2079	resnet32v1	cifar10	3.614178	50000	10000	1.	20180327:155918	20180327:162013	10	838.140717	83.30741	0.6644739865493774	0.828820000076294	0.9748261297225952	0.7407	checkpoint_epochs=False,scratchspace=/home/h2/steinba/development/deeprace,num_classes=10,batch_size=128,data_augmentation=True,epochs=15,n=5,version=1,subtract_pixel_mean=True	470218	keras:2.1.4,backend:tensorflow:1.3.0	k80:1,fs:nfs
taurusi2079	resnet32v1	cifar10	3.614178	50000	10000	1.	20180327:155918	20180327:162013	11	921.449942	83.428709	0.645191518535614	0.8378800000190735	0.9861348714828492	0.7391	checkpoint_epochs=False,scratchspace=/home/h2/steinba/development/deeprace,num_classes=10,batch_size=128,data_augmentation=True,epochs=15,n=5,version=1,subtract_pixel_mean=True	470218	keras:2.1.4,backend:tensorflow:1.3.0	k80:1,fs:nfs
taurusi2079	resnet32v1	cifar10	3.614178	50000	10000	1.	20180327:155918	20180327:162013	12	1004.880484	83.208579	0.6221386940193177	0.8455600000572204	0.7827580026626587	0.7968	checkpoint_epochs=False,scratchspace=/home/h2/steinba/development/deeprace,num_classes=10,batch_size=128,data_augmentation=True,epochs=15,n=5,version=1,subtract_pixel_mean=True	470218	keras:2.1.4,backend:tensorflow:1.3.0	k80:1,fs:nfs
taurusi2079	resnet32v1	cifar10	3.614178	50000	10000	1.	20180327:155918	20180327:162013	13	1088.090978	83.51042	0.6117809832000732	0.8491999999237061	1.0702512493133545	0.7383	checkpoint_epochs=False,scratchspace=/home/h2/steinba/development/deeprace,num_classes=10,batch_size=128,data_augmentation=True,epochs=15,n=5,version=1,subtract_pixel_mean=True	470218	keras:2.1.4,backend:tensorflow:1.3.0	k80:1,fs:nfs
taurusi2079	resnet32v1	cifar10	3.614178	50000	10000	1.	20180327:155918	20180327:162013	14	1171.602422	83.364037	0.5908073401260376	0.8560800000572205	0.7783645401000977	0.8007	checkpoint_epochs=False,scratchspace=/home/h2/steinba/development/deeprace,num_classes=10,batch_size=128,data_augmentation=True,epochs=15,n=5,version=1,subtract_pixel_mean=True	470218	keras:2.1.4,backend:tensorflow:1.3.0	k80:1,fs:nfs
taurusi2075	resnet32v1	cifar10	3.398778	50000	10000	1.	20180327:160017	20180327:162107	0	2.468423	84.522756	1.6640184365081787	0.4646000000095367	2.1551589849472044	0.3954	num_classes=10,batch_size=128,n=5,checkpoint_epochs=False,subtract_pixel_mean=True,scratchspace=/home/h2/steinba/development/deeprace,epochs=15,version=1,data_augmentation=True	470218	keras:2.1.4,backend:tensorflow:1.3.0	k80:1,fs:nfs
taurusi2075	resnet32v1	cifar10	3.398778	50000	10000	1.	20180327:160017	20180327:162107	1	86.992232	83.042815	1.2675789107131958	0.614800000076294	1.4303057888031006	0.5889	num_classes=10,batch_size=128,n=5,checkpoint_epochs=False,subtract_pixel_mean=True,scratchspace=/home/h2/steinba/development/deeprace,epochs=15,version=1,data_augmentation=True	470218	keras:2.1.4,backend:tensorflow:1.3.0	k80:1,fs:nfs
taurusi2075	resnet32v1	cifar10	3.398778	50000	10000	1.	20180327:160017	20180327:162107	2	170.036884	83.081484	1.0792976418685913	0.6823400000762939	1.3165087438583374	0.6292	num_classes=10,batch_size=128,n=5,checkpoint_epochs=False,subtract_pixel_mean=True,scratchspace=/home/h2/steinba/development/deeprace,epochs=15,version=1,data_augmentation=True	470218	keras:2.1.4,backend:tensorflow:1.3.0	k80:1,fs:nfs
taurusi2075	resnet32v1	cifar10	3.398778	50000	10000	1.	20180327:160017	20180327:162107	3	253.119414	82.9785	0.9596733875846862	0.725559999961853	1.3805285232543945	0.6352	num_classes=10,batch_size=128,n=5,checkpoint_epochs=False,subtract_pixel_mean=True,scratchspace=/home/h2/steinba/development/deeprace,epochs=15,version=1,data_augmentation=True	470218	keras:2.1.4,backend:tensorflow:1.3.0	k80:1,fs:nfs
taurusi2075	resnet32v1	cifar10	3.398778	50000	10000	1.	20180327:160017	20180327:162107	4	336.099749	82.965279	0.8766486649894715	0.756320000076294	2.17145163898468	0.4782	num_classes=10,batch_size=128,n=5,checkpoint_epochs=False,subtract_pixel_mean=True,scratchspace=/home/h2/steinba/development/deeprace,epochs=15,version=1,data_augmentation=True	470218	keras:2.1.4,backend:tensorflow:1.3.0	k80:1,fs:nfs
taurusi2075	resnet32v1	cifar10	3.398778	50000	10000	1.	20180327:160017	20180327:162107	5	419.066968	83.118438	0.8241254627227783	0.7761600000762939	1.1212770258903504	0.6979	num_classes=10,batch_size=128,n=5,checkpoint_epochs=False,subtract_pixel_mean=True,scratchspace=/home/h2/steinba/development/deeprace,epochs=15,version=1,data_augmentation=True	470218	keras:2.1.4,backend:tensorflow:1.3.0	k80:1,fs:nfs
taurusi2075	resnet32v1	cifar10	3.398778	50000	10000	1.	20180327:160017	20180327:162107	6	502.187337	83.110066	0.7755160125923157	0.79132	1.1754761875152588	0.6899	num_classes=10,batch_size=128,n=5,checkpoint_epochs=False,subtract_pixel_mean=True,scratchspace=/home/h2/steinba/development/deeprace,epochs=15,version=1,data_augmentation=True	470218	keras:2.1.4,backend:tensorflow:1.3.0	k80:1,fs:nfs
taurusi2075	resnet32v1	cifar10	3.398778	50000	10000	1.	20180327:160017	20180327:162107	7	585.299143	83.035814	0.7337480501174927	0.8061600001144409	0.9488770618438721	0.7453	num_classes=10,batch_size=128,n=5,checkpoint_epochs=False,subtract_pixel_mean=True,scratchspace=/home/h2/steinba/development/deeprace,epochs=15,version=1,data_augmentation=True	470218	keras:2.1.4,backend:tensorflow:1.3.0	k80:1,fs:nfs
taurusi2075	resnet32v1	cifar10	3.398778	50000	10000	1.	20180327:160017	20180327:162107	8	668.336891	83.1085	0.7051361812019348	0.8152400000190735	0.9561589006423951	0.7465	num_classes=10,batch_size=128,n=5,checkpoint_epochs=False,subtract_pixel_mean=True,scratchspace=/home/h2/steinba/development/deeprace,epochs=15,version=1,data_augmentation=True	470218	keras:2.1.4,backend:tensorflow:1.3.0	k80:1,fs:nfs
taurusi2075	resnet32v1	cifar10	3.398778	50000	10000	1.	20180327:160017	20180327:162107	9	751.447333	83.162863	0.6737247564888	0.8264000000953674	1.0125980799674987	0.7271	num_classes=10,batch_size=128,n=5,checkpoint_epochs=False,subtract_pixel_mean=True,scratchspace=/home/h2/steinba/development/deeprace,epochs=15,version=1,data_augmentation=True	470218	keras:2.1.4,backend:tensorflow:1.3.0	k80:1,fs:nfs
taurusi2075	resnet32v1	cifar10	3.398778	50000	10000	1.	20180327:160017	20180327:162107	10	834.611251	83.109127	0.6545736640548706	0.8329	0.9300937963485718	0.7528	num_classes=10,batch_size=128,n=5,checkpoint_epochs=False,subtract_pixel_mean=True,scratchspace=/home/h2/steinba/development/deeprace,epochs=15,version=1,data_augmentation=True	470218	keras:2.1.4,backend:tensorflow:1.3.0	k80:1,fs:nfs
taurusi2075	resnet32v1	cifar10	3.398778	50000	10000	1.	20180327:160017	20180327:162107	11	917.721433	83.200123	0.6315732450103759	0.8409800000953674	0.8033359864234925	0.7928	num_classes=10,batch_size=128,n=5,checkpoint_epochs=False,subtract_pixel_mean=True,scratchspace=/home/h2/steinba/development/deeprace,epochs=15,version=1,data_augmentation=True	470218	keras:2.1.4,backend:tensorflow:1.3.0	k80:1,fs:nfs
taurusi2075	resnet32v1	cifar10	3.398778	50000	10000	1.	20180327:160017	20180327:162107	12	1000.922753	83.063585	0.6162407517623901	0.848200000038147	0.8843638566970825	0.7712	num_classes=10,batch_size=128,n=5,checkpoint_epochs=False,subtract_pixel_mean=True,scratchspace=/home/h2/steinba/development/deeprace,epochs=15,version=1,data_augmentation=True	470218	keras:2.1.4,backend:tensorflow:1.3.0	k80:1,fs:nfs
taurusi2075	resnet32v1	cifar10	3.398778	50000	10000	1.	20180327:160017	20180327:162107	13	1083.988263	82.998477	0.5957512035751342	0.85212	0.7267404945373536	0.8139	num_classes=10,batch_size=128,n=5,checkpoint_epochs=False,subtract_pixel_mean=True,scratchspace=/home/h2/steinba/development/deeprace,epochs=15,version=1,data_augmentation=True	470218	keras:2.1.4,backend:tensorflow:1.3.0	k80:1,fs:nfs
taurusi2075	resnet32v1	cifar10	3.398778	50000	10000	1.	20180327:160017	20180327:162107	14	1166.988576	83.017573	0.5903553707885743	0.85656	0.7774138417243958	0.8058	num_classes=10,batch_size=128,n=5,checkpoint_epochs=False,subtract_pixel_mean=True,scratchspace=/home/h2/steinba/development/deeprace,epochs=15,version=1,data_augmentation=True	470218	keras:2.1.4,backend:tensorflow:1.3.0	k80:1,fs:nfs
taurusi2102	resnet32v1	cifar10	3.30552	50000	10000	1.	20180327:160048	20180327:162147	0	2.623407	85.226344	1.7165815049362183	0.45018000002861025	1.958647707748413	0.4359	num_classes=10,subtract_pixel_mean=True,checkpoint_epochs=False,epochs=15,scratchspace=/home/h2/steinba/development/deeprace,data_augmentation=True,version=1,n=5,batch_size=128	470218	keras:2.1.4,backend:tensorflow:1.3.0	k80:1,fs:nfs
taurusi2102	resnet32v1	cifar10	3.30552	50000	10000	1.	20180327:160048	20180327:162147	1	87.85085	83.501378	1.2937275373840331	0.604380000038147	1.4726749181747436	0.5863	num_classes=10,subtract_pixel_mean=True,checkpoint_epochs=False,epochs=15,scratchspace=/home/h2/steinba/development/deeprace,data_augmentation=True,version=1,n=5,batch_size=128	470218	keras:2.1.4,backend:tensorflow:1.3.0	k80:1,fs:nfs
taurusi2102	resnet32v1	cifar10	3.30552	50000	10000	1.	20180327:160048	20180327:162147	2	171.35333	83.37344	1.0996185766601563	0.67646	1.1806608739852906	0.6626	num_classes=10,subtract_pixel_mean=True,checkpoint_epochs=False,epochs=15,scratchspace=/home/h2/steinba/development/deeprace,data_augmentation=True,version=1,n=5,batch_size=128	470218	keras:2.1.4,backend:tensorflow:1.3.0	k80:1,fs:nfs
taurusi2102	resnet32v1	cifar10	3.30552	50000	10000	1.	20180327:160048	20180327:162147	3	254.72844	83.543961	0.97142723903656	0.723540000038147	1.2145967765808106	0.6618	num_classes=10,subtract_pixel_mean=True,checkpoint_epochs=False,epochs=15,scratchspace=/home/h2/steinba/development/deeprace,data_augmentation=True,version=1,n=5,batch_size=128	470218	keras:2.1.4,backend:tensorflow:1.3.0	k80:1,fs:nfs
taurusi2102	resnet32v1	cifar10	3.30552	50000	10000	1.	20180327:160048	20180327:162147	4	338.273506	83.626657	0.8954514871978759	0.7501400001144409	0.9793340272903442	0.7241	num_classes=10,subtract_pixel_mean=True,checkpoint_epochs=False,epochs=15,scratchspace=/home/h2/steinba/development/deeprace,data_augmentation=True,version=1,n=5,batch_size=128	470218	keras:2.1.4,backend:tensorflow:1.3.0	k80:1,fs:nfs
taurusi2102	resnet32v1	cifar10	3.30552	50000	10000	1.	20180327:160048	20180327:162147	5	421.901757	83.767514	0.8396992223358154	0.7698400000762939	1.1985313779830933	0.6677	num_classes=10,subtract_pixel_mean=True,checkpoint_epochs=False,epochs=15,scratchspace=/home/h2/steinba/development/deeprace,data_augmentation=True,version=1,n=5,batch_size=128	470218	keras:2.1.4,backend:tensorflow:1.3.0	k80:1,fs:nfs
taurusi2102	resnet32v1	cifar10	3.30552	50000	10000	1.	20180327:160048	20180327:162147	6	505.670866	83.835806	0.7886907186889649	0.7875800000762939	1.105523023033142	0.7144	num_classes=10,subtract_pixel_mean=True,checkpoint_epochs=False,epochs=15,scratchspace=/home/h2/steinba/development/deeprace,data_augmentation=True,version=1,n=5,batch_size=128	470218	keras:2.1.4,backend:tensorflow:1.3.0	k80:1,fs:nfs
taurusi2102	resnet32v1	cifar10	3.30552	50000	10000	1.	20180327:160048	20180327:162147	7	589.508403	83.464949	0.7560729179763794	0.7972000001144409	1.1633907529830934	0.6665	num_classes=10,subtract_pixel_mean=True,checkpoint_epochs=False,epochs=15,scratchspace=/home/h2/steinba/development/deeprace,data_augmentation=True,version=1,n=5,batch_size=128	470218	keras:2.1.4,backend:tensorflow:1.3.0	k80:1,fs:nfs
taurusi2102	resnet32v1	cifar10	3.30552	50000	10000	1.	20180327:160048	20180327:162147	8	672.974745	83.514271	0.7153834527587891	0.8130200000762939	1.125064958000183	0.7029	num_classes=10,subtract_pixel_mean=True,checkpoint_epochs=False,epochs=15,scratchspace=/home/h2/steinba/development/deeprace,data_augmentation=True,version=1,n=5,batch_size=128	470218	keras:2.1.4,backend:tensorflow:1.3.0	k80:1,fs:nfs
taurusi2102	resnet32v1	cifar10	3.30552	50000	10000	1.	20180327:160048	20180327:162147	9	756.490682	83.600017	0.6933945272445678	0.8201799999809265	1.0707666442871093	0.7077	num_classes=10,subtract_pixel_mean=True,checkpoint_epochs=False,epochs=15,scratchspace=/home/h2/steinba/development/deeprace,data_augmentation=True,version=1,n=5,batch_size=128	470218	keras:2.1.4,backend:tensorflow:1.3.0	k80:1,fs:nfs
taurusi2102	resnet32v1	cifar10	3.30552	50000	10000	1.	20180327:160048	20180327:162147	10	840.09229	83.604778	0.6711151782989502	0.8281600001144409	0.9433133079528808	0.7484	num_classes=10,subtract_pixel_mean=True,checkpoint_epochs=False,epochs=15,scratchspace=/home/h2/steinba/development/deeprace,data_augmentation=True,version=1,n=5,batch_size=128	470218	keras:2.1.4,backend:tensorflow:1.3.0	k80:1,fs:nfs
taurusi2102	resnet32v1	cifar10	3.30552	50000	10000	1.	20180327:160048	20180327:162147	11	923.698808	83.71929	0.6489039439201355	0.8368	0.8180151451587677	0.784	num_classes=10,subtract_pixel_mean=True,checkpoint_epochs=False,epochs=15,scratchspace=/home/h2/steinba/development/deeprace,data_augmentation=True,version=1,n=5,batch_size=128	470218	keras:2.1.4,backend:tensorflow:1.3.0	k80:1,fs:nfs
taurusi2102	resnet32v1	cifar10	3.30552	50000	10000	1.	20180327:160048	20180327:162147	12	1007.419745	83.596856	0.6302374905586242	0.842160000038147	1.103129464149475	0.7054	num_classes=10,subtract_pixel_mean=True,checkpoint_epochs=False,epochs=15,scratchspace=/home/h2/steinba/development/deeprace,data_augmentation=True,version=1,n=5,batch_size=128	470218	keras:2.1.4,backend:tensorflow:1.3.0	k80:1,fs:nfs
taurusi2102	resnet32v1	cifar10	3.30552	50000	10000	1.	20180327:160048	20180327:162147	13	1091.018286	83.990082	0.6112985758399964	0.84884	0.9487370399475098	0.7639	num_classes=10,subtract_pixel_mean=True,checkpoint_epochs=False,epochs=15,scratchspace=/home/h2/steinba/development/deeprace,data_augmentation=True,version=1,n=5,batch_size=128	470218	keras:2.1.4,backend:tensorflow:1.3.0	k80:1,fs:nfs
taurusi2102	resnet32v1	cifar10	3.30552	50000	10000	1.	20180327:160048	20180327:162147	14	1175.009961	83.549376	0.5981901549911499	0.8528000000381469	0.9394379705429077	0.7509	num_classes=10,subtract_pixel_mean=True,checkpoint_epochs=False,epochs=15,scratchspace=/home/h2/steinba/development/deeprace,data_augmentation=True,version=1,n=5,batch_size=128	470218	keras:2.1.4,backend:tensorflow:1.3.0	k80:1,fs:nfs
taurusi2099	resnet32v1	cifar10	3.353585	50000	10000	1.	20180327:160058	20180327:162151	0	2.50245	84.903869	1.6619441999816895	0.4707400000286102	1.9428365907669067	0.4536	batch_size=128,n=5,epochs=15,checkpoint_epochs=False,num_classes=10,data_augmentation=True,subtract_pixel_mean=True,scratchspace=/home/h2/steinba/development/deeprace,version=1	470218	keras:2.1.4,backend:tensorflow:1.3.0	k80:1,fs:nfs
taurusi2099	resnet32v1	cifar10	3.353585	50000	10000	1.	20180327:160058	20180327:162151	1	87.407365	83.235674	1.2643329543304442	0.6120000001144409	1.9693771141052245	0.4786	batch_size=128,n=5,epochs=15,checkpoint_epochs=False,num_classes=10,data_augmentation=True,subtract_pixel_mean=True,scratchspace=/home/h2/steinba/development/deeprace,version=1	470218	keras:2.1.4,backend:tensorflow:1.3.0	k80:1,fs:nfs
taurusi2099	resnet32v1	cifar10	3.353585	50000	10000	1.	20180327:160058	20180327:162151	2	170.645609	83.338375	1.0967122911071778	0.674640000038147	1.4116402349472046	0.5865	batch_size=128,n=5,epochs=15,checkpoint_epochs=False,num_classes=10,data_augmentation=True,subtract_pixel_mean=True,scratchspace=/home/h2/steinba/development/deeprace,version=1	470218	keras:2.1.4,backend:tensorflow:1.3.0	k80:1,fs:nfs
taurusi2099	resnet32v1	cifar10	3.353585	50000	10000	1.	20180327:160058	20180327:162151	3	253.985823	83.351922	0.9720063285827637	0.7191800000190735	1.3621320083618165	0.6177	batch_size=128,n=5,epochs=15,checkpoint_epochs=False,num_classes=10,data_augmentation=True,subtract_pixel_mean=True,scratchspace=/home/h2/steinba/development/deeprace,version=1	470218	keras:2.1.4,backend:tensorflow:1.3.0	k80:1,fs:nfs
taurusi2099	resnet32v1	cifar10	3.353585	50000	10000	1.	20180327:160058	20180327:162151	4	337.338914	83.149553	0.8913295516014099	0.746280000114441	1.7325712665557862	0.5782	batch_size=128,n=5,epochs=15,checkpoint_epochs=False,num_classes=10,data_augmentation=True,subtract_pixel_mean=True,scratchspace=/home/h2/steinba/development/deeprace,version=1	470218	keras:2.1.4,backend:tensorflow:1.3.0	k80:1,fs:nfs
taurusi2099	resnet32v1	cifar10	3.353585	50000	10000	1.	20180327:160058	20180327:162151	5	420.489518	83.183421	0.8361628162765503	0.770140000038147	0.8727659593582153	0.7593	batch_size=128,n=5,epochs=15,checkpoint_epochs=False,num_classes=10,data_augmentation=True,subtract_pixel_mean=True,scratchspace=/home/h2/steinba/development/deeprace,version=1	470218	keras:2.1.4,backend:tensorflow:1.3.0	k80:1,fs:nfs
taurusi2099	resnet32v1	cifar10	3.353585	50000	10000	1.	20180327:160058	20180327:162151	6	503.675007	83.245958	0.7827363069725036	0.788000000038147	0.9167424417495728	0.7449	batch_size=128,n=5,epochs=15,checkpoint_epochs=False,num_classes=10,data_augmentation=True,subtract_pixel_mean=True,scratchspace=/home/h2/steinba/development/deeprace,version=1	470218	keras:2.1.4,backend:tensorflow:1.3.0	k80:1,fs:nfs
taurusi2099	resnet32v1	cifar10	3.353585	50000	10000	1.	20180327:160058	20180327:162151	7	586.923026	83.245123	0.7440733284950256	0.8011800001144409	0.9127061164855957	0.7581	batch_size=128,n=5,epochs=15,checkpoint_epochs=False,num_classes=10,data_augmentation=True,subtract_pixel_mean=True,scratchspace=/home/h2/steinba/development/deeprace,version=1	470218	keras:2.1.4,backend:tensorflow:1.3.0	k80:1,fs:nfs
taurusi2099	resnet32v1	cifar10	3.353585	50000	10000	1.	20180327:160058	20180327:162151	8	670.169197	83.309749	0.7128969176483154	0.8130000000762939	0.7788808522224426	0.795	batch_size=128,n=5,epochs=15,checkpoint_epochs=False,num_classes=10,data_augmentation=True,subtract_pixel_mean=True,scratchspace=/home/h2/steinba/development/deeprace,version=1	470218	keras:2.1.4,backend:tensorflow:1.3.0	k80:1,fs:nfs
taurusi2099	resnet32v1	cifar10	3.353585	50000	10000	1.	20180327:160058	20180327:162151	9	753.480027	83.185187	0.685648353767395	0.822839999961853	1.6648697803497314	0.6049	batch_size=128,n=5,epochs=15,checkpoint_epochs=False,num_classes=10,data_augmentation=True,subtract_pixel_mean=True,scratchspace=/home/h2/steinba/development/deeprace,version=1	470218	keras:2.1.4,backend:tensorflow:1.3.0	k80:1,fs:nfs
taurusi2099	resnet32v1	cifar10	3.353585	50000	10000	1.	20180327:160058	20180327:162151	10	836.666965	83.273801	0.6666005748748779	0.830220000038147	0.906055654335022	0.7583	batch_size=128,n=5,epochs=15,checkpoint_epochs=False,num_classes=10,data_augmentation=True,subtract_pixel_mean=True,scratchspace=/home/h2/steinba/development/deeprace,version=1	470218	keras:2.1.4,backend:tensorflow:1.3.0	k80:1,fs:nfs
taurusi2099	resnet32v1	cifar10	3.353585	50000	10000	1.	20180327:160058	20180327:162151	11	919.942055	83.181935	0.6427900819396972	0.8375000000953674	0.9151754891395569	0.7622	batch_size=128,n=5,epochs=15,checkpoint_epochs=False,num_classes=10,data_augmentation=True,subtract_pixel_mean=True,scratchspace=/home/h2/steinba/development/deeprace,version=1	470218	keras:2.1.4,backend:tensorflow:1.3.0	k80:1,fs:nfs
taurusi2099	resnet32v1	cifar10	3.353585	50000	10000	1.	20180327:160058	20180327:162151	12	1003.125843	83.217573	0.6269913745117187	0.8430200000381469	0.8800618252754211	0.7717	batch_size=128,n=5,epochs=15,checkpoint_epochs=False,num_classes=10,data_augmentation=True,subtract_pixel_mean=True,scratchspace=/home/h2/steinba/development/deeprace,version=1	470218	keras:2.1.4,backend:tensorflow:1.3.0	k80:1,fs:nfs
taurusi2099	resnet32v1	cifar10	3.353585	50000	10000	1.	20180327:160058	20180327:162151	13	1086.34513	83.08495	0.6050522020626068	0.8524400000572204	0.8608835748672485	0.7742	batch_size=128,n=5,epochs=15,checkpoint_epochs=False,num_classes=10,data_augmentation=True,subtract_pixel_mean=True,scratchspace=/home/h2/steinba/development/deeprace,version=1	470218	keras:2.1.4,backend:tensorflow:1.3.0	k80:1,fs:nfs
taurusi2099	resnet32v1	cifar10	3.353585	50000	10000	1.	20180327:160058	20180327:162151	14	1169.431135	83.220608	0.5937815950393677	0.8550200000953674	1.4481152423858643	0.6665	batch_size=128,n=5,epochs=15,checkpoint_epochs=False,num_classes=10,data_augmentation=True,subtract_pixel_mean=True,scratchspace=/home/h2/steinba/development/deeprace,version=1	470218	keras:2.1.4,backend:tensorflow:1.3.0	k80:1,fs:nfs
