host	model	dataset	load_dur_sec	ntrain	ntest	datafraction	train_start	train_end	epoch	rel_epoch_start_sec	epoch_dur_sec	loss	acc	val_loss	val_acc	top_k_catacc	val_top_k_catacc	opts	n_model_params	versions	comment
taurusi2068	resnet32v1	cifar10	4.653889	50000	10000	1.	20180413:194525	20180413:200317	0	3.017915	72.75667	1.8246844019317627	0.4064599999904633	2.189898389816284	0.3702	0.8828000000190734	0.886	num_classes=10,scratchspace=/home/h2/steinba/development/deeprace,subtract_pixel_mean=True,data_augmentation=True,checkpoint_epochs=False,batch_size=256,n_gpus=1,version=1,epochs=15,n=5	470218	keras:2.1.4,backend:tensorflow:1.3.0	k80:1,fs:nfs
taurusi2068	resnet32v1	cifar10	4.653889	50000	10000	1.	20180413:194525	20180413:200317	1	75.775649	71.058849	1.3964600629425048	0.5615599999809265	2.131488377761841	0.4229	0.9506800000762939	0.8977	num_classes=10,scratchspace=/home/h2/steinba/development/deeprace,subtract_pixel_mean=True,data_augmentation=True,checkpoint_epochs=False,batch_size=256,n_gpus=1,version=1,epochs=15,n=5	470218	keras:2.1.4,backend:tensorflow:1.3.0	k80:1,fs:nfs
taurusi2068	resnet32v1	cifar10	4.653889	50000	10000	1.	20180413:194525	20180413:200317	2	146.83657	71.083868	1.1883311080932617	0.63852	1.2155391328811644	0.6352	0.96666	0.9669	num_classes=10,scratchspace=/home/h2/steinba/development/deeprace,subtract_pixel_mean=True,data_augmentation=True,checkpoint_epochs=False,batch_size=256,n_gpus=1,version=1,epochs=15,n=5	470218	keras:2.1.4,backend:tensorflow:1.3.0	k80:1,fs:nfs
taurusi2068	resnet32v1	cifar10	4.653889	50000	10000	1.	20180413:194525	20180413:200317	3	217.922201	70.980503	1.0530382778167724	0.691780000038147	1.6814439783096313	0.5589	0.9767600000190735	0.947	num_classes=10,scratchspace=/home/h2/steinba/development/deeprace,subtract_pixel_mean=True,data_augmentation=True,checkpoint_epochs=False,batch_size=256,n_gpus=1,version=1,epochs=15,n=5	470218	keras:2.1.4,backend:tensorflow:1.3.0	k80:1,fs:nfs
taurusi2068	resnet32v1	cifar10	4.653889	50000	10000	1.	20180413:194525	20180413:200317	4	288.904791	71.048538	0.9596316913604737	0.72382	1.174377460670471	0.6615	0.98088	0.9648	num_classes=10,scratchspace=/home/h2/steinba/development/deeprace,subtract_pixel_mean=True,data_augmentation=True,checkpoint_epochs=False,batch_size=256,n_gpus=1,version=1,epochs=15,n=5	470218	keras:2.1.4,backend:tensorflow:1.3.0	k80:1,fs:nfs
taurusi2068	resnet32v1	cifar10	4.653889	50000	10000	1.	20180413:194525	20180413:200317	5	359.95519	71.148636	0.8903748737335205	0.7490799999237061	1.5051026514053345	0.6182	0.9843800000190734	0.9543	num_classes=10,scratchspace=/home/h2/steinba/development/deeprace,subtract_pixel_mean=True,data_augmentation=True,checkpoint_epochs=False,batch_size=256,n_gpus=1,version=1,epochs=15,n=5	470218	keras:2.1.4,backend:tensorflow:1.3.0	k80:1,fs:nfs
taurusi2068	resnet32v1	cifar10	4.653889	50000	10000	1.	20180413:194525	20180413:200317	6	431.105677	71.117409	0.8300704378890991	0.771940000114441	1.3973745475769044	0.6272	0.9865200000190735	0.9603	num_classes=10,scratchspace=/home/h2/steinba/development/deeprace,subtract_pixel_mean=True,data_augmentation=True,checkpoint_epochs=False,batch_size=256,n_gpus=1,version=1,epochs=15,n=5	470218	keras:2.1.4,backend:tensorflow:1.3.0	k80:1,fs:nfs
taurusi2068	resnet32v1	cifar10	4.653889	50000	10000	1.	20180413:194525	20180413:200317	7	502.225739	71.217488	0.7901148753356934	0.7827399999618531	0.9749163246154785	0.7304	0.9882800000190735	0.9772	num_classes=10,scratchspace=/home/h2/steinba/development/deeprace,subtract_pixel_mean=True,data_augmentation=True,checkpoint_epochs=False,batch_size=256,n_gpus=1,version=1,epochs=15,n=5	470218	keras:2.1.4,backend:tensorflow:1.3.0	k80:1,fs:nfs
taurusi2068	resnet32v1	cifar10	4.653889	50000	10000	1.	20180413:194525	20180413:200317	8	573.445188	71.170345	0.7442814670181275	0.7995200000381469	0.9160086763381958	0.7513	0.989960000038147	0.9776	num_classes=10,scratchspace=/home/h2/steinba/development/deeprace,subtract_pixel_mean=True,data_augmentation=True,checkpoint_epochs=False,batch_size=256,n_gpus=1,version=1,epochs=15,n=5	470218	keras:2.1.4,backend:tensorflow:1.3.0	k80:1,fs:nfs
taurusi2068	resnet32v1	cifar10	4.653889	50000	10000	1.	20180413:194525	20180413:200317	9	644.617302	71.278624	0.715930990524292	0.80912	1.0581048007965088	0.6967	0.9910600000190735	0.9775	num_classes=10,scratchspace=/home/h2/steinba/development/deeprace,subtract_pixel_mean=True,data_augmentation=True,checkpoint_epochs=False,batch_size=256,n_gpus=1,version=1,epochs=15,n=5	470218	keras:2.1.4,backend:tensorflow:1.3.0	k80:1,fs:nfs
taurusi2068	resnet32v1	cifar10	4.653889	50000	10000	1.	20180413:194525	20180413:200317	10	715.897892	71.007769	0.6902491457748413	0.820160000076294	0.8652709879875183	0.7615	0.990960000038147	0.9853	num_classes=10,scratchspace=/home/h2/steinba/development/deeprace,subtract_pixel_mean=True,data_augmentation=True,checkpoint_epochs=False,batch_size=256,n_gpus=1,version=1,epochs=15,n=5	470218	keras:2.1.4,backend:tensorflow:1.3.0	k80:1,fs:nfs
taurusi2068	resnet32v1	cifar10	4.653889	50000	10000	1.	20180413:194525	20180413:200317	11	786.907743	71.252262	0.6656797080421448	0.825979999961853	0.946703879737854	0.7409	0.9922	0.9745	num_classes=10,scratchspace=/home/h2/steinba/development/deeprace,subtract_pixel_mean=True,data_augmentation=True,checkpoint_epochs=False,batch_size=256,n_gpus=1,version=1,epochs=15,n=5	470218	keras:2.1.4,backend:tensorflow:1.3.0	k80:1,fs:nfs
taurusi2068	resnet32v1	cifar10	4.653889	50000	10000	1.	20180413:194525	20180413:200317	12	858.161716	71.182732	0.6407478383255005	0.833499999961853	0.8704406890869141	0.7606	0.9932400000190735	0.9841	num_classes=10,scratchspace=/home/h2/steinba/development/deeprace,subtract_pixel_mean=True,data_augmentation=True,checkpoint_epochs=False,batch_size=256,n_gpus=1,version=1,epochs=15,n=5	470218	keras:2.1.4,backend:tensorflow:1.3.0	k80:1,fs:nfs
taurusi2068	resnet32v1	cifar10	4.653889	50000	10000	1.	20180413:194525	20180413:200317	13	929.346316	71.239632	0.6218312443637848	0.841700000076294	1.0337793289184571	0.7288	0.9933600000190735	0.9827	num_classes=10,scratchspace=/home/h2/steinba/development/deeprace,subtract_pixel_mean=True,data_augmentation=True,checkpoint_epochs=False,batch_size=256,n_gpus=1,version=1,epochs=15,n=5	470218	keras:2.1.4,backend:tensorflow:1.3.0	k80:1,fs:nfs
taurusi2068	resnet32v1	cifar10	4.653889	50000	10000	1.	20180413:194525	20180413:200317	14	1000.588031	71.095879	0.6044834040546417	0.8470400001144409	0.9123435354232788	0.7651	0.99402	0.9811	num_classes=10,scratchspace=/home/h2/steinba/development/deeprace,subtract_pixel_mean=True,data_augmentation=True,checkpoint_epochs=False,batch_size=256,n_gpus=1,version=1,epochs=15,n=5	470218	keras:2.1.4,backend:tensorflow:1.3.0	k80:1,fs:nfs
taurusi2102	resnet32v1	cifar10	8.65116	50000	10000	1.	20180413:193703	20180413:195455	0	3.029212	72.762438	1.764047101211548	0.4288200000190735	1.770799485206604	0.4408	0.89526	0.9042	epochs=15,n_gpus=1,subtract_pixel_mean=True,checkpoint_epochs=False,batch_size=256,n=5,version=1,num_classes=10,data_augmentation=True,scratchspace=/home/h2/steinba/development/deeprace	470218	keras:2.1.4,backend:tensorflow:1.3.0	k80:1,fs:nfs
taurusi2102	resnet32v1	cifar10	8.65116	50000	10000	1.	20180413:193703	20180413:195455	1	75.792713	71.171254	1.360665030860901	0.5769800000190735	1.7991164779663087	0.4632	0.9534599999427795	0.9413	epochs=15,n_gpus=1,subtract_pixel_mean=True,checkpoint_epochs=False,batch_size=256,n=5,version=1,num_classes=10,data_augmentation=True,scratchspace=/home/h2/steinba/development/deeprace	470218	keras:2.1.4,backend:tensorflow:1.3.0	k80:1,fs:nfs
taurusi2102	resnet32v1	cifar10	8.65116	50000	10000	1.	20180413:193703	20180413:195455	2	146.965919	71.168243	1.1534705912780763	0.6536800000762939	2.0244804616928103	0.5248	0.9693599999427795	0.8648	epochs=15,n_gpus=1,subtract_pixel_mean=True,checkpoint_epochs=False,batch_size=256,n=5,version=1,num_classes=10,data_augmentation=True,scratchspace=/home/h2/steinba/development/deeprace	470218	keras:2.1.4,backend:tensorflow:1.3.0	k80:1,fs:nfs
taurusi2102	resnet32v1	cifar10	8.65116	50000	10000	1.	20180413:193703	20180413:195455	3	218.136004	71.159027	1.025570420513153	0.7035600000762939	2.2875843635559083	0.4605	0.976739999961853	0.8932	epochs=15,n_gpus=1,subtract_pixel_mean=True,checkpoint_epochs=False,batch_size=256,n=5,version=1,num_classes=10,data_augmentation=True,scratchspace=/home/h2/steinba/development/deeprace	470218	keras:2.1.4,backend:tensorflow:1.3.0	k80:1,fs:nfs
taurusi2102	resnet32v1	cifar10	8.65116	50000	10000	1.	20180413:193703	20180413:195455	4	289.296985	71.268494	0.9251739727401733	0.7387600000572204	1.5087277936935424	0.5942	0.981959999961853	0.9403	epochs=15,n_gpus=1,subtract_pixel_mean=True,checkpoint_epochs=False,batch_size=256,n=5,version=1,num_classes=10,data_augmentation=True,scratchspace=/home/h2/steinba/development/deeprace	470218	keras:2.1.4,backend:tensorflow:1.3.0	k80:1,fs:nfs
taurusi2102	resnet32v1	cifar10	8.65116	50000	10000	1.	20180413:193703	20180413:195455	5	360.567556	71.02993	0.8545192374229431	0.76174	1.0750187753677367	0.7005	0.9857999999618531	0.9771	epochs=15,n_gpus=1,subtract_pixel_mean=True,checkpoint_epochs=False,batch_size=256,n=5,version=1,num_classes=10,data_augmentation=True,scratchspace=/home/h2/steinba/development/deeprace	470218	keras:2.1.4,backend:tensorflow:1.3.0	k80:1,fs:nfs
taurusi2102	resnet32v1	cifar10	8.65116	50000	10000	1.	20180413:193703	20180413:195455	6	431.599529	71.112455	0.8011902890396119	0.7822200001525879	1.2518559615135192	0.6542	0.9875800000381469	0.9607	epochs=15,n_gpus=1,subtract_pixel_mean=True,checkpoint_epochs=False,batch_size=256,n=5,version=1,num_classes=10,data_augmentation=True,scratchspace=/home/h2/steinba/development/deeprace	470218	keras:2.1.4,backend:tensorflow:1.3.0	k80:1,fs:nfs
taurusi2102	resnet32v1	cifar10	8.65116	50000	10000	1.	20180413:193703	20180413:195455	7	502.713801	71.112024	0.7693327928161621	0.7937400000190735	1.0077931024551392	0.7319	0.98872	0.9758	epochs=15,n_gpus=1,subtract_pixel_mean=True,checkpoint_epochs=False,batch_size=256,n=5,version=1,num_classes=10,data_augmentation=True,scratchspace=/home/h2/steinba/development/deeprace	470218	keras:2.1.4,backend:tensorflow:1.3.0	k80:1,fs:nfs
taurusi2102	resnet32v1	cifar10	8.65116	50000	10000	1.	20180413:193703	20180413:195455	8	573.827619	71.216494	0.7295643330001831	0.8069600000572205	1.269640490627289	0.6716	0.9903800000190734	0.9666	epochs=15,n_gpus=1,subtract_pixel_mean=True,checkpoint_epochs=False,batch_size=256,n=5,version=1,num_classes=10,data_augmentation=True,scratchspace=/home/h2/steinba/development/deeprace	470218	keras:2.1.4,backend:tensorflow:1.3.0	k80:1,fs:nfs
taurusi2102	resnet32v1	cifar10	8.65116	50000	10000	1.	20180413:193703	20180413:195455	9	645.04588	71.098329	0.7027991282272339	0.817000000114441	0.7993735062599182	0.7891	0.9911399999427796	0.9879	epochs=15,n_gpus=1,subtract_pixel_mean=True,checkpoint_epochs=False,batch_size=256,n=5,version=1,num_classes=10,data_augmentation=True,scratchspace=/home/h2/steinba/development/deeprace	470218	keras:2.1.4,backend:tensorflow:1.3.0	k80:1,fs:nfs
taurusi2102	resnet32v1	cifar10	8.65116	50000	10000	1.	20180413:193703	20180413:195455	10	716.146061	71.282052	0.669029657535553	0.8248	0.9976721663475037	0.7349	0.99192	0.9833	epochs=15,n_gpus=1,subtract_pixel_mean=True,checkpoint_epochs=False,batch_size=256,n=5,version=1,num_classes=10,data_augmentation=True,scratchspace=/home/h2/steinba/development/deeprace	470218	keras:2.1.4,backend:tensorflow:1.3.0	k80:1,fs:nfs
taurusi2102	resnet32v1	cifar10	8.65116	50000	10000	1.	20180413:193703	20180413:195455	11	787.429963	71.135221	0.6533097389602661	0.8326200001144409	1.07670635471344	0.7091	0.9930599999427795	0.9758	epochs=15,n_gpus=1,subtract_pixel_mean=True,checkpoint_epochs=False,batch_size=256,n=5,version=1,num_classes=10,data_augmentation=True,scratchspace=/home/h2/steinba/development/deeprace	470218	keras:2.1.4,backend:tensorflow:1.3.0	k80:1,fs:nfs
taurusi2102	resnet32v1	cifar10	8.65116	50000	10000	1.	20180413:193703	20180413:195455	12	858.566258	71.080161	0.6280492474365235	0.83832	1.0777018805503846	0.7205	0.9936	0.9774	epochs=15,n_gpus=1,subtract_pixel_mean=True,checkpoint_epochs=False,batch_size=256,n=5,version=1,num_classes=10,data_augmentation=True,scratchspace=/home/h2/steinba/development/deeprace	470218	keras:2.1.4,backend:tensorflow:1.3.0	k80:1,fs:nfs
taurusi2102	resnet32v1	cifar10	8.65116	50000	10000	1.	20180413:193703	20180413:195455	13	929.648018	70.97775	0.6085396565055847	0.846980000038147	1.237941268157959	0.6835	0.9941200000190735	0.9775	epochs=15,n_gpus=1,subtract_pixel_mean=True,checkpoint_epochs=False,batch_size=256,n=5,version=1,num_classes=10,data_augmentation=True,scratchspace=/home/h2/steinba/development/deeprace	470218	keras:2.1.4,backend:tensorflow:1.3.0	k80:1,fs:nfs
taurusi2102	resnet32v1	cifar10	8.65116	50000	10000	1.	20180413:193703	20180413:195455	14	1000.627624	71.115933	0.599387095413208	0.8496199999427796	0.8717615801811218	0.7718	0.99454	0.9816	epochs=15,n_gpus=1,subtract_pixel_mean=True,checkpoint_epochs=False,batch_size=256,n=5,version=1,num_classes=10,data_augmentation=True,scratchspace=/home/h2/steinba/development/deeprace	470218	keras:2.1.4,backend:tensorflow:1.3.0	k80:1,fs:nfs
taurusi2074	resnet32v1	cifar10	4.70214	50000	10000	1.	20180413:193656	20180413:195449	0	2.99244	73.110858	1.8100478833770752	0.42924	1.8882387880325318	0.4347	0.890480000114441	0.8935	epochs=15,n=5,data_augmentation=True,checkpoint_epochs=False,num_classes=10,version=1,subtract_pixel_mean=True,n_gpus=1,batch_size=256,scratchspace=/home/h2/steinba/development/deeprace	470218	keras:2.1.4,backend:tensorflow:1.3.0	k80:1,fs:nfs
taurusi2074	resnet32v1	cifar10	4.70214	50000	10000	1.	20180413:193656	20180413:195449	1	76.104367	71.016877	1.3366743642807006	0.5885600000190735	1.5098368730545044	0.5452	0.9558399999427796	0.9396	epochs=15,n=5,data_augmentation=True,checkpoint_epochs=False,num_classes=10,version=1,subtract_pixel_mean=True,n_gpus=1,batch_size=256,scratchspace=/home/h2/steinba/development/deeprace	470218	keras:2.1.4,backend:tensorflow:1.3.0	k80:1,fs:nfs
taurusi2074	resnet32v1	cifar10	4.70214	50000	10000	1.	20180413:193656	20180413:195449	2	147.123112	71.419231	1.1520201314544678	0.6543200000953674	1.2807851840972901	0.63	0.9696000000190735	0.9461	epochs=15,n=5,data_augmentation=True,checkpoint_epochs=False,num_classes=10,version=1,subtract_pixel_mean=True,n_gpus=1,batch_size=256,scratchspace=/home/h2/steinba/development/deeprace	470218	keras:2.1.4,backend:tensorflow:1.3.0	k80:1,fs:nfs
taurusi2074	resnet32v1	cifar10	4.70214	50000	10000	1.	20180413:193656	20180413:195449	3	218.54402	71.06622	1.0206687153625489	0.7026000000572205	1.4829170436859131	0.5887	0.9778	0.9487	epochs=15,n=5,data_augmentation=True,checkpoint_epochs=False,num_classes=10,version=1,subtract_pixel_mean=True,n_gpus=1,batch_size=256,scratchspace=/home/h2/steinba/development/deeprace	470218	keras:2.1.4,backend:tensorflow:1.3.0	k80:1,fs:nfs
taurusi2074	resnet32v1	cifar10	4.70214	50000	10000	1.	20180413:193656	20180413:195449	4	289.612216	71.49005	0.9289016474151611	0.734960000038147	1.3038099630355835	0.6237	0.981760000038147	0.9712	epochs=15,n=5,data_augmentation=True,checkpoint_epochs=False,num_classes=10,version=1,subtract_pixel_mean=True,n_gpus=1,batch_size=256,scratchspace=/home/h2/steinba/development/deeprace	470218	keras:2.1.4,backend:tensorflow:1.3.0	k80:1,fs:nfs
taurusi2074	resnet32v1	cifar10	4.70214	50000	10000	1.	20180413:193656	20180413:195449	5	361.104036	71.508397	0.8573915681266785	0.7612599999427795	1.1149310550689697	0.6891	0.9855999999809265	0.9616	epochs=15,n=5,data_augmentation=True,checkpoint_epochs=False,num_classes=10,version=1,subtract_pixel_mean=True,n_gpus=1,batch_size=256,scratchspace=/home/h2/steinba/development/deeprace	470218	keras:2.1.4,backend:tensorflow:1.3.0	k80:1,fs:nfs
taurusi2074	resnet32v1	cifar10	4.70214	50000	10000	1.	20180413:193656	20180413:195449	6	432.614288	71.378179	0.8027173696708679	0.779220000038147	1.1750364959716797	0.6617	0.98756	0.9759	epochs=15,n=5,data_augmentation=True,checkpoint_epochs=False,num_classes=10,version=1,subtract_pixel_mean=True,n_gpus=1,batch_size=256,scratchspace=/home/h2/steinba/development/deeprace	470218	keras:2.1.4,backend:tensorflow:1.3.0	k80:1,fs:nfs
taurusi2074	resnet32v1	cifar10	4.70214	50000	10000	1.	20180413:193656	20180413:195449	7	503.994224	71.223444	0.7622849202537537	0.793980000076294	1.0477544477462768	0.7225	0.98882	0.9774	epochs=15,n=5,data_augmentation=True,checkpoint_epochs=False,num_classes=10,version=1,subtract_pixel_mean=True,n_gpus=1,batch_size=256,scratchspace=/home/h2/steinba/development/deeprace	470218	keras:2.1.4,backend:tensorflow:1.3.0	k80:1,fs:nfs
taurusi2074	resnet32v1	cifar10	4.70214	50000	10000	1.	20180413:193656	20180413:195449	8	575.219628	71.292449	0.7277327359771728	0.80582	1.0950656896591187	0.7068	0.9904	0.9693	epochs=15,n=5,data_augmentation=True,checkpoint_epochs=False,num_classes=10,version=1,subtract_pixel_mean=True,n_gpus=1,batch_size=256,scratchspace=/home/h2/steinba/development/deeprace	470218	keras:2.1.4,backend:tensorflow:1.3.0	k80:1,fs:nfs
taurusi2074	resnet32v1	cifar10	4.70214	50000	10000	1.	20180413:193656	20180413:195449	9	646.513152	71.13911	0.6981788908004761	0.8157400000190735	1.2057121620178222	0.6692	0.990880000038147	0.9681	epochs=15,n=5,data_augmentation=True,checkpoint_epochs=False,num_classes=10,version=1,subtract_pixel_mean=True,n_gpus=1,batch_size=256,scratchspace=/home/h2/steinba/development/deeprace	470218	keras:2.1.4,backend:tensorflow:1.3.0	k80:1,fs:nfs
taurusi2074	resnet32v1	cifar10	4.70214	50000	10000	1.	20180413:193656	20180413:195449	10	717.653644	71.107905	0.6688894077301025	0.8251000000953674	0.9061804538726806	0.7526	0.99202	0.9866	epochs=15,n=5,data_augmentation=True,checkpoint_epochs=False,num_classes=10,version=1,subtract_pixel_mean=True,n_gpus=1,batch_size=256,scratchspace=/home/h2/steinba/development/deeprace	470218	keras:2.1.4,backend:tensorflow:1.3.0	k80:1,fs:nfs
taurusi2074	resnet32v1	cifar10	4.70214	50000	10000	1.	20180413:193656	20180413:195449	11	788.763312	71.178786	0.6507558376693725	0.8325800000572204	0.7781261419296265	0.7931	0.9922800000190735	0.9861	epochs=15,n=5,data_augmentation=True,checkpoint_epochs=False,num_classes=10,version=1,subtract_pixel_mean=True,n_gpus=1,batch_size=256,scratchspace=/home/h2/steinba/development/deeprace	470218	keras:2.1.4,backend:tensorflow:1.3.0	k80:1,fs:nfs
taurusi2074	resnet32v1	cifar10	4.70214	50000	10000	1.	20180413:193656	20180413:195449	12	859.944062	71.226287	0.6290828989219666	0.839820000076294	1.1177324022293091	0.7086	0.9929200000190734	0.9801	epochs=15,n=5,data_augmentation=True,checkpoint_epochs=False,num_classes=10,version=1,subtract_pixel_mean=True,n_gpus=1,batch_size=256,scratchspace=/home/h2/steinba/development/deeprace	470218	keras:2.1.4,backend:tensorflow:1.3.0	k80:1,fs:nfs
taurusi2074	resnet32v1	cifar10	4.70214	50000	10000	1.	20180413:193656	20180413:195449	13	931.172342	71.128731	0.6112263396263122	0.845259999923706	1.192330724143982	0.6856	0.9938400000190735	0.9709	epochs=15,n=5,data_augmentation=True,checkpoint_epochs=False,num_classes=10,version=1,subtract_pixel_mean=True,n_gpus=1,batch_size=256,scratchspace=/home/h2/steinba/development/deeprace	470218	keras:2.1.4,backend:tensorflow:1.3.0	k80:1,fs:nfs
taurusi2074	resnet32v1	cifar10	4.70214	50000	10000	1.	20180413:193656	20180413:195449	14	1002.30304	71.139928	0.5946907162666321	0.8484200000190735	1.0742184310913085	0.7182	0.99432	0.9683	epochs=15,n=5,data_augmentation=True,checkpoint_epochs=False,num_classes=10,version=1,subtract_pixel_mean=True,n_gpus=1,batch_size=256,scratchspace=/home/h2/steinba/development/deeprace	470218	keras:2.1.4,backend:tensorflow:1.3.0	k80:1,fs:nfs
taurusi2106	resnet32v1	cifar10	7.705855	50000	10000	1.	20180413:193752	20180413:195604	0	3.170172	74.197291	1.7025972151947022	0.4537400000286102	1.8425425924301146	0.4658	0.905340000038147	0.9054	scratchspace=/home/h2/steinba/development/deeprace,batch_size=256,checkpoint_epochs=False,n=5,epochs=15,num_classes=10,version=1,data_augmentation=True,n_gpus=1,subtract_pixel_mean=True	470218	keras:2.1.4,backend:tensorflow:1.3.0	k80:1,fs:nfs
taurusi2106	resnet32v1	cifar10	7.705855	50000	10000	1.	20180413:193752	20180413:195604	1	77.368628	72.485511	1.2951229654312133	0.601099999961853	1.8488898611068725	0.4961	0.9592800000190734	0.9302	scratchspace=/home/h2/steinba/development/deeprace,batch_size=256,checkpoint_epochs=False,n=5,epochs=15,num_classes=10,version=1,data_augmentation=True,n_gpus=1,subtract_pixel_mean=True	470218	keras:2.1.4,backend:tensorflow:1.3.0	k80:1,fs:nfs
taurusi2106	resnet32v1	cifar10	7.705855	50000	10000	1.	20180413:193752	20180413:195604	2	149.855944	72.577762	1.1274177654647828	0.66494	1.4585675241470337	0.5882	0.970719999961853	0.9504	scratchspace=/home/h2/steinba/development/deeprace,batch_size=256,checkpoint_epochs=False,n=5,epochs=15,num_classes=10,version=1,data_augmentation=True,n_gpus=1,subtract_pixel_mean=True	470218	keras:2.1.4,backend:tensorflow:1.3.0	k80:1,fs:nfs
taurusi2106	resnet32v1	cifar10	7.705855	50000	10000	1.	20180413:193752	20180413:195604	3	222.435365	72.585359	0.9984797700119018	0.7108200000572205	1.2961274873733521	0.6425	0.978719999961853	0.9611	scratchspace=/home/h2/steinba/development/deeprace,batch_size=256,checkpoint_epochs=False,n=5,epochs=15,num_classes=10,version=1,data_augmentation=True,n_gpus=1,subtract_pixel_mean=True	470218	keras:2.1.4,backend:tensorflow:1.3.0	k80:1,fs:nfs
taurusi2106	resnet32v1	cifar10	7.705855	50000	10000	1.	20180413:193752	20180413:195604	4	295.022483	72.442107	0.9220709633636475	0.7377000000953674	1.414284532546997	0.5897	0.9822599999427796	0.9659	scratchspace=/home/h2/steinba/development/deeprace,batch_size=256,checkpoint_epochs=False,n=5,epochs=15,num_classes=10,version=1,data_augmentation=True,n_gpus=1,subtract_pixel_mean=True	470218	keras:2.1.4,backend:tensorflow:1.3.0	k80:1,fs:nfs
taurusi2106	resnet32v1	cifar10	7.705855	50000	10000	1.	20180413:193752	20180413:195604	5	367.466097	72.526539	0.8523331497383118	0.7625000000762939	1.5550707469940186	0.5759	0.98556	0.9579	scratchspace=/home/h2/steinba/development/deeprace,batch_size=256,checkpoint_epochs=False,n=5,epochs=15,num_classes=10,version=1,data_augmentation=True,n_gpus=1,subtract_pixel_mean=True	470218	keras:2.1.4,backend:tensorflow:1.3.0	k80:1,fs:nfs
taurusi2106	resnet32v1	cifar10	7.705855	50000	10000	1.	20180413:193752	20180413:195604	6	439.994532	72.554526	0.7989461504554749	0.7797200000572204	1.2489190913200379	0.6703	0.9871200000381469	0.9749	scratchspace=/home/h2/steinba/development/deeprace,batch_size=256,checkpoint_epochs=False,n=5,epochs=15,num_classes=10,version=1,data_augmentation=True,n_gpus=1,subtract_pixel_mean=True	470218	keras:2.1.4,backend:tensorflow:1.3.0	k80:1,fs:nfs
taurusi2106	resnet32v1	cifar10	7.705855	50000	10000	1.	20180413:193752	20180413:195604	7	512.550322	72.496172	0.75504506067276	0.796120000038147	0.9638203165054321	0.7438	0.9894600000190735	0.9759	scratchspace=/home/h2/steinba/development/deeprace,batch_size=256,checkpoint_epochs=False,n=5,epochs=15,num_classes=10,version=1,data_augmentation=True,n_gpus=1,subtract_pixel_mean=True	470218	keras:2.1.4,backend:tensorflow:1.3.0	k80:1,fs:nfs
taurusi2106	resnet32v1	cifar10	7.705855	50000	10000	1.	20180413:193752	20180413:195604	8	585.048252	72.564665	0.722297280330658	0.8079000000762939	0.8516182880401612	0.7611	0.9903000000190735	0.986	scratchspace=/home/h2/steinba/development/deeprace,batch_size=256,checkpoint_epochs=False,n=5,epochs=15,num_classes=10,version=1,data_augmentation=True,n_gpus=1,subtract_pixel_mean=True	470218	keras:2.1.4,backend:tensorflow:1.3.0	k80:1,fs:nfs
taurusi2106	resnet32v1	cifar10	7.705855	50000	10000	1.	20180413:193752	20180413:195604	9	657.614494	72.528562	0.6890695382118225	0.8187800001335144	0.9253601030349732	0.7489	0.99186	0.9828	scratchspace=/home/h2/steinba/development/deeprace,batch_size=256,checkpoint_epochs=False,n=5,epochs=15,num_classes=10,version=1,data_augmentation=True,n_gpus=1,subtract_pixel_mean=True	470218	keras:2.1.4,backend:tensorflow:1.3.0	k80:1,fs:nfs
taurusi2106	resnet32v1	cifar10	7.705855	50000	10000	1.	20180413:193752	20180413:195604	10	730.144621	72.491106	0.6625120756721496	0.82788	0.8660443956375122	0.7549	0.9926200000190735	0.9871	scratchspace=/home/h2/steinba/development/deeprace,batch_size=256,checkpoint_epochs=False,n=5,epochs=15,num_classes=10,version=1,data_augmentation=True,n_gpus=1,subtract_pixel_mean=True	470218	keras:2.1.4,backend:tensorflow:1.3.0	k80:1,fs:nfs
taurusi2106	resnet32v1	cifar10	7.705855	50000	10000	1.	20180413:193752	20180413:195604	11	802.637252	72.487141	0.6372742734718323	0.8361800000762939	0.8683429183006287	0.7786	0.99298	0.9842	scratchspace=/home/h2/steinba/development/deeprace,batch_size=256,checkpoint_epochs=False,n=5,epochs=15,num_classes=10,version=1,data_augmentation=True,n_gpus=1,subtract_pixel_mean=True	470218	keras:2.1.4,backend:tensorflow:1.3.0	k80:1,fs:nfs
taurusi2106	resnet32v1	cifar10	7.705855	50000	10000	1.	20180413:193752	20180413:195604	12	875.126032	72.539246	0.6196082162094116	0.8432600000572205	0.8668957250595093	0.7704	0.9931	0.9821	scratchspace=/home/h2/steinba/development/deeprace,batch_size=256,checkpoint_epochs=False,n=5,epochs=15,num_classes=10,version=1,data_augmentation=True,n_gpus=1,subtract_pixel_mean=True	470218	keras:2.1.4,backend:tensorflow:1.3.0	k80:1,fs:nfs
taurusi2106	resnet32v1	cifar10	7.705855	50000	10000	1.	20180413:193752	20180413:195604	13	947.666786	72.525133	0.600161136226654	0.8482200001144409	0.8322205302238465	0.7868	0.993920000038147	0.985	scratchspace=/home/h2/steinba/development/deeprace,batch_size=256,checkpoint_epochs=False,n=5,epochs=15,num_classes=10,version=1,data_augmentation=True,n_gpus=1,subtract_pixel_mean=True	470218	keras:2.1.4,backend:tensorflow:1.3.0	k80:1,fs:nfs
taurusi2106	resnet32v1	cifar10	7.705855	50000	10000	1.	20180413:193752	20180413:195604	14	1020.193511	72.497622	0.5854988818931579	0.8528600000572205	0.9083217165946961	0.765	0.99472	0.9804	scratchspace=/home/h2/steinba/development/deeprace,batch_size=256,checkpoint_epochs=False,n=5,epochs=15,num_classes=10,version=1,data_augmentation=True,n_gpus=1,subtract_pixel_mean=True	470218	keras:2.1.4,backend:tensorflow:1.3.0	k80:1,fs:nfs
taurusi2104	resnet32v1	cifar10	7.888752	50000	10000	1.	20180413:193833	20180413:195642	0	3.130935	74.006147	1.9210737463378906	0.38352000003814696	2.18807522315979	0.2915	0.8684400000953675	0.8719	n_gpus=1,scratchspace=/home/h2/steinba/development/deeprace,n=5,num_classes=10,version=1,subtract_pixel_mean=True,batch_size=256,data_augmentation=True,epochs=15,checkpoint_epochs=False	470218	keras:2.1.4,backend:tensorflow:1.3.0	k80:1,fs:nfs
taurusi2104	resnet32v1	cifar10	7.888752	50000	10000	1.	20180413:193833	20180413:195642	1	77.138183	72.124602	1.4489636639785766	0.54156	1.9355473554611207	0.4331	0.9438799999809265	0.9086	n_gpus=1,scratchspace=/home/h2/steinba/development/deeprace,n=5,num_classes=10,version=1,subtract_pixel_mean=True,batch_size=256,data_augmentation=True,epochs=15,checkpoint_epochs=False	470218	keras:2.1.4,backend:tensorflow:1.3.0	k80:1,fs:nfs
taurusi2104	resnet32v1	cifar10	7.888752	50000	10000	1.	20180413:193833	20180413:195642	2	149.264375	72.227093	1.2152981800460816	0.6313800000762939	1.6733879909515381	0.5096	0.965160000038147	0.9282	n_gpus=1,scratchspace=/home/h2/steinba/development/deeprace,n=5,num_classes=10,version=1,subtract_pixel_mean=True,batch_size=256,data_augmentation=True,epochs=15,checkpoint_epochs=False	470218	keras:2.1.4,backend:tensorflow:1.3.0	k80:1,fs:nfs
taurusi2104	resnet32v1	cifar10	7.888752	50000	10000	1.	20180413:193833	20180413:195642	3	221.493035	72.179471	1.0599488859558106	0.686119999961853	1.2002454319000244	0.6552	0.975379999961853	0.9644	n_gpus=1,scratchspace=/home/h2/steinba/development/deeprace,n=5,num_classes=10,version=1,subtract_pixel_mean=True,batch_size=256,data_augmentation=True,epochs=15,checkpoint_epochs=False	470218	keras:2.1.4,backend:tensorflow:1.3.0	k80:1,fs:nfs
taurusi2104	resnet32v1	cifar10	7.888752	50000	10000	1.	20180413:193833	20180413:195642	4	293.674099	72.346417	0.95339038936615	0.72422	1.4175521976470948	0.6041	0.9818400000190735	0.953	n_gpus=1,scratchspace=/home/h2/steinba/development/deeprace,n=5,num_classes=10,version=1,subtract_pixel_mean=True,batch_size=256,data_augmentation=True,epochs=15,checkpoint_epochs=False	470218	keras:2.1.4,backend:tensorflow:1.3.0	k80:1,fs:nfs
taurusi2104	resnet32v1	cifar10	7.888752	50000	10000	1.	20180413:193833	20180413:195642	5	366.022177	72.21017	0.8810689680671692	0.7522799999427795	0.9850061267852783	0.7222	0.98402	0.9792	n_gpus=1,scratchspace=/home/h2/steinba/development/deeprace,n=5,num_classes=10,version=1,subtract_pixel_mean=True,batch_size=256,data_augmentation=True,epochs=15,checkpoint_epochs=False	470218	keras:2.1.4,backend:tensorflow:1.3.0	k80:1,fs:nfs
taurusi2104	resnet32v1	cifar10	7.888752	50000	10000	1.	20180413:193833	20180413:195642	6	438.233826	72.376668	0.8298532765197754	0.76994	1.0452674036026002	0.7089	0.9863200000190735	0.9723	n_gpus=1,scratchspace=/home/h2/steinba/development/deeprace,n=5,num_classes=10,version=1,subtract_pixel_mean=True,batch_size=256,data_augmentation=True,epochs=15,checkpoint_epochs=False	470218	keras:2.1.4,backend:tensorflow:1.3.0	k80:1,fs:nfs
taurusi2104	resnet32v1	cifar10	7.888752	50000	10000	1.	20180413:193833	20180413:195642	7	510.612152	72.024654	0.7863702043151856	0.78328	1.0512613192558289	0.7104	0.9876	0.9768	n_gpus=1,scratchspace=/home/h2/steinba/development/deeprace,n=5,num_classes=10,version=1,subtract_pixel_mean=True,batch_size=256,data_augmentation=True,epochs=15,checkpoint_epochs=False	470218	keras:2.1.4,backend:tensorflow:1.3.0	k80:1,fs:nfs
taurusi2104	resnet32v1	cifar10	7.888752	50000	10000	1.	20180413:193833	20180413:195642	8	582.639803	72.120498	0.744095849533081	0.79942	0.9420031766891479	0.7315	0.9889600000190735	0.9856	n_gpus=1,scratchspace=/home/h2/steinba/development/deeprace,n=5,num_classes=10,version=1,subtract_pixel_mean=True,batch_size=256,data_augmentation=True,epochs=15,checkpoint_epochs=False	470218	keras:2.1.4,backend:tensorflow:1.3.0	k80:1,fs:nfs
taurusi2104	resnet32v1	cifar10	7.888752	50000	10000	1.	20180413:193833	20180413:195642	9	654.761967	72.258214	0.7119287859725952	0.8099200001335144	1.0932865264892577	0.7003	0.99044	0.9759	n_gpus=1,scratchspace=/home/h2/steinba/development/deeprace,n=5,num_classes=10,version=1,subtract_pixel_mean=True,batch_size=256,data_augmentation=True,epochs=15,checkpoint_epochs=False	470218	keras:2.1.4,backend:tensorflow:1.3.0	k80:1,fs:nfs
taurusi2104	resnet32v1	cifar10	7.888752	50000	10000	1.	20180413:193833	20180413:195642	10	727.021771	72.279845	0.6849128946495057	0.818240000038147	0.8511206691741944	0.759	0.9914199999427795	0.9846	n_gpus=1,scratchspace=/home/h2/steinba/development/deeprace,n=5,num_classes=10,version=1,subtract_pixel_mean=True,batch_size=256,data_augmentation=True,epochs=15,checkpoint_epochs=False	470218	keras:2.1.4,backend:tensorflow:1.3.0	k80:1,fs:nfs
taurusi2104	resnet32v1	cifar10	7.888752	50000	10000	1.	20180413:193833	20180413:195642	11	799.303144	72.157263	0.6562547532463073	0.8278600000572205	1.0294018730163574	0.7202	0.99212	0.9828	n_gpus=1,scratchspace=/home/h2/steinba/development/deeprace,n=5,num_classes=10,version=1,subtract_pixel_mean=True,batch_size=256,data_augmentation=True,epochs=15,checkpoint_epochs=False	470218	keras:2.1.4,backend:tensorflow:1.3.0	k80:1,fs:nfs
taurusi2104	resnet32v1	cifar10	7.888752	50000	10000	1.	20180413:193833	20180413:195642	12	871.462159	72.400373	0.6386171206855774	0.8346800000572204	1.1690804460525512	0.6861	0.9929199999427796	0.9812	n_gpus=1,scratchspace=/home/h2/steinba/development/deeprace,n=5,num_classes=10,version=1,subtract_pixel_mean=True,batch_size=256,data_augmentation=True,epochs=15,checkpoint_epochs=False	470218	keras:2.1.4,backend:tensorflow:1.3.0	k80:1,fs:nfs
taurusi2104	resnet32v1	cifar10	7.888752	50000	10000	1.	20180413:193833	20180413:195642	13	943.864216	72.174976	0.6159494094657898	0.8410800000190735	0.9234871300697327	0.7493	0.993100000038147	0.9766	n_gpus=1,scratchspace=/home/h2/steinba/development/deeprace,n=5,num_classes=10,version=1,subtract_pixel_mean=True,batch_size=256,data_augmentation=True,epochs=15,checkpoint_epochs=False	470218	keras:2.1.4,backend:tensorflow:1.3.0	k80:1,fs:nfs
taurusi2104	resnet32v1	cifar10	7.888752	50000	10000	1.	20180413:193833	20180413:195642	14	1016.040941	73.268209	0.6060182033538818	0.8458000001525879	0.8291552290916443	0.7814000253677368	0.9935	0.9898999991416931	n_gpus=1,scratchspace=/home/h2/steinba/development/deeprace,n=5,num_classes=10,version=1,subtract_pixel_mean=True,batch_size=256,data_augmentation=True,epochs=15,checkpoint_epochs=False	470218	keras:2.1.4,backend:tensorflow:1.3.0	k80:1,fs:nfs
taurusi2051	resnet32v1	cifar10	4.774512	50000	10000	1.	20180413:193826	20180413:195621	0	3.010759	72.984239	1.773194192047119	0.43086	1.5649345308303833	0.4991	0.897279999961853	0.937	n_gpus=1,scratchspace=/home/h2/steinba/development/deeprace,version=1,batch_size=256,subtract_pixel_mean=True,checkpoint_epochs=False,n=5,num_classes=10,data_augmentation=True,epochs=15	470218	keras:2.1.4,backend:tensorflow:1.3.0	k80:1,fs:nfs
taurusi2051	resnet32v1	cifar10	4.774512	50000	10000	1.	20180413:193826	20180413:195621	1	75.996054	71.101099	1.3330596432495116	0.5871400000381469	2.2175615718841555	0.4248	0.9566199999427796	0.9116	n_gpus=1,scratchspace=/home/h2/steinba/development/deeprace,version=1,batch_size=256,subtract_pixel_mean=True,checkpoint_epochs=False,n=5,num_classes=10,data_augmentation=True,epochs=15	470218	keras:2.1.4,backend:tensorflow:1.3.0	k80:1,fs:nfs
taurusi2051	resnet32v1	cifar10	4.774512	50000	10000	1.	20180413:193826	20180413:195621	2	147.098986	71.147945	1.141163445663452	0.655940000038147	1.2420079933166503	0.6349	0.9707799999427795	0.9684	n_gpus=1,scratchspace=/home/h2/steinba/development/deeprace,version=1,batch_size=256,subtract_pixel_mean=True,checkpoint_epochs=False,n=5,num_classes=10,data_augmentation=True,epochs=15	470218	keras:2.1.4,backend:tensorflow:1.3.0	k80:1,fs:nfs
taurusi2051	resnet32v1	cifar10	4.774512	50000	10000	1.	20180413:193826	20180413:195621	3	218.248921	71.217264	1.0106947235107422	0.7048199999809265	1.15292060546875	0.6721	0.9786600000572204	0.9691	n_gpus=1,scratchspace=/home/h2/steinba/development/deeprace,version=1,batch_size=256,subtract_pixel_mean=True,checkpoint_epochs=False,n=5,num_classes=10,data_augmentation=True,epochs=15	470218	keras:2.1.4,backend:tensorflow:1.3.0	k80:1,fs:nfs
taurusi2051	resnet32v1	cifar10	4.774512	50000	10000	1.	20180413:193826	20180413:195621	4	289.468242	71.408681	0.9198136226272583	0.7373400000572204	1.2521839614868164	0.6448	0.9831600000190734	0.9691	n_gpus=1,scratchspace=/home/h2/steinba/development/deeprace,version=1,batch_size=256,subtract_pixel_mean=True,checkpoint_epochs=False,n=5,num_classes=10,data_augmentation=True,epochs=15	470218	keras:2.1.4,backend:tensorflow:1.3.0	k80:1,fs:nfs
taurusi2051	resnet32v1	cifar10	4.774512	50000	10000	1.	20180413:193826	20180413:195621	5	360.878755	71.457267	0.8560840984153748	0.761540000076294	1.370490094947815	0.5835	0.98472	0.9713	n_gpus=1,scratchspace=/home/h2/steinba/development/deeprace,version=1,batch_size=256,subtract_pixel_mean=True,checkpoint_epochs=False,n=5,num_classes=10,data_augmentation=True,epochs=15	470218	keras:2.1.4,backend:tensorflow:1.3.0	k80:1,fs:nfs
taurusi2051	resnet32v1	cifar10	4.774512	50000	10000	1.	20180413:193826	20180413:195621	6	432.337958	71.387902	0.803616263923645	0.7779800000953674	1.3199891603469849	0.6376	0.988	0.9715	n_gpus=1,scratchspace=/home/h2/steinba/development/deeprace,version=1,batch_size=256,subtract_pixel_mean=True,checkpoint_epochs=False,n=5,num_classes=10,data_augmentation=True,epochs=15	470218	keras:2.1.4,backend:tensorflow:1.3.0	k80:1,fs:nfs
taurusi2051	resnet32v1	cifar10	4.774512	50000	10000	1.	20180413:193826	20180413:195621	7	503.727911	71.631409	0.7508349393463135	0.7977400000381469	1.3855505172729492	0.617	0.9891	0.9514	n_gpus=1,scratchspace=/home/h2/steinba/development/deeprace,version=1,batch_size=256,subtract_pixel_mean=True,checkpoint_epochs=False,n=5,num_classes=10,data_augmentation=True,epochs=15	470218	keras:2.1.4,backend:tensorflow:1.3.0	k80:1,fs:nfs
taurusi2051	resnet32v1	cifar10	4.774512	50000	10000	1.	20180413:193826	20180413:195621	8	575.361168	71.296898	0.7268298822402954	0.805240000038147	1.2967015699386597	0.6479	0.9894000000190735	0.95	n_gpus=1,scratchspace=/home/h2/steinba/development/deeprace,version=1,batch_size=256,subtract_pixel_mean=True,checkpoint_epochs=False,n=5,num_classes=10,data_augmentation=True,epochs=15	470218	keras:2.1.4,backend:tensorflow:1.3.0	k80:1,fs:nfs
taurusi2051	resnet32v1	cifar10	4.774512	50000	10000	1.	20180413:193826	20180413:195621	9	646.659994	71.290207	0.6930704822349548	0.8178600001144409	1.1419412574768066	0.6925	0.99146	0.9595	n_gpus=1,scratchspace=/home/h2/steinba/development/deeprace,version=1,batch_size=256,subtract_pixel_mean=True,checkpoint_epochs=False,n=5,num_classes=10,data_augmentation=True,epochs=15	470218	keras:2.1.4,backend:tensorflow:1.3.0	k80:1,fs:nfs
taurusi2051	resnet32v1	cifar10	4.774512	50000	10000	1.	20180413:193826	20180413:195621	10	717.951938	71.486501	0.6623645215988159	0.82786	1.0614843837738037	0.7064	0.9919400000190735	0.9762	n_gpus=1,scratchspace=/home/h2/steinba/development/deeprace,version=1,batch_size=256,subtract_pixel_mean=True,checkpoint_epochs=False,n=5,num_classes=10,data_augmentation=True,epochs=15	470218	keras:2.1.4,backend:tensorflow:1.3.0	k80:1,fs:nfs
taurusi2051	resnet32v1	cifar10	4.774512	50000	10000	1.	20180413:193826	20180413:195621	11	789.440118	71.146872	0.6444909952163697	0.8334000000953674	0.7951581511497497	0.7967	0.9924599999427796	0.9867	n_gpus=1,scratchspace=/home/h2/steinba/development/deeprace,version=1,batch_size=256,subtract_pixel_mean=True,checkpoint_epochs=False,n=5,num_classes=10,data_augmentation=True,epochs=15	470218	keras:2.1.4,backend:tensorflow:1.3.0	k80:1,fs:nfs
taurusi2051	resnet32v1	cifar10	4.774512	50000	10000	1.	20180413:193826	20180413:195621	12	860.588991	71.139593	0.62658128490448	0.8378000000381469	0.9454969229698181	0.75	0.99312	0.9842	n_gpus=1,scratchspace=/home/h2/steinba/development/deeprace,version=1,batch_size=256,subtract_pixel_mean=True,checkpoint_epochs=False,n=5,num_classes=10,data_augmentation=True,epochs=15	470218	keras:2.1.4,backend:tensorflow:1.3.0	k80:1,fs:nfs
taurusi2051	resnet32v1	cifar10	4.774512	50000	10000	1.	20180413:193826	20180413:195621	13	931.730415	71.480131	0.6060078606796264	0.8445600000953675	0.8521447121620178	0.7763	0.99396	0.9856	n_gpus=1,scratchspace=/home/h2/steinba/development/deeprace,version=1,batch_size=256,subtract_pixel_mean=True,checkpoint_epochs=False,n=5,num_classes=10,data_augmentation=True,epochs=15	470218	keras:2.1.4,backend:tensorflow:1.3.0	k80:1,fs:nfs
taurusi2051	resnet32v1	cifar10	4.774512	50000	10000	1.	20180413:193826	20180413:195621	14	1003.212293	71.465328	0.5872754246139527	0.8524000000762939	0.9655924251556397	0.7306	0.99412	0.9852	n_gpus=1,scratchspace=/home/h2/steinba/development/deeprace,version=1,batch_size=256,subtract_pixel_mean=True,checkpoint_epochs=False,n=5,num_classes=10,data_augmentation=True,epochs=15	470218	keras:2.1.4,backend:tensorflow:1.3.0	k80:1,fs:nfs
taurusi2093	resnet32v1	cifar10	10.490289	50000	10000	1.	20180413:193930	20180413:195743	0	3.229572	76.957883	1.7811735354614258	0.42473999999046325	2.132835986328125	0.3809	0.8971200000953674	0.9012	batch_size=256,subtract_pixel_mean=True,version=1,data_augmentation=True,num_classes=10,epochs=15,checkpoint_epochs=False,n=5,scratchspace=/home/h2/steinba/development/deeprace,n_gpus=1	470218	keras:2.1.4,backend:tensorflow:1.3.0	k80:1,fs:nfs
taurusi2093	resnet32v1	cifar10	10.490289	50000	10000	1.	20180413:193930	20180413:195743	1	80.188565	72.093965	1.371302543182373	0.57086	1.5302169443130493	0.534	0.9539200000381469	0.943	batch_size=256,subtract_pixel_mean=True,version=1,data_augmentation=True,num_classes=10,epochs=15,checkpoint_epochs=False,n=5,scratchspace=/home/h2/steinba/development/deeprace,n_gpus=1	470218	keras:2.1.4,backend:tensorflow:1.3.0	k80:1,fs:nfs
taurusi2093	resnet32v1	cifar10	10.490289	50000	10000	1.	20180413:193930	20180413:195743	2	152.284382	72.316232	1.162974566078186	0.646580000114441	2.122188383102417	0.4584	0.9702	0.9379	batch_size=256,subtract_pixel_mean=True,version=1,data_augmentation=True,num_classes=10,epochs=15,checkpoint_epochs=False,n=5,scratchspace=/home/h2/steinba/development/deeprace,n_gpus=1	470218	keras:2.1.4,backend:tensorflow:1.3.0	k80:1,fs:nfs
taurusi2093	resnet32v1	cifar10	10.490289	50000	10000	1.	20180413:193930	20180413:195743	3	224.602338	72.259476	1.02846500831604	0.70194	1.8089145889282228	0.517	0.9772199999427795	0.9273	batch_size=256,subtract_pixel_mean=True,version=1,data_augmentation=True,num_classes=10,epochs=15,checkpoint_epochs=False,n=5,scratchspace=/home/h2/steinba/development/deeprace,n_gpus=1	470218	keras:2.1.4,backend:tensorflow:1.3.0	k80:1,fs:nfs
taurusi2093	resnet32v1	cifar10	10.490289	50000	10000	1.	20180413:193930	20180413:195743	4	296.863218	72.25704	0.9377312105941773	0.7313799999809265	1.4163012845993042	0.6067	0.9824200000190735	0.9651	batch_size=256,subtract_pixel_mean=True,version=1,data_augmentation=True,num_classes=10,epochs=15,checkpoint_epochs=False,n=5,scratchspace=/home/h2/steinba/development/deeprace,n_gpus=1	470218	keras:2.1.4,backend:tensorflow:1.3.0	k80:1,fs:nfs
taurusi2093	resnet32v1	cifar10	10.490289	50000	10000	1.	20180413:193930	20180413:195743	5	369.122072	72.216545	0.8616712545776367	0.7598200000762939	1.1291053424835205	0.6759	0.9856000000190734	0.9714	batch_size=256,subtract_pixel_mean=True,version=1,data_augmentation=True,num_classes=10,epochs=15,checkpoint_epochs=False,n=5,scratchspace=/home/h2/steinba/development/deeprace,n_gpus=1	470218	keras:2.1.4,backend:tensorflow:1.3.0	k80:1,fs:nfs
taurusi2093	resnet32v1	cifar10	10.490289	50000	10000	1.	20180413:193930	20180413:195743	6	441.340636	72.238895	0.8120415822601318	0.7778599999809265	1.3445089025497436	0.64	0.987320000038147	0.9403	batch_size=256,subtract_pixel_mean=True,version=1,data_augmentation=True,num_classes=10,epochs=15,checkpoint_epochs=False,n=5,scratchspace=/home/h2/steinba/development/deeprace,n_gpus=1	470218	keras:2.1.4,backend:tensorflow:1.3.0	k80:1,fs:nfs
taurusi2093	resnet32v1	cifar10	10.490289	50000	10000	1.	20180413:193930	20180413:195743	7	513.581448	72.346996	0.7707934178543091	0.792339999961853	1.7554196733474732	0.537	0.9890999999427795	0.9494	batch_size=256,subtract_pixel_mean=True,version=1,data_augmentation=True,num_classes=10,epochs=15,checkpoint_epochs=False,n=5,scratchspace=/home/h2/steinba/development/deeprace,n_gpus=1	470218	keras:2.1.4,backend:tensorflow:1.3.0	k80:1,fs:nfs
taurusi2093	resnet32v1	cifar10	10.490289	50000	10000	1.	20180413:193930	20180413:195743	8	585.930366	72.112064	0.7426548084068298	0.7985800000190735	0.9684513794898987	0.7374	0.9901400000190735	0.978	batch_size=256,subtract_pixel_mean=True,version=1,data_augmentation=True,num_classes=10,epochs=15,checkpoint_epochs=False,n=5,scratchspace=/home/h2/steinba/development/deeprace,n_gpus=1	470218	keras:2.1.4,backend:tensorflow:1.3.0	k80:1,fs:nfs
taurusi2093	resnet32v1	cifar10	10.490289	50000	10000	1.	20180413:193930	20180413:195743	9	658.044029	72.137034	0.7081824981498718	0.8114400000762939	0.9331143354415894	0.7485	0.9913000000190735	0.9829	batch_size=256,subtract_pixel_mean=True,version=1,data_augmentation=True,num_classes=10,epochs=15,checkpoint_epochs=False,n=5,scratchspace=/home/h2/steinba/development/deeprace,n_gpus=1	470218	keras:2.1.4,backend:tensorflow:1.3.0	k80:1,fs:nfs
taurusi2093	resnet32v1	cifar10	10.490289	50000	10000	1.	20180413:193930	20180413:195743	10	730.182817	73.274775	0.6793781864929199	0.822319999961853	1.0551669960021972	0.7263000206947327	0.9913600000190735	0.979199999332428	batch_size=256,subtract_pixel_mean=True,version=1,data_augmentation=True,num_classes=10,epochs=15,checkpoint_epochs=False,n=5,scratchspace=/home/h2/steinba/development/deeprace,n_gpus=1	470218	keras:2.1.4,backend:tensorflow:1.3.0	k80:1,fs:nfs
taurusi2093	resnet32v1	cifar10	10.490289	50000	10000	1.	20180413:193930	20180413:195743	11	803.458707	72.226072	0.6596052010154724	0.829000000038147	1.9371486600875854	0.5365	0.99276	0.9455	batch_size=256,subtract_pixel_mean=True,version=1,data_augmentation=True,num_classes=10,epochs=15,checkpoint_epochs=False,n=5,scratchspace=/home/h2/steinba/development/deeprace,n_gpus=1	470218	keras:2.1.4,backend:tensorflow:1.3.0	k80:1,fs:nfs
taurusi2093	resnet32v1	cifar10	10.490289	50000	10000	1.	20180413:193930	20180413:195743	12	875.685861	72.234613	0.6386195676040649	0.83494	0.8849057960033416	0.7629	0.992700000038147	0.9769	batch_size=256,subtract_pixel_mean=True,version=1,data_augmentation=True,num_classes=10,epochs=15,checkpoint_epochs=False,n=5,scratchspace=/home/h2/steinba/development/deeprace,n_gpus=1	470218	keras:2.1.4,backend:tensorflow:1.3.0	k80:1,fs:nfs
taurusi2093	resnet32v1	cifar10	10.490289	50000	10000	1.	20180413:193930	20180413:195743	13	947.922268	72.558599	0.6155602170562744	0.842899999923706	0.8832065810203552	0.7718	0.9933800000190735	0.9822	batch_size=256,subtract_pixel_mean=True,version=1,data_augmentation=True,num_classes=10,epochs=15,checkpoint_epochs=False,n=5,scratchspace=/home/h2/steinba/development/deeprace,n_gpus=1	470218	keras:2.1.4,backend:tensorflow:1.3.0	k80:1,fs:nfs
taurusi2093	resnet32v1	cifar10	10.490289	50000	10000	1.	20180413:193930	20180413:195743	14	1020.48272	72.146818	0.5973634655189514	0.8489800000762939	1.101308811378479	0.715	0.9938	0.9824	batch_size=256,subtract_pixel_mean=True,version=1,data_augmentation=True,num_classes=10,epochs=15,checkpoint_epochs=False,n=5,scratchspace=/home/h2/steinba/development/deeprace,n_gpus=1	470218	keras:2.1.4,backend:tensorflow:1.3.0	k80:1,fs:nfs
taurusi2099	resnet32v1	cifar10	4.716977	50000	10000	1.	20180413:193937	20180413:195734	0	3.105769	72.986228	1.775184956703186	0.4268800000476837	2.218230141067505	0.3684	0.894400000038147	0.8552	version=1,epochs=15,num_classes=10,checkpoint_epochs=False,scratchspace=/home/h2/steinba/development/deeprace,n_gpus=1,n=5,data_augmentation=True,subtract_pixel_mean=True,batch_size=256	470218	keras:2.1.4,backend:tensorflow:1.3.0	k80:1,fs:nfs
taurusi2099	resnet32v1	cifar10	4.716977	50000	10000	1.	20180413:193937	20180413:195734	1	76.093089	71.580448	1.372529338645935	0.57346	1.416814430809021	0.5717	0.9531199999427795	0.9448	version=1,epochs=15,num_classes=10,checkpoint_epochs=False,scratchspace=/home/h2/steinba/development/deeprace,n_gpus=1,n=5,data_augmentation=True,subtract_pixel_mean=True,batch_size=256	470218	keras:2.1.4,backend:tensorflow:1.3.0	k80:1,fs:nfs
taurusi2099	resnet32v1	cifar10	4.716977	50000	10000	1.	20180413:193937	20180413:195734	2	147.675244	71.421725	1.1890951090621948	0.6390200000572205	1.7298804405212402	0.4958	0.9684399999809266	0.9294	version=1,epochs=15,num_classes=10,checkpoint_epochs=False,scratchspace=/home/h2/steinba/development/deeprace,n_gpus=1,n=5,data_augmentation=True,subtract_pixel_mean=True,batch_size=256	470218	keras:2.1.4,backend:tensorflow:1.3.0	k80:1,fs:nfs
taurusi2099	resnet32v1	cifar10	4.716977	50000	10000	1.	20180413:193937	20180413:195734	3	219.098619	71.528481	1.0526556587982179	0.69124	1.4740860834121705	0.5945	0.97618	0.9519	version=1,epochs=15,num_classes=10,checkpoint_epochs=False,scratchspace=/home/h2/steinba/development/deeprace,n_gpus=1,n=5,data_augmentation=True,subtract_pixel_mean=True,batch_size=256	470218	keras:2.1.4,backend:tensorflow:1.3.0	k80:1,fs:nfs
taurusi2099	resnet32v1	cifar10	4.716977	50000	10000	1.	20180413:193937	20180413:195734	4	290.628752	71.604919	0.9645305787467957	0.7222799999427796	1.0851151124954224	0.6922	0.9814800000190735	0.9726	version=1,epochs=15,num_classes=10,checkpoint_epochs=False,scratchspace=/home/h2/steinba/development/deeprace,n_gpus=1,n=5,data_augmentation=True,subtract_pixel_mean=True,batch_size=256	470218	keras:2.1.4,backend:tensorflow:1.3.0	k80:1,fs:nfs
taurusi2099	resnet32v1	cifar10	4.716977	50000	10000	1.	20180413:193937	20180413:195734	5	362.236334	71.43168	0.8907833878898621	0.7517000000762939	1.069080790424347	0.6938	0.9841800000190735	0.9736	version=1,epochs=15,num_classes=10,checkpoint_epochs=False,scratchspace=/home/h2/steinba/development/deeprace,n_gpus=1,n=5,data_augmentation=True,subtract_pixel_mean=True,batch_size=256	470218	keras:2.1.4,backend:tensorflow:1.3.0	k80:1,fs:nfs
taurusi2099	resnet32v1	cifar10	4.716977	50000	10000	1.	20180413:193937	20180413:195734	6	433.669524	71.706689	0.8347315871238709	0.7676200000190735	1.2886003931045533	0.6606	0.98646	0.9494	version=1,epochs=15,num_classes=10,checkpoint_epochs=False,scratchspace=/home/h2/steinba/development/deeprace,n_gpus=1,n=5,data_augmentation=True,subtract_pixel_mean=True,batch_size=256	470218	keras:2.1.4,backend:tensorflow:1.3.0	k80:1,fs:nfs
taurusi2099	resnet32v1	cifar10	4.716977	50000	10000	1.	20180413:193937	20180413:195734	7	505.377787	71.610346	0.7924232704162598	0.783320000076294	1.3601715789794921	0.636	0.9876400000190735	0.9605	version=1,epochs=15,num_classes=10,checkpoint_epochs=False,scratchspace=/home/h2/steinba/development/deeprace,n_gpus=1,n=5,data_augmentation=True,subtract_pixel_mean=True,batch_size=256	470218	keras:2.1.4,backend:tensorflow:1.3.0	k80:1,fs:nfs
taurusi2099	resnet32v1	cifar10	4.716977	50000	10000	1.	20180413:193937	20180413:195734	8	576.989738	71.902065	0.752552923297882	0.7964400000572205	1.315780703163147	0.6338	0.9890199999618531	0.962	version=1,epochs=15,num_classes=10,checkpoint_epochs=False,scratchspace=/home/h2/steinba/development/deeprace,n_gpus=1,n=5,data_augmentation=True,subtract_pixel_mean=True,batch_size=256	470218	keras:2.1.4,backend:tensorflow:1.3.0	k80:1,fs:nfs
taurusi2099	resnet32v1	cifar10	4.716977	50000	10000	1.	20180413:193937	20180413:195734	9	648.893356	71.462909	0.7248307494354248	0.8048799999809265	1.035987409210205	0.7105	0.99082	0.9799	version=1,epochs=15,num_classes=10,checkpoint_epochs=False,scratchspace=/home/h2/steinba/development/deeprace,n_gpus=1,n=5,data_augmentation=True,subtract_pixel_mean=True,batch_size=256	470218	keras:2.1.4,backend:tensorflow:1.3.0	k80:1,fs:nfs
taurusi2099	resnet32v1	cifar10	4.716977	50000	10000	1.	20180413:193937	20180413:195734	10	720.358062	71.267646	0.6960479566955566	0.81392	0.979199462890625	0.7251	0.9912199999618531	0.9789	version=1,epochs=15,num_classes=10,checkpoint_epochs=False,scratchspace=/home/h2/steinba/development/deeprace,n_gpus=1,n=5,data_augmentation=True,subtract_pixel_mean=True,batch_size=256	470218	keras:2.1.4,backend:tensorflow:1.3.0	k80:1,fs:nfs
taurusi2099	resnet32v1	cifar10	4.716977	50000	10000	1.	20180413:193937	20180413:195734	11	791.62745	71.097756	0.6654593793678284	0.82584	1.0585117841720582	0.7277	0.9925	0.97	version=1,epochs=15,num_classes=10,checkpoint_epochs=False,scratchspace=/home/h2/steinba/development/deeprace,n_gpus=1,n=5,data_augmentation=True,subtract_pixel_mean=True,batch_size=256	470218	keras:2.1.4,backend:tensorflow:1.3.0	k80:1,fs:nfs
taurusi2099	resnet32v1	cifar10	4.716977	50000	10000	1.	20180413:193937	20180413:195734	12	862.727104	71.371468	0.6503479479598999	0.8319000000190735	0.9091682517051697	0.7565	0.9925200000190735	0.9799	version=1,epochs=15,num_classes=10,checkpoint_epochs=False,scratchspace=/home/h2/steinba/development/deeprace,n_gpus=1,n=5,data_augmentation=True,subtract_pixel_mean=True,batch_size=256	470218	keras:2.1.4,backend:tensorflow:1.3.0	k80:1,fs:nfs
taurusi2099	resnet32v1	cifar10	4.716977	50000	10000	1.	20180413:193937	20180413:195734	13	934.099668	71.518404	0.6281733438682556	0.839639999961853	0.9587204737663269	0.7533	0.99394	0.9814	version=1,epochs=15,num_classes=10,checkpoint_epochs=False,scratchspace=/home/h2/steinba/development/deeprace,n_gpus=1,n=5,data_augmentation=True,subtract_pixel_mean=True,batch_size=256	470218	keras:2.1.4,backend:tensorflow:1.3.0	k80:1,fs:nfs
taurusi2099	resnet32v1	cifar10	4.716977	50000	10000	1.	20180413:193937	20180413:195734	14	1005.619649	71.46811	0.6042258690834046	0.8481600000572205	0.8730040022850036	0.7658	0.99406	0.9872	version=1,epochs=15,num_classes=10,checkpoint_epochs=False,scratchspace=/home/h2/steinba/development/deeprace,n_gpus=1,n=5,data_augmentation=True,subtract_pixel_mean=True,batch_size=256	470218	keras:2.1.4,backend:tensorflow:1.3.0	k80:1,fs:nfs
taurusi2070	resnet32v1	cifar10	4.745073	50000	10000	1.	20180413:194037	20180413:195847	0	3.149343	73.689365	1.7425510753250122	0.43734	1.6899393510818481	0.4611	0.89722	0.9215	scratchspace=/home/h2/steinba/development/deeprace,version=1,checkpoint_epochs=False,n_gpus=1,epochs=15,batch_size=256,num_classes=10,n=5,data_augmentation=True,subtract_pixel_mean=True	470218	keras:2.1.4,backend:tensorflow:1.3.0	k80:1,fs:nfs
taurusi2070	resnet32v1	cifar10	4.745073	50000	10000	1.	20180413:194037	20180413:195847	1	76.839748	72.347642	1.3183471870040893	0.5940200000381469	1.731105923652649	0.5204	0.958720000076294	0.8987	scratchspace=/home/h2/steinba/development/deeprace,version=1,checkpoint_epochs=False,n_gpus=1,epochs=15,batch_size=256,num_classes=10,n=5,data_augmentation=True,subtract_pixel_mean=True	470218	keras:2.1.4,backend:tensorflow:1.3.0	k80:1,fs:nfs
taurusi2070	resnet32v1	cifar10	4.745073	50000	10000	1.	20180413:194037	20180413:195847	2	149.189128	72.09618	1.1317374527740478	0.6639599999618531	1.5059313440322877	0.5641	0.97166	0.9295	scratchspace=/home/h2/steinba/development/deeprace,version=1,checkpoint_epochs=False,n_gpus=1,epochs=15,batch_size=256,num_classes=10,n=5,data_augmentation=True,subtract_pixel_mean=True	470218	keras:2.1.4,backend:tensorflow:1.3.0	k80:1,fs:nfs
taurusi2070	resnet32v1	cifar10	4.745073	50000	10000	1.	20180413:194037	20180413:195847	3	221.287131	72.173391	1.0171790519332886	0.705640000038147	1.3547001134872436	0.6079	0.9780000000572204	0.9573	scratchspace=/home/h2/steinba/development/deeprace,version=1,checkpoint_epochs=False,n_gpus=1,epochs=15,batch_size=256,num_classes=10,n=5,data_augmentation=True,subtract_pixel_mean=True	470218	keras:2.1.4,backend:tensorflow:1.3.0	k80:1,fs:nfs
taurusi2070	resnet32v1	cifar10	4.745073	50000	10000	1.	20180413:194037	20180413:195847	4	293.46197	72.192282	0.9321360768127441	0.7334600001144409	2.2257098121643066	0.5084	0.9823	0.8688	scratchspace=/home/h2/steinba/development/deeprace,version=1,checkpoint_epochs=False,n_gpus=1,epochs=15,batch_size=256,num_classes=10,n=5,data_augmentation=True,subtract_pixel_mean=True	470218	keras:2.1.4,backend:tensorflow:1.3.0	k80:1,fs:nfs
taurusi2070	resnet32v1	cifar10	4.745073	50000	10000	1.	20180413:194037	20180413:195847	5	365.656428	72.200363	0.8685050415611267	0.7599400000572205	1.209059852027893	0.6559	0.984100000038147	0.9652	scratchspace=/home/h2/steinba/development/deeprace,version=1,checkpoint_epochs=False,n_gpus=1,epochs=15,batch_size=256,num_classes=10,n=5,data_augmentation=True,subtract_pixel_mean=True	470218	keras:2.1.4,backend:tensorflow:1.3.0	k80:1,fs:nfs
taurusi2070	resnet32v1	cifar10	4.745073	50000	10000	1.	20180413:194037	20180413:195847	6	437.858443	72.399645	0.8240922262573243	0.7710800001144409	1.0726260953903197	0.7125	0.9866000000190734	0.972	scratchspace=/home/h2/steinba/development/deeprace,version=1,checkpoint_epochs=False,n_gpus=1,epochs=15,batch_size=256,num_classes=10,n=5,data_augmentation=True,subtract_pixel_mean=True	470218	keras:2.1.4,backend:tensorflow:1.3.0	k80:1,fs:nfs
taurusi2070	resnet32v1	cifar10	4.745073	50000	10000	1.	20180413:194037	20180413:195847	7	510.259815	72.376269	0.7802150835037232	0.787940000076294	0.9614650304794311	0.7344	0.98832	0.9809	scratchspace=/home/h2/steinba/development/deeprace,version=1,checkpoint_epochs=False,n_gpus=1,epochs=15,batch_size=256,num_classes=10,n=5,data_augmentation=True,subtract_pixel_mean=True	470218	keras:2.1.4,backend:tensorflow:1.3.0	k80:1,fs:nfs
taurusi2070	resnet32v1	cifar10	4.745073	50000	10000	1.	20180413:194037	20180413:195847	8	582.637821	72.210026	0.743845419139862	0.8007000000953675	1.39973804063797	0.6671	0.98976	0.9592	scratchspace=/home/h2/steinba/development/deeprace,version=1,checkpoint_epochs=False,n_gpus=1,epochs=15,batch_size=256,num_classes=10,n=5,data_augmentation=True,subtract_pixel_mean=True	470218	keras:2.1.4,backend:tensorflow:1.3.0	k80:1,fs:nfs
taurusi2070	resnet32v1	cifar10	4.745073	50000	10000	1.	20180413:194037	20180413:195847	9	654.849584	72.387517	0.7095565109825134	0.811820000038147	1.0061033584594727	0.727	0.9908199999427796	0.9809	scratchspace=/home/h2/steinba/development/deeprace,version=1,checkpoint_epochs=False,n_gpus=1,epochs=15,batch_size=256,num_classes=10,n=5,data_augmentation=True,subtract_pixel_mean=True	470218	keras:2.1.4,backend:tensorflow:1.3.0	k80:1,fs:nfs
taurusi2070	resnet32v1	cifar10	4.745073	50000	10000	1.	20180413:194037	20180413:195847	10	727.238751	72.295879	0.686992135848999	0.8193800000381469	0.8623932782173157	0.7669	0.9910600000190735	0.9808	scratchspace=/home/h2/steinba/development/deeprace,version=1,checkpoint_epochs=False,n_gpus=1,epochs=15,batch_size=256,num_classes=10,n=5,data_augmentation=True,subtract_pixel_mean=True	470218	keras:2.1.4,backend:tensorflow:1.3.0	k80:1,fs:nfs
taurusi2070	resnet32v1	cifar10	4.745073	50000	10000	1.	20180413:194037	20180413:195847	11	799.536362	72.456099	0.6674749941062927	0.825900000038147	0.8703702372550964	0.7647	0.9923600000190735	0.9836	scratchspace=/home/h2/steinba/development/deeprace,version=1,checkpoint_epochs=False,n_gpus=1,epochs=15,batch_size=256,num_classes=10,n=5,data_augmentation=True,subtract_pixel_mean=True	470218	keras:2.1.4,backend:tensorflow:1.3.0	k80:1,fs:nfs
taurusi2070	resnet32v1	cifar10	4.745073	50000	10000	1.	20180413:194037	20180413:195847	12	871.994132	72.431669	0.6452736320495606	0.833099999961853	0.9230317873001098	0.7465	0.9930000000190735	0.9826	scratchspace=/home/h2/steinba/development/deeprace,version=1,checkpoint_epochs=False,n_gpus=1,epochs=15,batch_size=256,num_classes=10,n=5,data_augmentation=True,subtract_pixel_mean=True	470218	keras:2.1.4,backend:tensorflow:1.3.0	k80:1,fs:nfs
taurusi2070	resnet32v1	cifar10	4.745073	50000	10000	1.	20180413:194037	20180413:195847	13	944.427622	72.823533	0.6216985432243347	0.842320000038147	1.3844867971420287	0.6516	0.9935200000190735	0.9625	scratchspace=/home/h2/steinba/development/deeprace,version=1,checkpoint_epochs=False,n_gpus=1,epochs=15,batch_size=256,num_classes=10,n=5,data_augmentation=True,subtract_pixel_mean=True	470218	keras:2.1.4,backend:tensorflow:1.3.0	k80:1,fs:nfs
taurusi2070	resnet32v1	cifar10	4.745073	50000	10000	1.	20180413:194037	20180413:195847	14	1017.253707	72.270815	0.601324790763855	0.8465199999809265	0.9975430877685547	0.7311	0.9939600000190735	0.9816	scratchspace=/home/h2/steinba/development/deeprace,version=1,checkpoint_epochs=False,n_gpus=1,epochs=15,batch_size=256,num_classes=10,n=5,data_augmentation=True,subtract_pixel_mean=True	470218	keras:2.1.4,backend:tensorflow:1.3.0	k80:1,fs:nfs
taurusi2058	resnet32v1	cifar10	10.018097	50000	10000	1.	20180413:194048	20180413:195841	0	3.036227	75.04001	1.7908486325073243	0.41974000000953676	1.6400547273635864	0.4626	0.8942	0.9186	version=1,epochs=15,n=5,scratchspace=/home/h2/steinba/development/deeprace,data_augmentation=True,subtract_pixel_mean=True,batch_size=256,checkpoint_epochs=False,num_classes=10,n_gpus=1	470218	keras:2.1.4,backend:tensorflow:1.3.0	k80:1,fs:nfs
taurusi2058	resnet32v1	cifar10	10.018097	50000	10000	1.	20180413:194048	20180413:195841	1	78.077289	71.032152	1.365092985534668	0.5747400000953674	1.378132415008545	0.5786	0.9528999999809266	0.9513	version=1,epochs=15,n=5,scratchspace=/home/h2/steinba/development/deeprace,data_augmentation=True,subtract_pixel_mean=True,batch_size=256,checkpoint_epochs=False,num_classes=10,n_gpus=1	470218	keras:2.1.4,backend:tensorflow:1.3.0	k80:1,fs:nfs
taurusi2058	resnet32v1	cifar10	10.018097	50000	10000	1.	20180413:194048	20180413:195841	2	149.111268	71.050443	1.1625218419647216	0.6509800000381469	1.6670902282714843	0.5386	0.9693399999427795	0.9298	version=1,epochs=15,n=5,scratchspace=/home/h2/steinba/development/deeprace,data_augmentation=True,subtract_pixel_mean=True,batch_size=256,checkpoint_epochs=False,num_classes=10,n_gpus=1	470218	keras:2.1.4,backend:tensorflow:1.3.0	k80:1,fs:nfs
taurusi2058	resnet32v1	cifar10	10.018097	50000	10000	1.	20180413:194048	20180413:195841	3	220.163357	70.885214	1.0318977898406982	0.6992800000572205	1.567618045425415	0.5647	0.9769400000190734	0.9175	version=1,epochs=15,n=5,scratchspace=/home/h2/steinba/development/deeprace,data_augmentation=True,subtract_pixel_mean=True,batch_size=256,checkpoint_epochs=False,num_classes=10,n_gpus=1	470218	keras:2.1.4,backend:tensorflow:1.3.0	k80:1,fs:nfs
taurusi2058	resnet32v1	cifar10	10.018097	50000	10000	1.	20180413:194048	20180413:195841	4	291.050647	71.04199	0.9369573742294312	0.733880000038147	1.1242154573440553	0.676	0.9831000000190735	0.9687	version=1,epochs=15,n=5,scratchspace=/home/h2/steinba/development/deeprace,data_augmentation=True,subtract_pixel_mean=True,batch_size=256,checkpoint_epochs=False,num_classes=10,n_gpus=1	470218	keras:2.1.4,backend:tensorflow:1.3.0	k80:1,fs:nfs
taurusi2058	resnet32v1	cifar10	10.018097	50000	10000	1.	20180413:194048	20180413:195841	5	362.0943	71.095768	0.8636442743873596	0.75974	1.426677523803711	0.5811	0.98594	0.9637	version=1,epochs=15,n=5,scratchspace=/home/h2/steinba/development/deeprace,data_augmentation=True,subtract_pixel_mean=True,batch_size=256,checkpoint_epochs=False,num_classes=10,n_gpus=1	470218	keras:2.1.4,backend:tensorflow:1.3.0	k80:1,fs:nfs
taurusi2058	resnet32v1	cifar10	10.018097	50000	10000	1.	20180413:194048	20180413:195841	6	433.191849	71.010848	0.8201810810661316	0.7727399999809265	1.9732091455459595	0.5217	0.98682	0.9384	version=1,epochs=15,n=5,scratchspace=/home/h2/steinba/development/deeprace,data_augmentation=True,subtract_pixel_mean=True,batch_size=256,checkpoint_epochs=False,num_classes=10,n_gpus=1	470218	keras:2.1.4,backend:tensorflow:1.3.0	k80:1,fs:nfs
taurusi2058	resnet32v1	cifar10	10.018097	50000	10000	1.	20180413:194048	20180413:195841	7	504.204443	70.96065	0.7703294858932496	0.793360000038147	1.2711826089859009	0.6448	0.9885600000190735	0.9678	version=1,epochs=15,n=5,scratchspace=/home/h2/steinba/development/deeprace,data_augmentation=True,subtract_pixel_mean=True,batch_size=256,checkpoint_epochs=False,num_classes=10,n_gpus=1	470218	keras:2.1.4,backend:tensorflow:1.3.0	k80:1,fs:nfs
taurusi2058	resnet32v1	cifar10	10.018097	50000	10000	1.	20180413:194048	20180413:195841	8	575.16769	71.182218	0.7360674434661866	0.8037600000572205	1.060380335998535	0.7184	0.9896400000190735	0.9746	version=1,epochs=15,n=5,scratchspace=/home/h2/steinba/development/deeprace,data_augmentation=True,subtract_pixel_mean=True,batch_size=256,checkpoint_epochs=False,num_classes=10,n_gpus=1	470218	keras:2.1.4,backend:tensorflow:1.3.0	k80:1,fs:nfs
taurusi2058	resnet32v1	cifar10	10.018097	50000	10000	1.	20180413:194048	20180413:195841	9	646.351656	70.937907	0.6979796070480346	0.8164200000762939	0.9836511747360229	0.7257	0.99138	0.9775	version=1,epochs=15,n=5,scratchspace=/home/h2/steinba/development/deeprace,data_augmentation=True,subtract_pixel_mean=True,batch_size=256,checkpoint_epochs=False,num_classes=10,n_gpus=1	470218	keras:2.1.4,backend:tensorflow:1.3.0	k80:1,fs:nfs
taurusi2058	resnet32v1	cifar10	10.018097	50000	10000	1.	20180413:194048	20180413:195841	10	717.291313	71.248173	0.6758714295578003	0.824360000038147	1.2272911611557007	0.6551	0.99172	0.9722	version=1,epochs=15,n=5,scratchspace=/home/h2/steinba/development/deeprace,data_augmentation=True,subtract_pixel_mean=True,batch_size=256,checkpoint_epochs=False,num_classes=10,n_gpus=1	470218	keras:2.1.4,backend:tensorflow:1.3.0	k80:1,fs:nfs
taurusi2058	resnet32v1	cifar10	10.018097	50000	10000	1.	20180413:194048	20180413:195841	11	788.541431	70.920951	0.6505369477081299	0.8326400000572205	0.9301897798538208	0.7517	0.99278	0.9794	version=1,epochs=15,n=5,scratchspace=/home/h2/steinba/development/deeprace,data_augmentation=True,subtract_pixel_mean=True,batch_size=256,checkpoint_epochs=False,num_classes=10,n_gpus=1	470218	keras:2.1.4,backend:tensorflow:1.3.0	k80:1,fs:nfs
taurusi2058	resnet32v1	cifar10	10.018097	50000	10000	1.	20180413:194048	20180413:195841	12	859.464125	71.072151	0.62795617395401	0.839680000076294	0.8737685646057128	0.7679	0.99378	0.9825	version=1,epochs=15,n=5,scratchspace=/home/h2/steinba/development/deeprace,data_augmentation=True,subtract_pixel_mean=True,batch_size=256,checkpoint_epochs=False,num_classes=10,n_gpus=1	470218	keras:2.1.4,backend:tensorflow:1.3.0	k80:1,fs:nfs
taurusi2058	resnet32v1	cifar10	10.018097	50000	10000	1.	20180413:194048	20180413:195841	13	930.537924	70.992075	0.6086683180427551	0.8464600000190735	0.9846535484313965	0.7404	0.9939400000190735	0.9825	version=1,epochs=15,n=5,scratchspace=/home/h2/steinba/development/deeprace,data_augmentation=True,subtract_pixel_mean=True,batch_size=256,checkpoint_epochs=False,num_classes=10,n_gpus=1	470218	keras:2.1.4,backend:tensorflow:1.3.0	k80:1,fs:nfs
taurusi2058	resnet32v1	cifar10	10.018097	50000	10000	1.	20180413:194048	20180413:195841	14	1001.531883	71.237746	0.5916653971672058	0.851680000076294	1.792578438949585	0.5676	0.99424	0.9178	version=1,epochs=15,n=5,scratchspace=/home/h2/steinba/development/deeprace,data_augmentation=True,subtract_pixel_mean=True,batch_size=256,checkpoint_epochs=False,num_classes=10,n_gpus=1	470218	keras:2.1.4,backend:tensorflow:1.3.0	k80:1,fs:nfs
