host	model	dataset	load_dur_sec	ntrain	ntest	datafraction	train_start	train_end	epoch	rel_epoch_start_sec	epoch_dur_sec	acc	loss	val_acc	val_loss	opts	n_model_params	versions	comment
taurusi2093	resnet56v1	cifar10	3.168413	50000.0	10000.0	1.	20180421:010021	20180421:010224	0	5.183114	105.54896855354309	0.15625	2.6978111	0.3456	3.2037175	backend=tf,n=9,num_classes=10,batch_size=32,subtract_pixel_mean=True,scratchspace=/home/steinba/development/deeprace,epochs=15,data_augmentation=True,version=1,checkpoint_epochs=False,n_gpus=1	None	unknown:0.0	k80:1,fs:nfs,singularity:lustre
taurusi2093	resnet56v1	cifar10	3.168413	50000.0	10000.0	1.	20180421:010021	20180421:010224	1	111.889849	105.81523013114929	0.46875	1.818699	0.4642	2.1142263	backend=tf,n=9,num_classes=10,batch_size=32,subtract_pixel_mean=True,scratchspace=/home/steinba/development/deeprace,epochs=15,data_augmentation=True,version=1,checkpoint_epochs=False,n_gpus=1	None	unknown:0.0	k80:1,fs:nfs,singularity:lustre
taurusi2093	resnet56v1	cifar10	3.168413	50000.0	10000.0	1.	20180421:010021	20180421:010224	2	5.32198	105.85146641731262	0.78125	0.9847423	0.4555	2.007268	backend=tf,n=9,num_classes=10,batch_size=32,subtract_pixel_mean=True,scratchspace=/home/steinba/development/deeprace,epochs=15,data_augmentation=True,version=1,checkpoint_epochs=False,n_gpus=1	None	unknown:0.0	k80:1,fs:nfs,singularity:lustre
taurusi2093	resnet56v1	cifar10	3.168413	50000.0	10000.0	1.	20180421:010021	20180421:010224	3	112.323651	105.90202903747559	0.71875	1.2873755	0.5689	1.654606	backend=tf,n=9,num_classes=10,batch_size=32,subtract_pixel_mean=True,scratchspace=/home/steinba/development/deeprace,epochs=15,data_augmentation=True,version=1,checkpoint_epochs=False,n_gpus=1	None	unknown:0.0	k80:1,fs:nfs,singularity:lustre
taurusi2093	resnet56v1	cifar10	3.168413	50000.0	10000.0	1.	20180421:010021	20180421:010224	4	5.269354	105.78821110725403	0.65625	1.1756094	0.752	1.0203971	backend=tf,n=9,num_classes=10,batch_size=32,subtract_pixel_mean=True,scratchspace=/home/steinba/development/deeprace,epochs=15,data_augmentation=True,version=1,checkpoint_epochs=False,n_gpus=1	None	unknown:0.0	k80:1,fs:nfs,singularity:lustre
taurusi2093	resnet56v1	cifar10	3.168413	50000.0	10000.0	1.	20180421:010021	20180421:010224	5	112.320363	105.83277177810669	0.6875	1.1153754	0.6815	1.2394282	backend=tf,n=9,num_classes=10,batch_size=32,subtract_pixel_mean=True,scratchspace=/home/steinba/development/deeprace,epochs=15,data_augmentation=True,version=1,checkpoint_epochs=False,n_gpus=1	None	unknown:0.0	k80:1,fs:nfs,singularity:lustre
taurusi2093	resnet56v1	cifar10	3.168413	50000.0	10000.0	1.	20180421:010021	20180421:010224	6	5.311807	105.81406283378601	0.75	0.98889065	0.6839	1.2412487	backend=tf,n=9,num_classes=10,batch_size=32,subtract_pixel_mean=True,scratchspace=/home/steinba/development/deeprace,epochs=15,data_augmentation=True,version=1,checkpoint_epochs=False,n_gpus=1	None	unknown:0.0	k80:1,fs:nfs,singularity:lustre
taurusi2093	resnet56v1	cifar10	3.168413	50000.0	10000.0	1.	20180421:010021	20180421:010224	7	112.388503	105.95006203651428	0.84375	0.8226677	0.741	1.0444436	backend=tf,n=9,num_classes=10,batch_size=32,subtract_pixel_mean=True,scratchspace=/home/steinba/development/deeprace,epochs=15,data_augmentation=True,version=1,checkpoint_epochs=False,n_gpus=1	None	unknown:0.0	k80:1,fs:nfs,singularity:lustre
taurusi2093	resnet56v1	cifar10	3.168413	50000.0	10000.0	1.	20180421:010021	20180421:010224	8	5.417467	105.18118810653687	0.6875	1.0873848	0.7019	1.2210158	backend=tf,n=9,num_classes=10,batch_size=32,subtract_pixel_mean=True,scratchspace=/home/steinba/development/deeprace,epochs=15,data_augmentation=True,version=1,checkpoint_epochs=False,n_gpus=1	None	unknown:0.0	k80:1,fs:nfs,singularity:lustre
taurusi2093	resnet56v1	cifar10	3.168413	50000.0	10000.0	1.	20180421:010021	20180421:010224	9	112.389211	105.73030829429626	0.78125	0.8182723	0.6615	1.3273346	backend=tf,n=9,num_classes=10,batch_size=32,subtract_pixel_mean=True,scratchspace=/home/steinba/development/deeprace,epochs=15,data_augmentation=True,version=1,checkpoint_epochs=False,n_gpus=1	None	unknown:0.0	k80:1,fs:nfs,singularity:lustre
taurusi2093	resnet56v1	cifar10	3.168413	50000.0	10000.0	1.	20180421:010021	20180421:010224	10	5.298382	106.08415102958679	0.90625	0.84015006	0.7492	0.98973936	backend=tf,n=9,num_classes=10,batch_size=32,subtract_pixel_mean=True,scratchspace=/home/steinba/development/deeprace,epochs=15,data_augmentation=True,version=1,checkpoint_epochs=False,n_gpus=1	None	unknown:0.0	k80:1,fs:nfs,singularity:lustre
taurusi2093	resnet56v1	cifar10	3.168413	50000.0	10000.0	1.	20180421:010021	20180421:010224	11	112.316146	105.52822589874268	0.875	0.5757762	0.7674	0.9942348	backend=tf,n=9,num_classes=10,batch_size=32,subtract_pixel_mean=True,scratchspace=/home/steinba/development/deeprace,epochs=15,data_augmentation=True,version=1,checkpoint_epochs=False,n_gpus=1	None	unknown:0.0	k80:1,fs:nfs,singularity:lustre
taurusi2093	resnet56v1	cifar10	3.168413	50000.0	10000.0	1.	20180421:010021	20180421:010224	12	5.279221	105.62872290611267	0.8125	0.7592298	0.8068	0.84522283	backend=tf,n=9,num_classes=10,batch_size=32,subtract_pixel_mean=True,scratchspace=/home/steinba/development/deeprace,epochs=15,data_augmentation=True,version=1,checkpoint_epochs=False,n_gpus=1	None	unknown:0.0	k80:1,fs:nfs,singularity:lustre
taurusi2093	resnet56v1	cifar10	3.168413	50000.0	10000.0	1.	20180421:010021	20180421:010224	13	112.237641	105.51365160942078	0.8125	0.764555	0.7993	0.8531629	backend=tf,n=9,num_classes=10,batch_size=32,subtract_pixel_mean=True,scratchspace=/home/steinba/development/deeprace,epochs=15,data_augmentation=True,version=1,checkpoint_epochs=False,n_gpus=1	None	unknown:0.0	k80:1,fs:nfs,singularity:lustre
taurusi2099	resnet56v1	cifar10	3.162792	50000.0	10000.0	1.	20180421:004942	20180421:005141	0	4.78027	101.35058426856995	0.0625	2.7675533	0.3848	2.5682607	n=9,num_classes=10,data_augmentation=True,backend=tf,version=1,batch_size=32,scratchspace=/home/steinba/development/deeprace,subtract_pixel_mean=True,n_gpus=1,checkpoint_epochs=False,epochs=15	None	unknown:0.0	k80:1,fs:nfs,singularity:lustre
taurusi2099	resnet56v1	cifar10	3.162792	50000.0	10000.0	1.	20180421:004942	20180421:005141	1	108.122089	101.77658581733704	0.4375	1.7548318	0.5761	1.5932877	n=9,num_classes=10,data_augmentation=True,backend=tf,version=1,batch_size=32,scratchspace=/home/steinba/development/deeprace,subtract_pixel_mean=True,n_gpus=1,checkpoint_epochs=False,epochs=15	None	unknown:0.0	k80:1,fs:nfs,singularity:lustre
taurusi2099	resnet56v1	cifar10	3.162792	50000.0	10000.0	1.	20180421:004942	20180421:005141	2	4.900594	101.63496661186218	0.59375	1.3228648	0.6703	1.3024069	n=9,num_classes=10,data_augmentation=True,backend=tf,version=1,batch_size=32,scratchspace=/home/steinba/development/deeprace,subtract_pixel_mean=True,n_gpus=1,checkpoint_epochs=False,epochs=15	None	unknown:0.0	k80:1,fs:nfs,singularity:lustre
taurusi2099	resnet56v1	cifar10	3.162792	50000.0	10000.0	1.	20180421:004942	20180421:005141	3	107.754677	102.69573545455933	0.6875	1.2333918	0.679	1.2769778	n=9,num_classes=10,data_augmentation=True,backend=tf,version=1,batch_size=32,scratchspace=/home/steinba/development/deeprace,subtract_pixel_mean=True,n_gpus=1,checkpoint_epochs=False,epochs=15	None	unknown:0.0	k80:1,fs:nfs,singularity:lustre
taurusi2099	resnet56v1	cifar10	3.162792	50000.0	10000.0	1.	20180421:004942	20180421:005141	4	4.851262	101.60090947151184	0.6875	0.96183157	0.5564	1.7220219	n=9,num_classes=10,data_augmentation=True,backend=tf,version=1,batch_size=32,scratchspace=/home/steinba/development/deeprace,subtract_pixel_mean=True,n_gpus=1,checkpoint_epochs=False,epochs=15	None	unknown:0.0	k80:1,fs:nfs,singularity:lustre
taurusi2099	resnet56v1	cifar10	3.162792	50000.0	10000.0	1.	20180421:004942	20180421:005141	5	108.973436	101.47959494590759	0.90625	0.66527283	0.6368	1.3709992	n=9,num_classes=10,data_augmentation=True,backend=tf,version=1,batch_size=32,scratchspace=/home/steinba/development/deeprace,subtract_pixel_mean=True,n_gpus=1,checkpoint_epochs=False,epochs=15	None	unknown:0.0	k80:1,fs:nfs,singularity:lustre
taurusi2099	resnet56v1	cifar10	3.162792	50000.0	10000.0	1.	20180421:004942	20180421:005141	6	4.859801	101.86867642402649	0.84375	0.77630067	0.7576	0.9819212	n=9,num_classes=10,data_augmentation=True,backend=tf,version=1,batch_size=32,scratchspace=/home/steinba/development/deeprace,subtract_pixel_mean=True,n_gpus=1,checkpoint_epochs=False,epochs=15	None	unknown:0.0	k80:1,fs:nfs,singularity:lustre
taurusi2099	resnet56v1	cifar10	3.162792	50000.0	10000.0	1.	20180421:004942	20180421:005141	7	109.552471	102.38808465003967	0.75	1.0096173	0.7665	1.0012196	n=9,num_classes=10,data_augmentation=True,backend=tf,version=1,batch_size=32,scratchspace=/home/steinba/development/deeprace,subtract_pixel_mean=True,n_gpus=1,checkpoint_epochs=False,epochs=15	None	unknown:0.0	k80:1,fs:nfs,singularity:lustre
taurusi2099	resnet56v1	cifar10	3.162792	50000.0	10000.0	1.	20180421:004942	20180421:005141	8	4.863135	102.04035139083862	0.71875	0.9429505	0.7481	1.0302643	n=9,num_classes=10,data_augmentation=True,backend=tf,version=1,batch_size=32,scratchspace=/home/steinba/development/deeprace,subtract_pixel_mean=True,n_gpus=1,checkpoint_epochs=False,epochs=15	None	unknown:0.0	k80:1,fs:nfs,singularity:lustre
taurusi2099	resnet56v1	cifar10	3.162792	50000.0	10000.0	1.	20180421:004942	20180421:005141	9	108.646339	102.12747979164124	0.84375	0.7721236	0.7503	1.0469767	n=9,num_classes=10,data_augmentation=True,backend=tf,version=1,batch_size=32,scratchspace=/home/steinba/development/deeprace,subtract_pixel_mean=True,n_gpus=1,checkpoint_epochs=False,epochs=15	None	unknown:0.0	k80:1,fs:nfs,singularity:lustre
taurusi2099	resnet56v1	cifar10	3.162792	50000.0	10000.0	1.	20180421:004942	20180421:005141	10	4.897041	102.07495784759521	0.78125	0.8587097	0.7032	1.1361914	n=9,num_classes=10,data_augmentation=True,backend=tf,version=1,batch_size=32,scratchspace=/home/steinba/development/deeprace,subtract_pixel_mean=True,n_gpus=1,checkpoint_epochs=False,epochs=15	None	unknown:0.0	k80:1,fs:nfs,singularity:lustre
taurusi2099	resnet56v1	cifar10	3.162792	50000.0	10000.0	1.	20180421:004942	20180421:005141	11	107.483995	101.08814191818237	0.90625	0.6330274	0.7392	1.1448233	n=9,num_classes=10,data_augmentation=True,backend=tf,version=1,batch_size=32,scratchspace=/home/steinba/development/deeprace,subtract_pixel_mean=True,n_gpus=1,checkpoint_epochs=False,epochs=15	None	unknown:0.0	k80:1,fs:nfs,singularity:lustre
taurusi2099	resnet56v1	cifar10	3.162792	50000.0	10000.0	1.	20180421:004942	20180421:005141	12	4.836911	101.16529536247253	0.78125	0.7378342	0.7393	1.0469562	n=9,num_classes=10,data_augmentation=True,backend=tf,version=1,batch_size=32,scratchspace=/home/steinba/development/deeprace,subtract_pixel_mean=True,n_gpus=1,checkpoint_epochs=False,epochs=15	None	unknown:0.0	k80:1,fs:nfs,singularity:lustre
taurusi2099	resnet56v1	cifar10	3.162792	50000.0	10000.0	1.	20180421:004942	20180421:005141	13	107.751628	101.78861975669861	0.84375	0.7225984	0.7045	1.2853878	n=9,num_classes=10,data_augmentation=True,backend=tf,version=1,batch_size=32,scratchspace=/home/steinba/development/deeprace,subtract_pixel_mean=True,n_gpus=1,checkpoint_epochs=False,epochs=15	None	unknown:0.0	k80:1,fs:nfs,singularity:lustre
taurusi2091	resnet56v1	cifar10	3.179713	50000.0	10000.0	1.	20180421:005205	20180421:005409	0	5.165036	106.98941230773926	0.1875	2.7997181	0.3868	2.045922	version=1,scratchspace=/home/steinba/development/deeprace,n_gpus=1,data_augmentation=True,num_classes=10,epochs=15,batch_size=32,checkpoint_epochs=False,n=9,backend=tf,subtract_pixel_mean=True	None	unknown:0.0	k80:1,fs:nfs,singularity:lustre
taurusi2091	resnet56v1	cifar10	3.179713	50000.0	10000.0	1.	20180421:005205	20180421:005409	1	114.854942	107.06037497520447	0.3125	2.1040764	0.4119	2.2686496	version=1,scratchspace=/home/steinba/development/deeprace,n_gpus=1,data_augmentation=True,num_classes=10,epochs=15,batch_size=32,checkpoint_epochs=False,n=9,backend=tf,subtract_pixel_mean=True	None	unknown:0.0	k80:1,fs:nfs,singularity:lustre
taurusi2091	resnet56v1	cifar10	3.179713	50000.0	10000.0	1.	20180421:005205	20180421:005409	2	5.278542	107.26432943344116	0.5	1.6963595	0.6007	1.4786298	version=1,scratchspace=/home/steinba/development/deeprace,n_gpus=1,data_augmentation=True,num_classes=10,epochs=15,batch_size=32,checkpoint_epochs=False,n=9,backend=tf,subtract_pixel_mean=True	None	unknown:0.0	k80:1,fs:nfs,singularity:lustre
taurusi2091	resnet56v1	cifar10	3.179713	50000.0	10000.0	1.	20180421:005205	20180421:005409	3	114.373379	107.17884182929993	0.59375	1.3256335	0.6242	1.4304936	version=1,scratchspace=/home/steinba/development/deeprace,n_gpus=1,data_augmentation=True,num_classes=10,epochs=15,batch_size=32,checkpoint_epochs=False,n=9,backend=tf,subtract_pixel_mean=True	None	unknown:0.0	k80:1,fs:nfs,singularity:lustre
taurusi2091	resnet56v1	cifar10	3.179713	50000.0	10000.0	1.	20180421:005205	20180421:005409	4	5.244351	107.10902738571167	0.59375	1.3228341	0.6123	1.4949937	version=1,scratchspace=/home/steinba/development/deeprace,n_gpus=1,data_augmentation=True,num_classes=10,epochs=15,batch_size=32,checkpoint_epochs=False,n=9,backend=tf,subtract_pixel_mean=True	None	unknown:0.0	k80:1,fs:nfs,singularity:lustre
taurusi2091	resnet56v1	cifar10	3.179713	50000.0	10000.0	1.	20180421:005205	20180421:005409	5	114.489372	106.84849667549133	0.65625	1.1590095	0.7225	1.0971892	version=1,scratchspace=/home/steinba/development/deeprace,n_gpus=1,data_augmentation=True,num_classes=10,epochs=15,batch_size=32,checkpoint_epochs=False,n=9,backend=tf,subtract_pixel_mean=True	None	unknown:0.0	k80:1,fs:nfs,singularity:lustre
taurusi2091	resnet56v1	cifar10	3.179713	50000.0	10000.0	1.	20180421:005205	20180421:005409	6	5.278277	107.14537453651428	0.84375	0.7315519	0.6877	1.2756927	version=1,scratchspace=/home/steinba/development/deeprace,n_gpus=1,data_augmentation=True,num_classes=10,epochs=15,batch_size=32,checkpoint_epochs=False,n=9,backend=tf,subtract_pixel_mean=True	None	unknown:0.0	k80:1,fs:nfs,singularity:lustre
taurusi2091	resnet56v1	cifar10	3.179713	50000.0	10000.0	1.	20180421:005205	20180421:005409	7	114.511202	107.08543920516968	0.65625	1.1872373	0.7591	0.9964853	version=1,scratchspace=/home/steinba/development/deeprace,n_gpus=1,data_augmentation=True,num_classes=10,epochs=15,batch_size=32,checkpoint_epochs=False,n=9,backend=tf,subtract_pixel_mean=True	None	unknown:0.0	k80:1,fs:nfs,singularity:lustre
taurusi2091	resnet56v1	cifar10	3.179713	50000.0	10000.0	1.	20180421:005205	20180421:005409	8	5.374668	106.79999542236328	0.90625	0.5561573	0.7672	0.962312	version=1,scratchspace=/home/steinba/development/deeprace,n_gpus=1,data_augmentation=True,num_classes=10,epochs=15,batch_size=32,checkpoint_epochs=False,n=9,backend=tf,subtract_pixel_mean=True	None	unknown:0.0	k80:1,fs:nfs,singularity:lustre
taurusi2091	resnet56v1	cifar10	3.179713	50000.0	10000.0	1.	20180421:005205	20180421:005409	9	113.658342	106.93357300758362	0.84375	0.7365276	0.7168	1.1026257	version=1,scratchspace=/home/steinba/development/deeprace,n_gpus=1,data_augmentation=True,num_classes=10,epochs=15,batch_size=32,checkpoint_epochs=False,n=9,backend=tf,subtract_pixel_mean=True	None	unknown:0.0	k80:1,fs:nfs,singularity:lustre
taurusi2091	resnet56v1	cifar10	3.179713	50000.0	10000.0	1.	20180421:005205	20180421:005409	10	5.276719	106.70530962944031	0.90625	0.8048879	0.755	1.0012097	version=1,scratchspace=/home/steinba/development/deeprace,n_gpus=1,data_augmentation=True,num_classes=10,epochs=15,batch_size=32,checkpoint_epochs=False,n=9,backend=tf,subtract_pixel_mean=True	None	unknown:0.0	k80:1,fs:nfs,singularity:lustre
taurusi2091	resnet56v1	cifar10	3.179713	50000.0	10000.0	1.	20180421:005205	20180421:005409	11	113.293274	106.88173460960388	0.875	0.7369634	0.7789	0.94298124	version=1,scratchspace=/home/steinba/development/deeprace,n_gpus=1,data_augmentation=True,num_classes=10,epochs=15,batch_size=32,checkpoint_epochs=False,n=9,backend=tf,subtract_pixel_mean=True	None	unknown:0.0	k80:1,fs:nfs,singularity:lustre
taurusi2091	resnet56v1	cifar10	3.179713	50000.0	10000.0	1.	20180421:005205	20180421:005409	12	5.291177	106.87692332267761	0.78125	0.69956243	0.7967	0.8613014	version=1,scratchspace=/home/steinba/development/deeprace,n_gpus=1,data_augmentation=True,num_classes=10,epochs=15,batch_size=32,checkpoint_epochs=False,n=9,backend=tf,subtract_pixel_mean=True	None	unknown:0.0	k80:1,fs:nfs,singularity:lustre
taurusi2091	resnet56v1	cifar10	3.179713	50000.0	10000.0	1.	20180421:005205	20180421:005409	13	113.597493	106.69012403488159	0.84375	0.7145791	0.7721	0.9401984	version=1,scratchspace=/home/steinba/development/deeprace,n_gpus=1,data_augmentation=True,num_classes=10,epochs=15,batch_size=32,checkpoint_epochs=False,n=9,backend=tf,subtract_pixel_mean=True	None	unknown:0.0	k80:1,fs:nfs,singularity:lustre
taurusi2094	resnet56v1	cifar10	3.11059	50000.0	10000.0	1.	20180421:005114	20180421:005314	0	4.790243	103.08466529846191	0.03125	3.2451217	0.3464	2.9797904	num_classes=10,batch_size=32,n=9,data_augmentation=True,epochs=15,checkpoint_epochs=False,backend=tf,n_gpus=1,version=1,scratchspace=/home/steinba/development/deeprace,subtract_pixel_mean=True	None	unknown:0.0	k80:1,fs:nfs,singularity:lustre
taurusi2094	resnet56v1	cifar10	3.11059	50000.0	10000.0	1.	20180421:005114	20180421:005314	1	108.959207	102.98288631439209	0.3125	2.1834471	0.4492	2.6773834	num_classes=10,batch_size=32,n=9,data_augmentation=True,epochs=15,checkpoint_epochs=False,backend=tf,n_gpus=1,version=1,scratchspace=/home/steinba/development/deeprace,subtract_pixel_mean=True	None	unknown:0.0	k80:1,fs:nfs,singularity:lustre
taurusi2094	resnet56v1	cifar10	3.11059	50000.0	10000.0	1.	20180421:005114	20180421:005314	2	4.931881	103.18474817276001	0.75	1.2353681	0.592	1.5883256	num_classes=10,batch_size=32,n=9,data_augmentation=True,epochs=15,checkpoint_epochs=False,backend=tf,n_gpus=1,version=1,scratchspace=/home/steinba/development/deeprace,subtract_pixel_mean=True	None	unknown:0.0	k80:1,fs:nfs,singularity:lustre
taurusi2094	resnet56v1	cifar10	3.11059	50000.0	10000.0	1.	20180421:005114	20180421:005314	3	109.913209	103.17697405815125	0.6875	1.3192273	0.6928	1.1944036	num_classes=10,batch_size=32,n=9,data_augmentation=True,epochs=15,checkpoint_epochs=False,backend=tf,n_gpus=1,version=1,scratchspace=/home/steinba/development/deeprace,subtract_pixel_mean=True	None	unknown:0.0	k80:1,fs:nfs,singularity:lustre
taurusi2094	resnet56v1	cifar10	3.11059	50000.0	10000.0	1.	20180421:005114	20180421:005314	4	4.884539	103.2305850982666	0.625	1.0240418	0.653	1.4382324	num_classes=10,batch_size=32,n=9,data_augmentation=True,epochs=15,checkpoint_epochs=False,backend=tf,n_gpus=1,version=1,scratchspace=/home/steinba/development/deeprace,subtract_pixel_mean=True	None	unknown:0.0	k80:1,fs:nfs,singularity:lustre
taurusi2094	resnet56v1	cifar10	3.11059	50000.0	10000.0	1.	20180421:005114	20180421:005314	5	110.120787	102.925546169281	0.75	1.1282475	0.7273	1.1011719	num_classes=10,batch_size=32,n=9,data_augmentation=True,epochs=15,checkpoint_epochs=False,backend=tf,n_gpus=1,version=1,scratchspace=/home/steinba/development/deeprace,subtract_pixel_mean=True	None	unknown:0.0	k80:1,fs:nfs,singularity:lustre
taurusi2094	resnet56v1	cifar10	3.11059	50000.0	10000.0	1.	20180421:005114	20180421:005314	6	4.891795	103.52765536308289	0.625	1.6139234	0.6857	1.2226597	num_classes=10,batch_size=32,n=9,data_augmentation=True,epochs=15,checkpoint_epochs=False,backend=tf,n_gpus=1,version=1,scratchspace=/home/steinba/development/deeprace,subtract_pixel_mean=True	None	unknown:0.0	k80:1,fs:nfs,singularity:lustre
taurusi2094	resnet56v1	cifar10	3.11059	50000.0	10000.0	1.	20180421:005114	20180421:005314	7	110.060137	102.71287798881531	0.71875	1.1453557	0.7741	0.9358658	num_classes=10,batch_size=32,n=9,data_augmentation=True,epochs=15,checkpoint_epochs=False,backend=tf,n_gpus=1,version=1,scratchspace=/home/steinba/development/deeprace,subtract_pixel_mean=True	None	unknown:0.0	k80:1,fs:nfs,singularity:lustre
taurusi2094	resnet56v1	cifar10	3.11059	50000.0	10000.0	1.	20180421:005114	20180421:005314	8	4.909623	103.22863745689392	0.8125	0.76797336	0.7523	1.0099956	num_classes=10,batch_size=32,n=9,data_augmentation=True,epochs=15,checkpoint_epochs=False,backend=tf,n_gpus=1,version=1,scratchspace=/home/steinba/development/deeprace,subtract_pixel_mean=True	None	unknown:0.0	k80:1,fs:nfs,singularity:lustre
taurusi2094	resnet56v1	cifar10	3.11059	50000.0	10000.0	1.	20180421:005114	20180421:005314	9	109.212	103.11936712265015	0.84375	0.7309752	0.6834	1.2369394	num_classes=10,batch_size=32,n=9,data_augmentation=True,epochs=15,checkpoint_epochs=False,backend=tf,n_gpus=1,version=1,scratchspace=/home/steinba/development/deeprace,subtract_pixel_mean=True	None	unknown:0.0	k80:1,fs:nfs,singularity:lustre
taurusi2094	resnet56v1	cifar10	3.11059	50000.0	10000.0	1.	20180421:005114	20180421:005314	10	4.89092	103.00736236572266	0.90625	0.6737174	0.7347	1.1276969	num_classes=10,batch_size=32,n=9,data_augmentation=True,epochs=15,checkpoint_epochs=False,backend=tf,n_gpus=1,version=1,scratchspace=/home/steinba/development/deeprace,subtract_pixel_mean=True	None	unknown:0.0	k80:1,fs:nfs,singularity:lustre
taurusi2094	resnet56v1	cifar10	3.11059	50000.0	10000.0	1.	20180421:005114	20180421:005314	11	108.925674	102.9648175239563	0.75	0.79354453	0.7695	0.96591	num_classes=10,batch_size=32,n=9,data_augmentation=True,epochs=15,checkpoint_epochs=False,backend=tf,n_gpus=1,version=1,scratchspace=/home/steinba/development/deeprace,subtract_pixel_mean=True	None	unknown:0.0	k80:1,fs:nfs,singularity:lustre
taurusi2094	resnet56v1	cifar10	3.11059	50000.0	10000.0	1.	20180421:005114	20180421:005314	12	4.873398	102.87001705169678	0.875	0.76812637	0.7127	1.1917738	num_classes=10,batch_size=32,n=9,data_augmentation=True,epochs=15,checkpoint_epochs=False,backend=tf,n_gpus=1,version=1,scratchspace=/home/steinba/development/deeprace,subtract_pixel_mean=True	None	unknown:0.0	k80:1,fs:nfs,singularity:lustre
taurusi2094	resnet56v1	cifar10	3.11059	50000.0	10000.0	1.	20180421:005114	20180421:005314	13	109.474831	103.11020970344543	0.875	0.60931027	0.8105	0.84007365	num_classes=10,batch_size=32,n=9,data_augmentation=True,epochs=15,checkpoint_epochs=False,backend=tf,n_gpus=1,version=1,scratchspace=/home/steinba/development/deeprace,subtract_pixel_mean=True	None	unknown:0.0	k80:1,fs:nfs,singularity:lustre
taurusi2105	resnet56v1	cifar10	3.190766	50000.0	10000.0	1.	20180421:005506	20180421:005707	0	4.864684	103.43763017654419	0.1875	2.797822	0.2719	3.0837107	scratchspace=/home/steinba/development/deeprace,epochs=15,batch_size=32,num_classes=10,backend=tf,n=9,n_gpus=1,data_augmentation=True,version=1,subtract_pixel_mean=True,checkpoint_epochs=False	None	unknown:0.0	k80:1,fs:nfs,singularity:lustre
taurusi2105	resnet56v1	cifar10	3.190766	50000.0	10000.0	1.	20180421:005506	20180421:005707	1	110.342382	103.6339921951294	0.5	1.8192273	0.5454	1.8056276	scratchspace=/home/steinba/development/deeprace,epochs=15,batch_size=32,num_classes=10,backend=tf,n=9,n_gpus=1,data_augmentation=True,version=1,subtract_pixel_mean=True,checkpoint_epochs=False	None	unknown:0.0	k80:1,fs:nfs,singularity:lustre
taurusi2105	resnet56v1	cifar10	3.190766	50000.0	10000.0	1.	20180421:005506	20180421:005707	2	4.994687	103.64200901985168	0.5	1.8914834	0.562	1.7273402	scratchspace=/home/steinba/development/deeprace,epochs=15,batch_size=32,num_classes=10,backend=tf,n=9,n_gpus=1,data_augmentation=True,version=1,subtract_pixel_mean=True,checkpoint_epochs=False	None	unknown:0.0	k80:1,fs:nfs,singularity:lustre
taurusi2105	resnet56v1	cifar10	3.190766	50000.0	10000.0	1.	20180421:005506	20180421:005707	3	111.062132	103.37909460067749	0.6875	1.1332304	0.7084	1.1667194	scratchspace=/home/steinba/development/deeprace,epochs=15,batch_size=32,num_classes=10,backend=tf,n=9,n_gpus=1,data_augmentation=True,version=1,subtract_pixel_mean=True,checkpoint_epochs=False	None	unknown:0.0	k80:1,fs:nfs,singularity:lustre
taurusi2105	resnet56v1	cifar10	3.190766	50000.0	10000.0	1.	20180421:005506	20180421:005707	4	4.960458	103.89799880981445	0.84375	0.86014336	0.6089	1.595939	scratchspace=/home/steinba/development/deeprace,epochs=15,batch_size=32,num_classes=10,backend=tf,n=9,n_gpus=1,data_augmentation=True,version=1,subtract_pixel_mean=True,checkpoint_epochs=False	None	unknown:0.0	k80:1,fs:nfs,singularity:lustre
taurusi2105	resnet56v1	cifar10	3.190766	50000.0	10000.0	1.	20180421:005506	20180421:005707	5	111.678944	103.74999785423279	0.71875	0.8490182	0.7202	1.1182629	scratchspace=/home/steinba/development/deeprace,epochs=15,batch_size=32,num_classes=10,backend=tf,n=9,n_gpus=1,data_augmentation=True,version=1,subtract_pixel_mean=True,checkpoint_epochs=False	None	unknown:0.0	k80:1,fs:nfs,singularity:lustre
taurusi2105	resnet56v1	cifar10	3.190766	50000.0	10000.0	1.	20180421:005506	20180421:005707	6	5.012996	103.65804386138916	0.78125	0.9344848	0.7011	1.1789222	scratchspace=/home/steinba/development/deeprace,epochs=15,batch_size=32,num_classes=10,backend=tf,n=9,n_gpus=1,data_augmentation=True,version=1,subtract_pixel_mean=True,checkpoint_epochs=False	None	unknown:0.0	k80:1,fs:nfs,singularity:lustre
taurusi2105	resnet56v1	cifar10	3.190766	50000.0	10000.0	1.	20180421:005506	20180421:005707	7	109.467288	103.62492156028748	0.8125	0.8438784	0.6899	1.2050099	scratchspace=/home/steinba/development/deeprace,epochs=15,batch_size=32,num_classes=10,backend=tf,n=9,n_gpus=1,data_augmentation=True,version=1,subtract_pixel_mean=True,checkpoint_epochs=False	None	unknown:0.0	k80:1,fs:nfs,singularity:lustre
taurusi2105	resnet56v1	cifar10	3.190766	50000.0	10000.0	1.	20180421:005506	20180421:005707	8	4.977444	103.17751908302307	0.78125	0.9528175	0.6724	1.2458193	scratchspace=/home/steinba/development/deeprace,epochs=15,batch_size=32,num_classes=10,backend=tf,n=9,n_gpus=1,data_augmentation=True,version=1,subtract_pixel_mean=True,checkpoint_epochs=False	None	unknown:0.0	k80:1,fs:nfs,singularity:lustre
taurusi2105	resnet56v1	cifar10	3.190766	50000.0	10000.0	1.	20180421:005506	20180421:005707	9	109.976427	103.27450275421143	0.84375	0.667338	0.7902	0.89102346	scratchspace=/home/steinba/development/deeprace,epochs=15,batch_size=32,num_classes=10,backend=tf,n=9,n_gpus=1,data_augmentation=True,version=1,subtract_pixel_mean=True,checkpoint_epochs=False	None	unknown:0.0	k80:1,fs:nfs,singularity:lustre
taurusi2105	resnet56v1	cifar10	3.190766	50000.0	10000.0	1.	20180421:005506	20180421:005707	10	4.958953	103.60520887374878	0.75	1.0163791	0.7773	0.9221819	scratchspace=/home/steinba/development/deeprace,epochs=15,batch_size=32,num_classes=10,backend=tf,n=9,n_gpus=1,data_augmentation=True,version=1,subtract_pixel_mean=True,checkpoint_epochs=False	None	unknown:0.0	k80:1,fs:nfs,singularity:lustre
taurusi2105	resnet56v1	cifar10	3.190766	50000.0	10000.0	1.	20180421:005506	20180421:005707	11	109.759127	103.57295370101929	0.8125	0.82430565	0.7962	0.87997025	scratchspace=/home/steinba/development/deeprace,epochs=15,batch_size=32,num_classes=10,backend=tf,n=9,n_gpus=1,data_augmentation=True,version=1,subtract_pixel_mean=True,checkpoint_epochs=False	None	unknown:0.0	k80:1,fs:nfs,singularity:lustre
taurusi2105	resnet56v1	cifar10	3.190766	50000.0	10000.0	1.	20180421:005506	20180421:005707	12	4.975388	103.64384508132935	0.875	0.61448026	0.7025	1.1837859	scratchspace=/home/steinba/development/deeprace,epochs=15,batch_size=32,num_classes=10,backend=tf,n=9,n_gpus=1,data_augmentation=True,version=1,subtract_pixel_mean=True,checkpoint_epochs=False	None	unknown:0.0	k80:1,fs:nfs,singularity:lustre
taurusi2105	resnet56v1	cifar10	3.190766	50000.0	10000.0	1.	20180421:005506	20180421:005707	13	109.741282	103.71715950965881	0.8125	0.88347363	0.6758	1.3786663	scratchspace=/home/steinba/development/deeprace,epochs=15,batch_size=32,num_classes=10,backend=tf,n=9,n_gpus=1,data_augmentation=True,version=1,subtract_pixel_mean=True,checkpoint_epochs=False	None	unknown:0.0	k80:1,fs:nfs,singularity:lustre
taurusi2065	resnet56v1	cifar10	3.147788	50000.0	10000.0	1.	20180421:005815	20180421:010018	0	5.21908	105.83869743347168	0.0625	3.0351682	0.4158	2.1082232	num_classes=10,data_augmentation=True,batch_size=32,epochs=15,n_gpus=1,subtract_pixel_mean=True,n=9,backend=tf,scratchspace=/home/steinba/development/deeprace,version=1,checkpoint_epochs=False	None	unknown:0.0	k80:1,fs:nfs,singularity:lustre
taurusi2065	resnet56v1	cifar10	3.147788	50000.0	10000.0	1.	20180421:005815	20180421:010018	1	113.08981	106.06805539131165	0.28125	2.5482445	0.4489	2.0496166	num_classes=10,data_augmentation=True,batch_size=32,epochs=15,n_gpus=1,subtract_pixel_mean=True,n=9,backend=tf,scratchspace=/home/steinba/development/deeprace,version=1,checkpoint_epochs=False	None	unknown:0.0	k80:1,fs:nfs,singularity:lustre
taurusi2065	resnet56v1	cifar10	3.147788	50000.0	10000.0	1.	20180421:005815	20180421:010018	2	5.327762	105.76228141784668	0.5625	1.1705033	0.6271	1.4015461	num_classes=10,data_augmentation=True,batch_size=32,epochs=15,n_gpus=1,subtract_pixel_mean=True,n=9,backend=tf,scratchspace=/home/steinba/development/deeprace,version=1,checkpoint_epochs=False	None	unknown:0.0	k80:1,fs:nfs,singularity:lustre
taurusi2065	resnet56v1	cifar10	3.147788	50000.0	10000.0	1.	20180421:005815	20180421:010018	3	112.564426	105.67456293106079	0.8125	0.93908286	0.6293	1.4018717	num_classes=10,data_augmentation=True,batch_size=32,epochs=15,n_gpus=1,subtract_pixel_mean=True,n=9,backend=tf,scratchspace=/home/steinba/development/deeprace,version=1,checkpoint_epochs=False	None	unknown:0.0	k80:1,fs:nfs,singularity:lustre
taurusi2065	resnet56v1	cifar10	3.147788	50000.0	10000.0	1.	20180421:005815	20180421:010018	4	5.292166	106.07155799865723	0.75	0.93187094	0.7238	1.1204501	num_classes=10,data_augmentation=True,batch_size=32,epochs=15,n_gpus=1,subtract_pixel_mean=True,n=9,backend=tf,scratchspace=/home/steinba/development/deeprace,version=1,checkpoint_epochs=False	None	unknown:0.0	k80:1,fs:nfs,singularity:lustre
taurusi2065	resnet56v1	cifar10	3.147788	50000.0	10000.0	1.	20180421:005815	20180421:010018	5	112.237758	105.91687321662903	0.875	0.8034848	0.6541	1.3040074	num_classes=10,data_augmentation=True,batch_size=32,epochs=15,n_gpus=1,subtract_pixel_mean=True,n=9,backend=tf,scratchspace=/home/steinba/development/deeprace,version=1,checkpoint_epochs=False	None	unknown:0.0	k80:1,fs:nfs,singularity:lustre
taurusi2065	resnet56v1	cifar10	3.147788	50000.0	10000.0	1.	20180421:005815	20180421:010018	6	5.316089	105.64425253868103	0.75	1.1267242	0.7489	1.0058912	num_classes=10,data_augmentation=True,batch_size=32,epochs=15,n_gpus=1,subtract_pixel_mean=True,n=9,backend=tf,scratchspace=/home/steinba/development/deeprace,version=1,checkpoint_epochs=False	None	unknown:0.0	k80:1,fs:nfs,singularity:lustre
taurusi2065	resnet56v1	cifar10	3.147788	50000.0	10000.0	1.	20180421:005815	20180421:010018	7	112.185855	105.7211685180664	0.8125	0.76740587	0.7129	1.14202	num_classes=10,data_augmentation=True,batch_size=32,epochs=15,n_gpus=1,subtract_pixel_mean=True,n=9,backend=tf,scratchspace=/home/steinba/development/deeprace,version=1,checkpoint_epochs=False	None	unknown:0.0	k80:1,fs:nfs,singularity:lustre
taurusi2065	resnet56v1	cifar10	3.147788	50000.0	10000.0	1.	20180421:005815	20180421:010018	8	5.341437	105.85774755477905	0.71875	0.8308423	0.7616	0.9548178	num_classes=10,data_augmentation=True,batch_size=32,epochs=15,n_gpus=1,subtract_pixel_mean=True,n=9,backend=tf,scratchspace=/home/steinba/development/deeprace,version=1,checkpoint_epochs=False	None	unknown:0.0	k80:1,fs:nfs,singularity:lustre
taurusi2065	resnet56v1	cifar10	3.147788	50000.0	10000.0	1.	20180421:005815	20180421:010018	9	112.604723	105.80553412437439	0.8125	0.77552533	0.7242	1.1150419	num_classes=10,data_augmentation=True,batch_size=32,epochs=15,n_gpus=1,subtract_pixel_mean=True,n=9,backend=tf,scratchspace=/home/steinba/development/deeprace,version=1,checkpoint_epochs=False	None	unknown:0.0	k80:1,fs:nfs,singularity:lustre
taurusi2065	resnet56v1	cifar10	3.147788	50000.0	10000.0	1.	20180421:005815	20180421:010018	10	5.424552	105.8775987625122	0.78125	0.67729247	0.7719	0.9391644	num_classes=10,data_augmentation=True,batch_size=32,epochs=15,n_gpus=1,subtract_pixel_mean=True,n=9,backend=tf,scratchspace=/home/steinba/development/deeprace,version=1,checkpoint_epochs=False	None	unknown:0.0	k80:1,fs:nfs,singularity:lustre
taurusi2065	resnet56v1	cifar10	3.147788	50000.0	10000.0	1.	20180421:005815	20180421:010018	11	112.525224	105.90259909629822	0.875	0.64077824	0.7567	0.9647324	num_classes=10,data_augmentation=True,batch_size=32,epochs=15,n_gpus=1,subtract_pixel_mean=True,n=9,backend=tf,scratchspace=/home/steinba/development/deeprace,version=1,checkpoint_epochs=False	None	unknown:0.0	k80:1,fs:nfs,singularity:lustre
taurusi2065	resnet56v1	cifar10	3.147788	50000.0	10000.0	1.	20180421:005815	20180421:010018	12	5.340318	106.05219054222107	0.90625	0.6190561	0.7802	0.906411	num_classes=10,data_augmentation=True,batch_size=32,epochs=15,n_gpus=1,subtract_pixel_mean=True,n=9,backend=tf,scratchspace=/home/steinba/development/deeprace,version=1,checkpoint_epochs=False	None	unknown:0.0	k80:1,fs:nfs,singularity:lustre
taurusi2065	resnet56v1	cifar10	3.147788	50000.0	10000.0	1.	20180421:005815	20180421:010018	13	112.09955	105.91552758216858	0.875	0.69024384	0.7465	1.0302728	num_classes=10,data_augmentation=True,batch_size=32,epochs=15,n_gpus=1,subtract_pixel_mean=True,n=9,backend=tf,scratchspace=/home/steinba/development/deeprace,version=1,checkpoint_epochs=False	None	unknown:0.0	k80:1,fs:nfs,singularity:lustre
taurusi2097	resnet56v1	cifar10	3.184145	50000.0	10000.0	1.	20180421:005744	20180421:005944	0	4.834739	103.16103434562683	0.0625	2.8940208	0.2421	3.705155	backend=tf,epochs=15,batch_size=32,subtract_pixel_mean=True,checkpoint_epochs=False,n_gpus=1,data_augmentation=True,num_classes=10,version=1,scratchspace=/home/steinba/development/deeprace,n=9	None	unknown:0.0	k80:1,fs:nfs,singularity:lustre
taurusi2097	resnet56v1	cifar10	3.184145	50000.0	10000.0	1.	20180421:005744	20180421:005944	1	109.992714	103.12661552429199	0.375	1.7497532	0.4959	1.9908901	backend=tf,epochs=15,batch_size=32,subtract_pixel_mean=True,checkpoint_epochs=False,n_gpus=1,data_augmentation=True,num_classes=10,version=1,scratchspace=/home/steinba/development/deeprace,n=9	None	unknown:0.0	k80:1,fs:nfs,singularity:lustre
taurusi2097	resnet56v1	cifar10	3.184145	50000.0	10000.0	1.	20180421:005744	20180421:005944	2	4.965374	103.05320978164673	0.6875	1.3832572	0.4698	2.039123	backend=tf,epochs=15,batch_size=32,subtract_pixel_mean=True,checkpoint_epochs=False,n_gpus=1,data_augmentation=True,num_classes=10,version=1,scratchspace=/home/steinba/development/deeprace,n=9	None	unknown:0.0	k80:1,fs:nfs,singularity:lustre
taurusi2097	resnet56v1	cifar10	3.184145	50000.0	10000.0	1.	20180421:005744	20180421:005944	3	109.186758	102.98803091049194	0.75	0.98137856	0.5939	1.6248881	backend=tf,epochs=15,batch_size=32,subtract_pixel_mean=True,checkpoint_epochs=False,n_gpus=1,data_augmentation=True,num_classes=10,version=1,scratchspace=/home/steinba/development/deeprace,n=9	None	unknown:0.0	k80:1,fs:nfs,singularity:lustre
taurusi2097	resnet56v1	cifar10	3.184145	50000.0	10000.0	1.	20180421:005744	20180421:005944	4	4.920335	102.93923735618591	0.78125	0.9131281	0.706	1.168321	backend=tf,epochs=15,batch_size=32,subtract_pixel_mean=True,checkpoint_epochs=False,n_gpus=1,data_augmentation=True,num_classes=10,version=1,scratchspace=/home/steinba/development/deeprace,n=9	None	unknown:0.0	k80:1,fs:nfs,singularity:lustre
taurusi2097	resnet56v1	cifar10	3.184145	50000.0	10000.0	1.	20180421:005744	20180421:005944	5	109.073933	103.48505353927612	0.84375	0.94206536	0.7117	1.1102282	backend=tf,epochs=15,batch_size=32,subtract_pixel_mean=True,checkpoint_epochs=False,n_gpus=1,data_augmentation=True,num_classes=10,version=1,scratchspace=/home/steinba/development/deeprace,n=9	None	unknown:0.0	k80:1,fs:nfs,singularity:lustre
taurusi2097	resnet56v1	cifar10	3.184145	50000.0	10000.0	1.	20180421:005744	20180421:005944	6	4.945729	103.25988793373108	0.875	0.6019019	0.7103	1.151822	backend=tf,epochs=15,batch_size=32,subtract_pixel_mean=True,checkpoint_epochs=False,n_gpus=1,data_augmentation=True,num_classes=10,version=1,scratchspace=/home/steinba/development/deeprace,n=9	None	unknown:0.0	k80:1,fs:nfs,singularity:lustre
taurusi2097	resnet56v1	cifar10	3.184145	50000.0	10000.0	1.	20180421:005744	20180421:005944	7	109.034904	102.93479752540588	0.75	0.9272315	0.7727	0.9339446	backend=tf,epochs=15,batch_size=32,subtract_pixel_mean=True,checkpoint_epochs=False,n_gpus=1,data_augmentation=True,num_classes=10,version=1,scratchspace=/home/steinba/development/deeprace,n=9	None	unknown:0.0	k80:1,fs:nfs,singularity:lustre
taurusi2097	resnet56v1	cifar10	3.184145	50000.0	10000.0	1.	20180421:005744	20180421:005944	8	5.018838	102.71769046783447	0.8125	0.79737866	0.7474	1.0063224	backend=tf,epochs=15,batch_size=32,subtract_pixel_mean=True,checkpoint_epochs=False,n_gpus=1,data_augmentation=True,num_classes=10,version=1,scratchspace=/home/steinba/development/deeprace,n=9	None	unknown:0.0	k80:1,fs:nfs,singularity:lustre
taurusi2097	resnet56v1	cifar10	3.184145	50000.0	10000.0	1.	20180421:005744	20180421:005944	9	109.055712	103.46465516090393	0.84375	0.68497825	0.7773	0.92289037	backend=tf,epochs=15,batch_size=32,subtract_pixel_mean=True,checkpoint_epochs=False,n_gpus=1,data_augmentation=True,num_classes=10,version=1,scratchspace=/home/steinba/development/deeprace,n=9	None	unknown:0.0	k80:1,fs:nfs,singularity:lustre
taurusi2097	resnet56v1	cifar10	3.184145	50000.0	10000.0	1.	20180421:005744	20180421:005944	10	4.975419	103.1605794429779	0.875	0.6944292	0.7485	1.0277227	backend=tf,epochs=15,batch_size=32,subtract_pixel_mean=True,checkpoint_epochs=False,n_gpus=1,data_augmentation=True,num_classes=10,version=1,scratchspace=/home/steinba/development/deeprace,n=9	None	unknown:0.0	k80:1,fs:nfs,singularity:lustre
taurusi2097	resnet56v1	cifar10	3.184145	50000.0	10000.0	1.	20180421:005744	20180421:005944	11	109.517265	102.84469985961914	0.8125	0.6527364	0.7704	0.9419456	backend=tf,epochs=15,batch_size=32,subtract_pixel_mean=True,checkpoint_epochs=False,n_gpus=1,data_augmentation=True,num_classes=10,version=1,scratchspace=/home/steinba/development/deeprace,n=9	None	unknown:0.0	k80:1,fs:nfs,singularity:lustre
taurusi2097	resnet56v1	cifar10	3.184145	50000.0	10000.0	1.	20180421:005744	20180421:005944	12	5.010247	103.28801107406616	0.75	0.95964754	0.6988	1.2467675	backend=tf,epochs=15,batch_size=32,subtract_pixel_mean=True,checkpoint_epochs=False,n_gpus=1,data_augmentation=True,num_classes=10,version=1,scratchspace=/home/steinba/development/deeprace,n=9	None	unknown:0.0	k80:1,fs:nfs,singularity:lustre
taurusi2097	resnet56v1	cifar10	3.184145	50000.0	10000.0	1.	20180421:005744	20180421:005944	13	109.347077	103.11292600631714	0.875	0.64700496	0.7892	0.91079664	backend=tf,epochs=15,batch_size=32,subtract_pixel_mean=True,checkpoint_epochs=False,n_gpus=1,data_augmentation=True,num_classes=10,version=1,scratchspace=/home/steinba/development/deeprace,n=9	None	unknown:0.0	k80:1,fs:nfs,singularity:lustre
taurusi2056	resnet56v1	cifar10	3.164328	50000.0	10000.0	1.	20180421:005856	20180421:010100	0	5.363099	106.90459656715393	0.03125	2.9287126	0.2988	3.0474184	num_classes=10,n_gpus=1,checkpoint_epochs=False,n=9,version=1,batch_size=32,epochs=15,subtract_pixel_mean=True,scratchspace=/home/steinba/development/deeprace,backend=tf,data_augmentation=True	None	unknown:0.0	k80:1,fs:nfs,singularity:lustre
taurusi2056	resnet56v1	cifar10	3.164328	50000.0	10000.0	1.	20180421:005856	20180421:010100	1	114.374983	106.91386842727661	0.5625	1.513227	0.502	2.1732485	num_classes=10,n_gpus=1,checkpoint_epochs=False,n=9,version=1,batch_size=32,epochs=15,subtract_pixel_mean=True,scratchspace=/home/steinba/development/deeprace,backend=tf,data_augmentation=True	None	unknown:0.0	k80:1,fs:nfs,singularity:lustre
taurusi2056	resnet56v1	cifar10	3.164328	50000.0	10000.0	1.	20180421:005856	20180421:010100	2	5.523264	107.01692748069763	0.59375	1.2137566	0.598	1.5817213	num_classes=10,n_gpus=1,checkpoint_epochs=False,n=9,version=1,batch_size=32,epochs=15,subtract_pixel_mean=True,scratchspace=/home/steinba/development/deeprace,backend=tf,data_augmentation=True	None	unknown:0.0	k80:1,fs:nfs,singularity:lustre
taurusi2056	resnet56v1	cifar10	3.164328	50000.0	10000.0	1.	20180421:005856	20180421:010100	3	113.678821	107.05700659751892	0.78125	0.9242562	0.7311	1.102768	num_classes=10,n_gpus=1,checkpoint_epochs=False,n=9,version=1,batch_size=32,epochs=15,subtract_pixel_mean=True,scratchspace=/home/steinba/development/deeprace,backend=tf,data_augmentation=True	None	unknown:0.0	k80:1,fs:nfs,singularity:lustre
taurusi2056	resnet56v1	cifar10	3.164328	50000.0	10000.0	1.	20180421:005856	20180421:010100	4	5.490911	106.99518871307373	0.90625	0.7666108	0.7115	1.1290478	num_classes=10,n_gpus=1,checkpoint_epochs=False,n=9,version=1,batch_size=32,epochs=15,subtract_pixel_mean=True,scratchspace=/home/steinba/development/deeprace,backend=tf,data_augmentation=True	None	unknown:0.0	k80:1,fs:nfs,singularity:lustre
taurusi2056	resnet56v1	cifar10	3.164328	50000.0	10000.0	1.	20180421:005856	20180421:010100	5	113.737518	106.87179613113403	0.90625	0.6833615	0.7733	0.9570211	num_classes=10,n_gpus=1,checkpoint_epochs=False,n=9,version=1,batch_size=32,epochs=15,subtract_pixel_mean=True,scratchspace=/home/steinba/development/deeprace,backend=tf,data_augmentation=True	None	unknown:0.0	k80:1,fs:nfs,singularity:lustre
taurusi2056	resnet56v1	cifar10	3.164328	50000.0	10000.0	1.	20180421:005856	20180421:010100	6	5.464025	106.91250228881836	0.75	1.0048398	0.7212	1.1236751	num_classes=10,n_gpus=1,checkpoint_epochs=False,n=9,version=1,batch_size=32,epochs=15,subtract_pixel_mean=True,scratchspace=/home/steinba/development/deeprace,backend=tf,data_augmentation=True	None	unknown:0.0	k80:1,fs:nfs,singularity:lustre
taurusi2056	resnet56v1	cifar10	3.164328	50000.0	10000.0	1.	20180421:005856	20180421:010100	7	113.732483	107.01825332641602	0.96875	0.55835736	0.7708	0.952371	num_classes=10,n_gpus=1,checkpoint_epochs=False,n=9,version=1,batch_size=32,epochs=15,subtract_pixel_mean=True,scratchspace=/home/steinba/development/deeprace,backend=tf,data_augmentation=True	None	unknown:0.0	k80:1,fs:nfs,singularity:lustre
taurusi2056	resnet56v1	cifar10	3.164328	50000.0	10000.0	1.	20180421:005856	20180421:010100	8	5.483746	107.00029563903809	0.78125	0.8613813	0.7225	1.156436	num_classes=10,n_gpus=1,checkpoint_epochs=False,n=9,version=1,batch_size=32,epochs=15,subtract_pixel_mean=True,scratchspace=/home/steinba/development/deeprace,backend=tf,data_augmentation=True	None	unknown:0.0	k80:1,fs:nfs,singularity:lustre
taurusi2056	resnet56v1	cifar10	3.164328	50000.0	10000.0	1.	20180421:005856	20180421:010100	9	113.644796	106.81449437141418	0.875	0.6482495	0.8201	0.80149525	num_classes=10,n_gpus=1,checkpoint_epochs=False,n=9,version=1,batch_size=32,epochs=15,subtract_pixel_mean=True,scratchspace=/home/steinba/development/deeprace,backend=tf,data_augmentation=True	None	unknown:0.0	k80:1,fs:nfs,singularity:lustre
taurusi2056	resnet56v1	cifar10	3.164328	50000.0	10000.0	1.	20180421:005856	20180421:010100	10	5.456553	106.8877227306366	0.90625	0.5312886	0.8086	0.8327464	num_classes=10,n_gpus=1,checkpoint_epochs=False,n=9,version=1,batch_size=32,epochs=15,subtract_pixel_mean=True,scratchspace=/home/steinba/development/deeprace,backend=tf,data_augmentation=True	None	unknown:0.0	k80:1,fs:nfs,singularity:lustre
taurusi2056	resnet56v1	cifar10	3.164328	50000.0	10000.0	1.	20180421:005856	20180421:010100	11	113.552134	106.63141202926636	0.875	0.6630544	0.7647	0.96437645	num_classes=10,n_gpus=1,checkpoint_epochs=False,n=9,version=1,batch_size=32,epochs=15,subtract_pixel_mean=True,scratchspace=/home/steinba/development/deeprace,backend=tf,data_augmentation=True	None	unknown:0.0	k80:1,fs:nfs,singularity:lustre
taurusi2056	resnet56v1	cifar10	3.164328	50000.0	10000.0	1.	20180421:005856	20180421:010100	12	5.47083	106.74777364730835	0.90625	0.6100999	0.7889	0.8893485	num_classes=10,n_gpus=1,checkpoint_epochs=False,n=9,version=1,batch_size=32,epochs=15,subtract_pixel_mean=True,scratchspace=/home/steinba/development/deeprace,backend=tf,data_augmentation=True	None	unknown:0.0	k80:1,fs:nfs,singularity:lustre
taurusi2056	resnet56v1	cifar10	3.164328	50000.0	10000.0	1.	20180421:005856	20180421:010100	13	113.596124	106.54388570785522	0.96875	0.51204026	0.5898	1.6445261	num_classes=10,n_gpus=1,checkpoint_epochs=False,n=9,version=1,batch_size=32,epochs=15,subtract_pixel_mean=True,scratchspace=/home/steinba/development/deeprace,backend=tf,data_augmentation=True	None	unknown:0.0	k80:1,fs:nfs,singularity:lustre
