host	model	dataset	load_dur_sec	ntrain	ntest	datafraction	train_start	train_end	epoch	rel_epoch_start_sec	epoch_dur_sec	acc	loss	val_acc	val_loss	opts	n_model_params	versions	deeprace_version	comment
talisker-10g	care_denoise2d	care_2d	8.577569	768	0	1.	20180512:073219	20180512:073252	0	6.9e-05	8.084543	0.005313680073254446	0.055072299866531414	0.005528833983199937	0.039412897854269324	batch_size=32,n_dims=2,depth=2,backend=keras,n_gpus=1,version=1,epochs=10,n_conv_per_depth=2,n_depth=2,scratchspace=/deeprace/scripts/frameworks/keras-vs-tf.keras,checkpoint_epochs=False,filter_base=16,validation_split=0.1,n_row=3,n_col=3	83377	keras:2.1.5,backend:tensorflow:1.7.0	0.2.0+58.gd4207e4.dirty	titanx:1,singularity,pinned
talisker-10g	care_denoise2d	care_2d	8.577569	768	0	1.	20180512:073219	20180512:073252	1	8.084759	2.762344	0.005484728666909265	0.03544979332777767	0.005543300119990652	0.027730192964920748	batch_size=32,n_dims=2,depth=2,backend=keras,n_gpus=1,version=1,epochs=10,n_conv_per_depth=2,n_depth=2,scratchspace=/deeprace/scripts/frameworks/keras-vs-tf.keras,checkpoint_epochs=False,filter_base=16,validation_split=0.1,n_row=3,n_col=3	83377	keras:2.1.5,backend:tensorflow:1.7.0	0.2.0+58.gd4207e4.dirty	titanx:1,singularity,pinned
talisker-10g	care_denoise2d	care_2d	8.577569	768	0	1.	20180512:073219	20180512:073252	2	10.847226	2.763108	0.0055042934811548715	0.023711331655013924	0.005564702051848947	0.01856435736181674	batch_size=32,n_dims=2,depth=2,backend=keras,n_gpus=1,version=1,epochs=10,n_conv_per_depth=2,n_depth=2,scratchspace=/deeprace/scripts/frameworks/keras-vs-tf.keras,checkpoint_epochs=False,filter_base=16,validation_split=0.1,n_row=3,n_col=3	83377	keras:2.1.5,backend:tensorflow:1.7.0	0.2.0+58.gd4207e4.dirty	titanx:1,singularity,pinned
talisker-10g	care_denoise2d	care_2d	8.577569	768	0	1.	20180512:073219	20180512:073252	3	13.610452	2.762821	0.005512574298088957	0.017109182610698097	0.005571835988818051	0.012925053474965033	batch_size=32,n_dims=2,depth=2,backend=keras,n_gpus=1,version=1,epochs=10,n_conv_per_depth=2,n_depth=2,scratchspace=/deeprace/scripts/frameworks/keras-vs-tf.keras,checkpoint_epochs=False,filter_base=16,validation_split=0.1,n_row=3,n_col=3	83377	keras:2.1.5,backend:tensorflow:1.7.0	0.2.0+58.gd4207e4.dirty	titanx:1,singularity,pinned
talisker-10g	care_denoise2d	care_2d	8.577569	768	0	1.	20180512:073219	20180512:073252	4	16.373398	2.76784	0.00551520208470987	0.01229924512770992	0.005573223133317449	0.009069980001198007	batch_size=32,n_dims=2,depth=2,backend=keras,n_gpus=1,version=1,epochs=10,n_conv_per_depth=2,n_depth=2,scratchspace=/deeprace/scripts/frameworks/keras-vs-tf.keras,checkpoint_epochs=False,filter_base=16,validation_split=0.1,n_row=3,n_col=3	83377	keras:2.1.5,backend:tensorflow:1.7.0	0.2.0+58.gd4207e4.dirty	titanx:1,singularity,pinned
talisker-10g	care_denoise2d	care_2d	8.577569	768	0	1.	20180512:073219	20180512:073252	5	19.141375	2.764612	0.005515533312750838	0.008967055681710133	0.005573619465500891	0.008335162135590981	batch_size=32,n_dims=2,depth=2,backend=keras,n_gpus=1,version=1,epochs=10,n_conv_per_depth=2,n_depth=2,scratchspace=/deeprace/scripts/frameworks/keras-vs-tf.keras,checkpoint_epochs=False,filter_base=16,validation_split=0.1,n_row=3,n_col=3	83377	keras:2.1.5,backend:tensorflow:1.7.0	0.2.0+58.gd4207e4.dirty	titanx:1,singularity,pinned
talisker-10g	care_denoise2d	care_2d	8.577569	768	0	1.	20180512:073219	20180512:073252	6	21.906106	2.776473	0.005515533308707469	0.008455684686864034	0.00557342129940917	0.005983349468026843	batch_size=32,n_dims=2,depth=2,backend=keras,n_gpus=1,version=1,epochs=10,n_conv_per_depth=2,n_depth=2,scratchspace=/deeprace/scripts/frameworks/keras-vs-tf.keras,checkpoint_epochs=False,filter_base=16,validation_split=0.1,n_row=3,n_col=3	83377	keras:2.1.5,backend:tensorflow:1.7.0	0.2.0+58.gd4207e4.dirty	titanx:1,singularity,pinned
talisker-10g	care_denoise2d	care_2d	8.577569	768	0	1.	20180512:073219	20180512:073252	7	24.682733	2.778132	0.005515732049036302	0.007094250517518579	0.005573619465500891	0.005668063454523489	batch_size=32,n_dims=2,depth=2,backend=keras,n_gpus=1,version=1,epochs=10,n_conv_per_depth=2,n_depth=2,scratchspace=/deeprace/scripts/frameworks/keras-vs-tf.keras,checkpoint_epochs=False,filter_base=16,validation_split=0.1,n_row=3,n_col=3	83377	keras:2.1.5,backend:tensorflow:1.7.0	0.2.0+58.gd4207e4.dirty	titanx:1,singularity,pinned
talisker-10g	care_denoise2d	care_2d	8.577569	768	0	1.	20180512:073219	20180512:073252	8	27.460972	2.778991	0.005515687884668538	0.007121263067177383	0.005573619465500891	0.005228297530927442	batch_size=32,n_dims=2,depth=2,backend=keras,n_gpus=1,version=1,epochs=10,n_conv_per_depth=2,n_depth=2,scratchspace=/deeprace/scripts/frameworks/keras-vs-tf.keras,checkpoint_epochs=False,filter_base=16,validation_split=0.1,n_row=3,n_col=3	83377	keras:2.1.5,backend:tensorflow:1.7.0	0.2.0+58.gd4207e4.dirty	titanx:1,singularity,pinned
talisker-10g	care_denoise2d	care_2d	8.577569	768	0	1.	20180512:073219	20180512:073252	9	30.24009	2.7822	0.005515754135263552	0.006548214466587334	0.005573619465500891	0.004943746335610941	batch_size=32,n_dims=2,depth=2,backend=keras,n_gpus=1,version=1,epochs=10,n_conv_per_depth=2,n_depth=2,scratchspace=/deeprace/scripts/frameworks/keras-vs-tf.keras,checkpoint_epochs=False,filter_base=16,validation_split=0.1,n_row=3,n_col=3	83377	keras:2.1.5,backend:tensorflow:1.7.0	0.2.0+58.gd4207e4.dirty	titanx:1,singularity,pinned
talisker-10g	care_denoise2d	care_2d	8.793383	768	0	1.	20180512:021121	20180512:021155	0	6.6e-05	8.814463	0.00535985391638235	0.05087069792379174	0.005635249132121151	0.034161073772551176	batch_size=32,n_row=3,n_dims=2,checkpoint_epochs=False,filter_base=16,scratchspace=/deeprace/scripts/frameworks/keras-vs-tf.keras,backend=keras,epochs=10,validation_split=0.1,n_conv_per_depth=2,n_gpus=1,version=1,depth=2,n_col=3,n_depth=2	83377	keras:2.1.5,backend:tensorflow:1.7.0	0.2.0+58.gd4207e4.dirty	titanx:1,singularity,pinned
talisker-10g	care_denoise2d	care_2d	8.793383	768	0	1.	20180512:021121	20180512:021155	1	8.814659	2.768393	0.005478457326012867	0.03263744094049189	0.005640599640787809	0.026100596171114352	batch_size=32,n_row=3,n_dims=2,checkpoint_epochs=False,filter_base=16,scratchspace=/deeprace/scripts/frameworks/keras-vs-tf.keras,backend=keras,epochs=10,validation_split=0.1,n_conv_per_depth=2,n_gpus=1,version=1,depth=2,n_col=3,n_depth=2	83377	keras:2.1.5,backend:tensorflow:1.7.0	0.2.0+58.gd4207e4.dirty	titanx:1,singularity,pinned
talisker-10g	care_denoise2d	care_2d	8.793383	768	0	1.	20180512:021121	20180512:021155	2	11.583199	2.76491	0.005492634090086831	0.024100974541799033	0.005656056601989579	0.02029709600202449	batch_size=32,n_row=3,n_dims=2,checkpoint_epochs=False,filter_base=16,scratchspace=/deeprace/scripts/frameworks/keras-vs-tf.keras,backend=keras,epochs=10,validation_split=0.1,n_conv_per_depth=2,n_gpus=1,version=1,depth=2,n_col=3,n_depth=2	83377	keras:2.1.5,backend:tensorflow:1.7.0	0.2.0+58.gd4207e4.dirty	titanx:1,singularity,pinned
talisker-10g	care_denoise2d	care_2d	8.793383	768	0	1.	20180512:021121	20180512:021155	3	14.348235	2.770468	0.005500738250223756	0.018258996093551347	0.005664577725790925	0.013830708170478994	batch_size=32,n_row=3,n_dims=2,checkpoint_epochs=False,filter_base=16,scratchspace=/deeprace/scripts/frameworks/keras-vs-tf.keras,backend=keras,epochs=10,validation_split=0.1,n_conv_per_depth=2,n_gpus=1,version=1,depth=2,n_col=3,n_depth=2	83377	keras:2.1.5,backend:tensorflow:1.7.0	0.2.0+58.gd4207e4.dirty	titanx:1,singularity,pinned
talisker-10g	care_denoise2d	care_2d	8.793383	768	0	1.	20180512:021121	20180512:021155	4	17.118869	2.776293	0.0055035868586834884	0.013497302992007926	0.005665964918670717	0.01191534221704517	batch_size=32,n_row=3,n_dims=2,checkpoint_epochs=False,filter_base=16,scratchspace=/deeprace/scripts/frameworks/keras-vs-tf.keras,backend=keras,epochs=10,validation_split=0.1,n_conv_per_depth=2,n_gpus=1,version=1,depth=2,n_col=3,n_depth=2	83377	keras:2.1.5,backend:tensorflow:1.7.0	0.2.0+58.gd4207e4.dirty	titanx:1,singularity,pinned
talisker-10g	care_denoise2d	care_2d	8.793383	768	0	1.	20180512:021121	20180512:021155	5	19.895305	2.77454	0.005504514303667587	0.010468373736892267	0.005667153866840647	0.010719391372199957	batch_size=32,n_row=3,n_dims=2,checkpoint_epochs=False,filter_base=16,scratchspace=/deeprace/scripts/frameworks/keras-vs-tf.keras,backend=keras,epochs=10,validation_split=0.1,n_conv_per_depth=2,n_gpus=1,version=1,depth=2,n_col=3,n_depth=2	83377	keras:2.1.5,backend:tensorflow:1.7.0	0.2.0+58.gd4207e4.dirty	titanx:1,singularity,pinned
talisker-10g	care_denoise2d	care_2d	8.793383	768	0	1.	20180512:021121	20180512:021155	6	22.669978	2.77613	0.005505022189853505	0.009394377875027237	0.005667153866840647	0.007469939787618138	batch_size=32,n_row=3,n_dims=2,checkpoint_epochs=False,filter_base=16,scratchspace=/deeprace/scripts/frameworks/keras-vs-tf.keras,backend=keras,epochs=10,validation_split=0.1,n_conv_per_depth=2,n_gpus=1,version=1,depth=2,n_col=3,n_depth=2	83377	keras:2.1.5,backend:tensorflow:1.7.0	0.2.0+58.gd4207e4.dirty	titanx:1,singularity,pinned
talisker-10g	care_denoise2d	care_2d	8.793383	768	0	1.	20180512:021121	20180512:021155	7	25.446235	2.775258	0.005505287179429564	0.007699535842230152	0.005667153866840647	0.0071569836650092105	batch_size=32,n_row=3,n_dims=2,checkpoint_epochs=False,filter_base=16,scratchspace=/deeprace/scripts/frameworks/keras-vs-tf.keras,backend=keras,epochs=10,validation_split=0.1,n_conv_per_depth=2,n_gpus=1,version=1,depth=2,n_col=3,n_depth=2	83377	keras:2.1.5,backend:tensorflow:1.7.0	0.2.0+58.gd4207e4.dirty	titanx:1,singularity,pinned
talisker-10g	care_denoise2d	care_2d	8.793383	768	0	1.	20180512:021121	20180512:021155	8	28.221621	2.777754	0.005505265100615156	0.007760659756823598	0.005667153866840647	0.00636123314003956	batch_size=32,n_row=3,n_dims=2,checkpoint_epochs=False,filter_base=16,scratchspace=/deeprace/scripts/frameworks/keras-vs-tf.keras,backend=keras,epochs=10,validation_split=0.1,n_conv_per_depth=2,n_gpus=1,version=1,depth=2,n_col=3,n_depth=2	83377	keras:2.1.5,backend:tensorflow:1.7.0	0.2.0+58.gd4207e4.dirty	titanx:1,singularity,pinned
talisker-10g	care_denoise2d	care_2d	8.793383	768	0	1.	20180512:021121	20180512:021155	9	30.999509	2.780034	0.005505132608859653	0.008233916153929126	0.005667153866840647	0.006866205151059798	batch_size=32,n_row=3,n_dims=2,checkpoint_epochs=False,filter_base=16,scratchspace=/deeprace/scripts/frameworks/keras-vs-tf.keras,backend=keras,epochs=10,validation_split=0.1,n_conv_per_depth=2,n_gpus=1,version=1,depth=2,n_col=3,n_depth=2	83377	keras:2.1.5,backend:tensorflow:1.7.0	0.2.0+58.gd4207e4.dirty	titanx:1,singularity,pinned
talisker-10g	care_denoise2d	care_2d	8.694581	768	0	1.	20180509:154921	20180509:154954	0	7e-05	8.739398	0.005297847148084908	0.05895698096942798	0.005217713207103215	0.03555573735918317	depth=2,n_row=3,n_conv_per_depth=2,validation_split=0.1,n_col=3,n_depth=2,n_gpus=1,filter_base=16,checkpoint_epochs=False,backend=keras,n_dims=2,batch_size=32,epochs=10,version=1,scratchspace=/deeprace/scripts/frameworks/keras-vs-tf.keras	83377	keras:2.1.5,backend:tensorflow:1.7.0	0.2.0+58.gd4207e4.dirty	titanx:1,singularity,pinned
talisker-10g	care_denoise2d	care_2d	8.694581	768	0	1.	20180509:154921	20180509:154954	1	8.739585	2.753953	0.005516880333380486	0.034319971177279515	0.005238322492737275	0.026883729382768853	depth=2,n_row=3,n_conv_per_depth=2,validation_split=0.1,n_col=3,n_depth=2,n_gpus=1,filter_base=16,checkpoint_epochs=False,backend=keras,n_dims=2,batch_size=32,epochs=10,version=1,scratchspace=/deeprace/scripts/frameworks/keras-vs-tf.keras	83377	keras:2.1.5,backend:tensorflow:1.7.0	0.2.0+58.gd4207e4.dirty	titanx:1,singularity,pinned
talisker-10g	care_denoise2d	care_2d	8.694581	768	0	1.	20180509:154921	20180509:154954	2	11.493679	2.761272	0.005530703775773388	0.027883773505170163	0.005248032613088946	0.022341811956910342	depth=2,n_row=3,n_conv_per_depth=2,validation_split=0.1,n_col=3,n_depth=2,n_gpus=1,filter_base=16,checkpoint_epochs=False,backend=keras,n_dims=2,batch_size=32,epochs=10,version=1,scratchspace=/deeprace/scripts/frameworks/keras-vs-tf.keras	83377	keras:2.1.5,backend:tensorflow:1.7.0	0.2.0+58.gd4207e4.dirty	titanx:1,singularity,pinned
talisker-10g	care_denoise2d	care_2d	8.694581	768	0	1.	20180509:154921	20180509:154954	3	14.255086	2.763716	0.005542076099124857	0.023014777778026508	0.005251203228223634	0.01660265964637329	depth=2,n_row=3,n_conv_per_depth=2,validation_split=0.1,n_col=3,n_depth=2,n_gpus=1,filter_base=16,checkpoint_epochs=False,backend=keras,n_dims=2,batch_size=32,epochs=10,version=1,scratchspace=/deeprace/scripts/frameworks/keras-vs-tf.keras	83377	keras:2.1.5,backend:tensorflow:1.7.0	0.2.0+58.gd4207e4.dirty	titanx:1,singularity,pinned
talisker-10g	care_denoise2d	care_2d	8.694581	768	0	1.	20180509:154921	20180509:154954	4	17.018924	2.763147	0.005548965740496058	0.0166250146095211	0.005253977577697921	0.010683221282897058	depth=2,n_row=3,n_conv_per_depth=2,validation_split=0.1,n_col=3,n_depth=2,n_gpus=1,filter_base=16,checkpoint_epochs=False,backend=keras,n_dims=2,batch_size=32,epochs=10,version=1,scratchspace=/deeprace/scripts/frameworks/keras-vs-tf.keras	83377	keras:2.1.5,backend:tensorflow:1.7.0	0.2.0+58.gd4207e4.dirty	titanx:1,singularity,pinned
talisker-10g	care_denoise2d	care_2d	8.694581	768	0	1.	20180509:154921	20180509:154954	5	19.782197	2.765972	0.005550003599095146	0.013422782542305296	0.005253977577697921	0.008715616357694198	depth=2,n_row=3,n_conv_per_depth=2,validation_split=0.1,n_col=3,n_depth=2,n_gpus=1,filter_base=16,checkpoint_epochs=False,backend=keras,n_dims=2,batch_size=32,epochs=10,version=1,scratchspace=/deeprace/scripts/frameworks/keras-vs-tf.keras	83377	keras:2.1.5,backend:tensorflow:1.7.0	0.2.0+58.gd4207e4.dirty	titanx:1,singularity,pinned
talisker-10g	care_denoise2d	care_2d	8.694581	768	0	1.	20180509:154921	20180509:154954	6	22.548301	2.770484	0.005550710228305477	0.010898827149245656	0.005253977577697921	0.006779822944240136	depth=2,n_row=3,n_conv_per_depth=2,validation_split=0.1,n_col=3,n_depth=2,n_gpus=1,filter_base=16,checkpoint_epochs=False,backend=keras,n_dims=2,batch_size=32,epochs=10,version=1,scratchspace=/deeprace/scripts/frameworks/keras-vs-tf.keras	83377	keras:2.1.5,backend:tensorflow:1.7.0	0.2.0+58.gd4207e4.dirty	titanx:1,singularity,pinned
talisker-10g	care_denoise2d	care_2d	8.694581	768	0	1.	20180509:154921	20180509:154954	7	25.31893	2.786762	0.005551063550660432	0.009111569908632211	0.005253977577697921	0.0057274462147192525	depth=2,n_row=3,n_conv_per_depth=2,validation_split=0.1,n_col=3,n_depth=2,n_gpus=1,filter_base=16,checkpoint_epochs=False,backend=keras,n_dims=2,batch_size=32,epochs=10,version=1,scratchspace=/deeprace/scripts/frameworks/keras-vs-tf.keras	83377	keras:2.1.5,backend:tensorflow:1.7.0	0.2.0+58.gd4207e4.dirty	titanx:1,singularity,pinned
talisker-10g	care_denoise2d	care_2d	8.694581	768	0	1.	20180509:154921	20180509:154954	8	28.105849	2.780374	0.00555130645535703	0.008034556486823106	0.005253977577697921	0.0060486652852072345	depth=2,n_row=3,n_conv_per_depth=2,validation_split=0.1,n_col=3,n_depth=2,n_gpus=1,filter_base=16,checkpoint_epochs=False,backend=keras,n_dims=2,batch_size=32,epochs=10,version=1,scratchspace=/deeprace/scripts/frameworks/keras-vs-tf.keras	83377	keras:2.1.5,backend:tensorflow:1.7.0	0.2.0+58.gd4207e4.dirty	titanx:1,singularity,pinned
talisker-10g	care_denoise2d	care_2d	8.694581	768	0	1.	20180509:154921	20180509:154954	9	30.886347	2.777904	0.0055513947787014	0.007627270937871657	0.005253977577697921	0.004565258522505884	depth=2,n_row=3,n_conv_per_depth=2,validation_split=0.1,n_col=3,n_depth=2,n_gpus=1,filter_base=16,checkpoint_epochs=False,backend=keras,n_dims=2,batch_size=32,epochs=10,version=1,scratchspace=/deeprace/scripts/frameworks/keras-vs-tf.keras	83377	keras:2.1.5,backend:tensorflow:1.7.0	0.2.0+58.gd4207e4.dirty	titanx:1,singularity,pinned
talisker-10g	care_denoise2d	care_2d	8.638878	768	0	1.	20180511:154309	20180511:154343	0	6.8e-05	8.650611	0.005426608364996749	0.047479967170229176	0.005338990831046136	0.03541709090788643	batch_size=32,depth=2,n_gpus=1,checkpoint_epochs=False,version=1,n_col=3,backend=keras,epochs=10,n_depth=2,scratchspace=/deeprace/scripts/frameworks/keras-vs-tf.keras,validation_split=0.1,n_row=3,n_dims=2,n_conv_per_depth=2,filter_base=16	83377	keras:2.1.5,backend:tensorflow:1.7.0	0.2.0+58.gd4207e4.dirty	titanx:1,singularity,pinned
talisker-10g	care_denoise2d	care_2d	8.638878	768	0	1.	20180511:154309	20180511:154343	1	8.650812	2.754309	0.005514120048939017	0.03171264658669918	0.005353258765459835	0.023351302418809432	batch_size=32,depth=2,n_gpus=1,checkpoint_epochs=False,version=1,n_col=3,backend=keras,epochs=10,n_depth=2,scratchspace=/deeprace/scripts/frameworks/keras-vs-tf.keras,validation_split=0.1,n_row=3,n_dims=2,n_conv_per_depth=2,filter_base=16	83377	keras:2.1.5,backend:tensorflow:1.7.0	0.2.0+58.gd4207e4.dirty	titanx:1,singularity,pinned
talisker-10g	care_denoise2d	care_2d	8.638878	768	0	1.	20180511:154309	20180511:154343	2	11.40527	2.753109	0.005531035006509935	0.021223732378123552	0.005360194614955357	0.014911865283335959	batch_size=32,depth=2,n_gpus=1,checkpoint_epochs=False,version=1,n_col=3,backend=keras,epochs=10,n_depth=2,scratchspace=/deeprace/scripts/frameworks/keras-vs-tf.keras,validation_split=0.1,n_row=3,n_dims=2,n_conv_per_depth=2,filter_base=16	83377	keras:2.1.5,backend:tensorflow:1.7.0	0.2.0+58.gd4207e4.dirty	titanx:1,singularity,pinned
talisker-10g	care_denoise2d	care_2d	8.638878	768	0	1.	20180511:154309	20180511:154343	3	14.158513	2.76363	0.005537615495958998	0.013498555707129314	0.005360789113230519	0.00941805083111122	batch_size=32,depth=2,n_gpus=1,checkpoint_epochs=False,version=1,n_col=3,backend=keras,epochs=10,n_depth=2,scratchspace=/deeprace/scripts/frameworks/keras-vs-tf.keras,validation_split=0.1,n_row=3,n_dims=2,n_conv_per_depth=2,filter_base=16	83377	keras:2.1.5,backend:tensorflow:1.7.0	0.2.0+58.gd4207e4.dirty	titanx:1,singularity,pinned
talisker-10g	care_denoise2d	care_2d	8.638878	768	0	1.	20180511:154309	20180511:154343	4	16.9223	2.762815	0.005539227498077967	0.009220256846177078	0.005360789113230519	0.007582579376538853	batch_size=32,depth=2,n_gpus=1,checkpoint_epochs=False,version=1,n_col=3,backend=keras,epochs=10,n_depth=2,scratchspace=/deeprace/scripts/frameworks/keras-vs-tf.keras,validation_split=0.1,n_row=3,n_dims=2,n_conv_per_depth=2,filter_base=16	83377	keras:2.1.5,backend:tensorflow:1.7.0	0.2.0+58.gd4207e4.dirty	titanx:1,singularity,pinned
talisker-10g	care_denoise2d	care_2d	8.638878	768	0	1.	20180511:154309	20180511:154343	5	19.685269	2.765801	0.005539183331014623	0.008935212186644158	0.005360789113230519	0.007532898094746974	batch_size=32,depth=2,n_gpus=1,checkpoint_epochs=False,version=1,n_col=3,backend=keras,epochs=10,n_depth=2,scratchspace=/deeprace/scripts/frameworks/keras-vs-tf.keras,validation_split=0.1,n_row=3,n_dims=2,n_conv_per_depth=2,filter_base=16	83377	keras:2.1.5,backend:tensorflow:1.7.0	0.2.0+58.gd4207e4.dirty	titanx:1,singularity,pinned
talisker-10g	care_denoise2d	care_2d	8.638878	768	0	1.	20180511:154309	20180511:154343	6	22.451214	2.772825	0.005539293741934034	0.008355657307245107	0.005360789113230519	0.0060562677137166645	batch_size=32,depth=2,n_gpus=1,checkpoint_epochs=False,version=1,n_col=3,backend=keras,epochs=10,n_depth=2,scratchspace=/deeprace/scripts/frameworks/keras-vs-tf.keras,validation_split=0.1,n_row=3,n_dims=2,n_conv_per_depth=2,filter_base=16	83377	keras:2.1.5,backend:tensorflow:1.7.0	0.2.0+58.gd4207e4.dirty	titanx:1,singularity,pinned
talisker-10g	care_denoise2d	care_2d	8.638878	768	0	1.	20180511:154309	20180511:154343	7	25.224152	2.773697	0.005539359994550733	0.007382062693057762	0.005360789113230519	0.005714452468681258	batch_size=32,depth=2,n_gpus=1,checkpoint_epochs=False,version=1,n_col=3,backend=keras,epochs=10,n_depth=2,scratchspace=/deeprace/scripts/frameworks/keras-vs-tf.keras,validation_split=0.1,n_row=3,n_dims=2,n_conv_per_depth=2,filter_base=16	83377	keras:2.1.5,backend:tensorflow:1.7.0	0.2.0+58.gd4207e4.dirty	titanx:1,singularity,pinned
talisker-10g	care_denoise2d	care_2d	8.638878	768	0	1.	20180511:154309	20180511:154343	8	27.997973	2.768937	0.0055394262390806946	0.0065088458372719385	0.005360789113230519	0.007675392444354373	batch_size=32,depth=2,n_gpus=1,checkpoint_epochs=False,version=1,n_col=3,backend=keras,epochs=10,n_depth=2,scratchspace=/deeprace/scripts/frameworks/keras-vs-tf.keras,validation_split=0.1,n_row=3,n_dims=2,n_conv_per_depth=2,filter_base=16	83377	keras:2.1.5,backend:tensorflow:1.7.0	0.2.0+58.gd4207e4.dirty	titanx:1,singularity,pinned
talisker-10g	care_denoise2d	care_2d	8.638878	768	0	1.	20180511:154309	20180511:154343	9	30.767039	2.774956	0.0055394262431240635	0.006785066323907434	0.005360789113230519	0.006026350475799341	batch_size=32,depth=2,n_gpus=1,checkpoint_epochs=False,version=1,n_col=3,backend=keras,epochs=10,n_depth=2,scratchspace=/deeprace/scripts/frameworks/keras-vs-tf.keras,validation_split=0.1,n_row=3,n_dims=2,n_conv_per_depth=2,filter_base=16	83377	keras:2.1.5,backend:tensorflow:1.7.0	0.2.0+58.gd4207e4.dirty	titanx:1,singularity,pinned
talisker-10g	care_denoise2d	care_2d	8.486393	768	0	1.	20180511:220201	20180511:220235	0	6.4e-05	8.680636	0.00535844065257053	0.05321184602362547	0.005415284752168439	0.04034972935914993	n_conv_per_depth=2,n_row=3,epochs=10,n_gpus=1,n_dims=2,backend=keras,n_col=3,n_depth=2,filter_base=16,checkpoint_epochs=False,batch_size=32,validation_split=0.1,scratchspace=/deeprace/scripts/frameworks/keras-vs-tf.keras,version=1,depth=2	83377	keras:2.1.5,backend:tensorflow:1.7.0	0.2.0+58.gd4207e4.dirty	titanx:1,singularity,pinned
talisker-10g	care_denoise2d	care_2d	8.486393	768	0	1.	20180511:220201	20180511:220235	1	8.68083	2.764554	0.005497160931717599	0.03343955575125952	0.005417860941598554	0.02929925439613206	n_conv_per_depth=2,n_row=3,epochs=10,n_gpus=1,n_dims=2,backend=keras,n_col=3,n_depth=2,filter_base=16,checkpoint_epochs=False,batch_size=32,validation_split=0.1,scratchspace=/deeprace/scripts/frameworks/keras-vs-tf.keras,version=1,depth=2	83377	keras:2.1.5,backend:tensorflow:1.7.0	0.2.0+58.gd4207e4.dirty	titanx:1,singularity,pinned
talisker-10g	care_denoise2d	care_2d	8.486393	768	0	1.	20180511:220201	20180511:220235	2	11.445527	2.764066	0.005515268332609306	0.023042366595995407	0.005455116136604315	0.018698802774215675	n_conv_per_depth=2,n_row=3,epochs=10,n_gpus=1,n_dims=2,backend=keras,n_col=3,n_depth=2,filter_base=16,checkpoint_epochs=False,batch_size=32,validation_split=0.1,scratchspace=/deeprace/scripts/frameworks/keras-vs-tf.keras,version=1,depth=2	83377	keras:2.1.5,backend:tensorflow:1.7.0	0.2.0+58.gd4207e4.dirty	titanx:1,singularity,pinned
talisker-10g	care_denoise2d	care_2d	8.486393	768	0	1.	20180511:220201	20180511:220235	3	14.209713	2.775534	0.005525161149640676	0.015869442151128902	0.005461061149593684	0.013989337465979836	n_conv_per_depth=2,n_row=3,epochs=10,n_gpus=1,n_dims=2,backend=keras,n_col=3,n_depth=2,filter_base=16,checkpoint_epochs=False,batch_size=32,validation_split=0.1,scratchspace=/deeprace/scripts/frameworks/keras-vs-tf.keras,version=1,depth=2	83377	keras:2.1.5,backend:tensorflow:1.7.0	0.2.0+58.gd4207e4.dirty	titanx:1,singularity,pinned
talisker-10g	care_denoise2d	care_2d	8.486393	768	0	1.	20180511:220201	20180511:220235	4	16.985386	2.779938	0.005527236877621169	0.012609409145450196	0.005461457481777126	0.011201821219224434	n_conv_per_depth=2,n_row=3,epochs=10,n_gpus=1,n_dims=2,backend=keras,n_col=3,n_depth=2,filter_base=16,checkpoint_epochs=False,batch_size=32,validation_split=0.1,scratchspace=/deeprace/scripts/frameworks/keras-vs-tf.keras,version=1,depth=2	83377	keras:2.1.5,backend:tensorflow:1.7.0	0.2.0+58.gd4207e4.dirty	titanx:1,singularity,pinned
talisker-10g	care_denoise2d	care_2d	8.486393	768	0	1.	20180511:220201	20180511:220235	5	19.765476	2.78068	0.0055278110137282075	0.009483743165168161	0.005461457481777126	0.009680229142404996	n_conv_per_depth=2,n_row=3,epochs=10,n_gpus=1,n_dims=2,backend=keras,n_col=3,n_depth=2,filter_base=16,checkpoint_epochs=False,batch_size=32,validation_split=0.1,scratchspace=/deeprace/scripts/frameworks/keras-vs-tf.keras,version=1,depth=2	83377	keras:2.1.5,backend:tensorflow:1.7.0	0.2.0+58.gd4207e4.dirty	titanx:1,singularity,pinned
talisker-10g	care_denoise2d	care_2d	8.486393	768	0	1.	20180511:220201	20180511:220235	6	22.546281	2.791247	0.0055278993431376305	0.008293989338870288	0.005461457481777126	0.008131555378340281	n_conv_per_depth=2,n_row=3,epochs=10,n_gpus=1,n_dims=2,backend=keras,n_col=3,n_depth=2,filter_base=16,checkpoint_epochs=False,batch_size=32,validation_split=0.1,scratchspace=/deeprace/scripts/frameworks/keras-vs-tf.keras,version=1,depth=2	83377	keras:2.1.5,backend:tensorflow:1.7.0	0.2.0+58.gd4207e4.dirty	titanx:1,singularity,pinned
talisker-10g	care_denoise2d	care_2d	8.486393	768	0	1.	20180511:220201	20180511:220235	7	25.337663	2.785246	0.005528053907642489	0.007891972150313958	0.005461457481777126	0.008940895487155234	n_conv_per_depth=2,n_row=3,epochs=10,n_gpus=1,n_dims=2,backend=keras,n_col=3,n_depth=2,filter_base=16,checkpoint_epochs=False,batch_size=32,validation_split=0.1,scratchspace=/deeprace/scripts/frameworks/keras-vs-tf.keras,version=1,depth=2	83377	keras:2.1.5,backend:tensorflow:1.7.0	0.2.0+58.gd4207e4.dirty	titanx:1,singularity,pinned
talisker-10g	care_denoise2d	care_2d	8.486393	768	0	1.	20180511:220201	20180511:220235	8	28.123038	2.791641	0.005528009754730936	0.007881994340326179	0.005461457481777126	0.008772283762257981	n_conv_per_depth=2,n_row=3,epochs=10,n_gpus=1,n_dims=2,backend=keras,n_col=3,n_depth=2,filter_base=16,checkpoint_epochs=False,batch_size=32,validation_split=0.1,scratchspace=/deeprace/scripts/frameworks/keras-vs-tf.keras,version=1,depth=2	83377	keras:2.1.5,backend:tensorflow:1.7.0	0.2.0+58.gd4207e4.dirty	titanx:1,singularity,pinned
talisker-10g	care_denoise2d	care_2d	8.486393	768	0	1.	20180511:220201	20180511:220235	9	30.914801	2.793028	0.00552816433001811	0.006219225889813106	0.005461457481777126	0.007056680680313087	n_conv_per_depth=2,n_row=3,epochs=10,n_gpus=1,n_dims=2,backend=keras,n_col=3,n_depth=2,filter_base=16,checkpoint_epochs=False,batch_size=32,validation_split=0.1,scratchspace=/deeprace/scripts/frameworks/keras-vs-tf.keras,version=1,depth=2	83377	keras:2.1.5,backend:tensorflow:1.7.0	0.2.0+58.gd4207e4.dirty	titanx:1,singularity,pinned
talisker-10g	care_denoise2d	care_2d	8.77593	768	0	1.	20180511:092616	20180511:092650	0	0.000101	8.843581	0.0053864850382308455	0.047996789562029366	0.005612856418184646	0.0389497448000815	depth=2,n_conv_per_depth=2,version=1,filter_base=16,backend=keras,n_dims=2,checkpoint_epochs=False,n_gpus=1,n_depth=2,scratchspace=/deeprace/scripts/frameworks/keras-vs-tf.keras,n_col=3,validation_split=0.1,batch_size=32,n_row=3,epochs=10	83377	keras:2.1.5,backend:tensorflow:1.7.0	0.2.0+58.gd4207e4.dirty	titanx:1,singularity,pinned
talisker-10g	care_denoise2d	care_2d	8.77593	768	0	1.	20180511:092616	20180511:092650	1	8.843825	2.770199	0.005477839029581433	0.03388844343648978	0.005622962888862405	0.029225136576728386	depth=2,n_conv_per_depth=2,version=1,filter_base=16,backend=keras,n_dims=2,checkpoint_epochs=False,n_gpus=1,n_depth=2,scratchspace=/deeprace/scripts/frameworks/keras-vs-tf.keras,n_col=3,validation_split=0.1,batch_size=32,n_row=3,epochs=10	83377	keras:2.1.5,backend:tensorflow:1.7.0	0.2.0+58.gd4207e4.dirty	titanx:1,singularity,pinned
talisker-10g	care_denoise2d	care_2d	8.77593	768	0	1.	20180511:092616	20180511:092650	2	11.614141	2.778073	0.005495526850110327	0.023819974226022594	0.005641194163253168	0.020202287678401192	depth=2,n_conv_per_depth=2,version=1,filter_base=16,backend=keras,n_dims=2,checkpoint_epochs=False,n_gpus=1,n_depth=2,scratchspace=/deeprace/scripts/frameworks/keras-vs-tf.keras,n_col=3,validation_split=0.1,batch_size=32,n_row=3,epochs=10	83377	keras:2.1.5,backend:tensorflow:1.7.0	0.2.0+58.gd4207e4.dirty	titanx:1,singularity,pinned
talisker-10g	care_denoise2d	care_2d	8.77593	768	0	1.	20180511:092616	20180511:092650	3	14.392343	2.788741	0.005504138909237171	0.016663292213983282	0.005644364784435405	0.013017189592219792	depth=2,n_conv_per_depth=2,version=1,filter_base=16,backend=keras,n_dims=2,checkpoint_epochs=False,n_gpus=1,n_depth=2,scratchspace=/deeprace/scripts/frameworks/keras-vs-tf.keras,n_col=3,validation_split=0.1,batch_size=32,n_row=3,epochs=10	83377	keras:2.1.5,backend:tensorflow:1.7.0	0.2.0+58.gd4207e4.dirty	titanx:1,singularity,pinned
talisker-10g	care_denoise2d	care_2d	8.77593	768	0	1.	20180511:092616	20180511:092650	4	17.181226	2.791715	0.005506479622750353	0.011290599315733191	0.005645355614894009	0.009306299240122756	depth=2,n_conv_per_depth=2,version=1,filter_base=16,backend=keras,n_dims=2,checkpoint_epochs=False,n_gpus=1,n_depth=2,scratchspace=/deeprace/scripts/frameworks/keras-vs-tf.keras,n_col=3,validation_split=0.1,batch_size=32,n_row=3,epochs=10	83377	keras:2.1.5,backend:tensorflow:1.7.0	0.2.0+58.gd4207e4.dirty	titanx:1,singularity,pinned
talisker-10g	care_denoise2d	care_2d	8.77593	768	0	1.	20180511:092616	20180511:092650	5	19.973079	2.785157	0.005506899185591901	0.009607153662983139	0.005645355614894009	0.00977494434586593	depth=2,n_conv_per_depth=2,version=1,filter_base=16,backend=keras,n_dims=2,checkpoint_epochs=False,n_gpus=1,n_depth=2,scratchspace=/deeprace/scripts/frameworks/keras-vs-tf.keras,n_col=3,validation_split=0.1,batch_size=32,n_row=3,epochs=10	83377	keras:2.1.5,backend:tensorflow:1.7.0	0.2.0+58.gd4207e4.dirty	titanx:1,singularity,pinned
talisker-10g	care_denoise2d	care_2d	8.77593	768	0	1.	20180511:092616	20180511:092650	6	22.758358	2.788118	0.005507119997996196	0.00902691777585298	0.00564575194707745	0.007801473050003315	depth=2,n_conv_per_depth=2,version=1,filter_base=16,backend=keras,n_dims=2,checkpoint_epochs=False,n_gpus=1,n_depth=2,scratchspace=/deeprace/scripts/frameworks/keras-vs-tf.keras,n_col=3,validation_split=0.1,batch_size=32,n_row=3,epochs=10	83377	keras:2.1.5,backend:tensorflow:1.7.0	0.2.0+58.gd4207e4.dirty	titanx:1,singularity,pinned
talisker-10g	care_denoise2d	care_2d	8.77593	768	0	1.	20180511:092616	20180511:092650	7	25.546605	2.788156	0.005507208328079513	0.007713888247541857	0.005645950113169171	0.006668743629056912	depth=2,n_conv_per_depth=2,version=1,filter_base=16,backend=keras,n_dims=2,checkpoint_epochs=False,n_gpus=1,n_depth=2,scratchspace=/deeprace/scripts/frameworks/keras-vs-tf.keras,n_col=3,validation_split=0.1,batch_size=32,n_row=3,epochs=10	83377	keras:2.1.5,backend:tensorflow:1.7.0	0.2.0+58.gd4207e4.dirty	titanx:1,singularity,pinned
talisker-10g	care_denoise2d	care_2d	8.77593	768	0	1.	20180511:092616	20180511:092650	8	28.334906	2.796181	0.005507429149918333	0.006994798002486938	0.005646346475590359	0.00578718606455179	depth=2,n_conv_per_depth=2,version=1,filter_base=16,backend=keras,n_dims=2,checkpoint_epochs=False,n_gpus=1,n_depth=2,scratchspace=/deeprace/scripts/frameworks/keras-vs-tf.keras,n_col=3,validation_split=0.1,batch_size=32,n_row=3,epochs=10	83377	keras:2.1.5,backend:tensorflow:1.7.0	0.2.0+58.gd4207e4.dirty	titanx:1,singularity,pinned
talisker-10g	care_denoise2d	care_2d	8.77593	768	0	1.	20180511:092616	20180511:092650	9	31.131212	2.792177	0.005507473316981677	0.006919594375112036	0.005646742807773801	0.005365167889598902	depth=2,n_conv_per_depth=2,version=1,filter_base=16,backend=keras,n_dims=2,checkpoint_epochs=False,n_gpus=1,n_depth=2,scratchspace=/deeprace/scripts/frameworks/keras-vs-tf.keras,n_col=3,validation_split=0.1,batch_size=32,n_row=3,epochs=10	83377	keras:2.1.5,backend:tensorflow:1.7.0	0.2.0+58.gd4207e4.dirty	titanx:1,singularity,pinned
talisker-10g	care_denoise2d	care_2d	8.784113	768	0	1.	20180511:092528	20180511:092601	0	6.9e-05	8.708	0.0052181967081267565	0.06135877112921344	0.005676269567535295	0.04154323510728873	n_gpus=1,backend=keras,version=1,n_depth=2,checkpoint_epochs=False,depth=2,validation_split=0.1,n_col=3,epochs=10,batch_size=32,scratchspace=/deeprace/scripts/frameworks/keras-vs-tf.keras,n_row=3,n_conv_per_depth=2,n_dims=2,filter_base=16	83377	keras:2.1.5,backend:tensorflow:1.7.0	0.2.0+58.gd4207e4.dirty	titanx:1,singularity,pinned
talisker-10g	care_denoise2d	care_2d	8.784113	768	0	1.	20180511:092528	20180511:092601	1	8.708199	2.764475	0.005452687422813667	0.037927360841317044	0.005716497266011966	0.035513253181011645	n_gpus=1,backend=keras,version=1,n_depth=2,checkpoint_epochs=False,depth=2,validation_split=0.1,n_col=3,epochs=10,batch_size=32,scratchspace=/deeprace/scripts/frameworks/keras-vs-tf.keras,n_row=3,n_conv_per_depth=2,n_dims=2,filter_base=16	83377	keras:2.1.5,backend:tensorflow:1.7.0	0.2.0+58.gd4207e4.dirty	titanx:1,singularity,pinned
talisker-10g	care_denoise2d	care_2d	8.784113	768	0	1.	20180511:092528	20180511:092601	2	11.472802	2.763722	0.005465605493645722	0.03101543303142408	0.005732548737583996	0.03235782474859968	n_gpus=1,backend=keras,version=1,n_depth=2,checkpoint_epochs=False,depth=2,validation_split=0.1,n_col=3,epochs=10,batch_size=32,scratchspace=/deeprace/scripts/frameworks/keras-vs-tf.keras,n_row=3,n_conv_per_depth=2,n_dims=2,filter_base=16	83377	keras:2.1.5,backend:tensorflow:1.7.0	0.2.0+58.gd4207e4.dirty	titanx:1,singularity,pinned
talisker-10g	care_denoise2d	care_2d	8.784113	768	0	1.	20180511:092528	20180511:092601	3	14.236656	2.767062	0.005476911573141123	0.026721051588180098	0.005740277148638066	0.028796931003014763	n_gpus=1,backend=keras,version=1,n_depth=2,checkpoint_epochs=False,depth=2,validation_split=0.1,n_col=3,epochs=10,batch_size=32,scratchspace=/deeprace/scripts/frameworks/keras-vs-tf.keras,n_row=3,n_conv_per_depth=2,n_dims=2,filter_base=16	83377	keras:2.1.5,backend:tensorflow:1.7.0	0.2.0+58.gd4207e4.dirty	titanx:1,singularity,pinned
talisker-10g	care_denoise2d	care_2d	8.784113	768	0	1.	20180511:092528	20180511:092601	4	17.003847	2.776406	0.005486561492888739	0.022283973964807267	0.005746420327719156	0.020704132758758285	n_gpus=1,backend=keras,version=1,n_depth=2,checkpoint_epochs=False,depth=2,validation_split=0.1,n_col=3,epochs=10,batch_size=32,scratchspace=/deeprace/scripts/frameworks/keras-vs-tf.keras,n_row=3,n_conv_per_depth=2,n_dims=2,filter_base=16	83377	keras:2.1.5,backend:tensorflow:1.7.0	0.2.0+58.gd4207e4.dirty	titanx:1,singularity,pinned
talisker-10g	care_denoise2d	care_2d	8.784113	768	0	1.	20180511:092528	20180511:092601	5	19.780393	2.779616	0.005493252394605002	0.015734553548700125	0.005750383679791317	0.014695268946808653	n_gpus=1,backend=keras,version=1,n_depth=2,checkpoint_epochs=False,depth=2,validation_split=0.1,n_col=3,epochs=10,batch_size=32,scratchspace=/deeprace/scripts/frameworks/keras-vs-tf.keras,n_row=3,n_conv_per_depth=2,n_dims=2,filter_base=16	83377	keras:2.1.5,backend:tensorflow:1.7.0	0.2.0+58.gd4207e4.dirty	titanx:1,singularity,pinned
talisker-10g	care_denoise2d	care_2d	8.784113	768	0	1.	20180511:092528	20180511:092601	6	22.56014	2.780893	0.00549506313637891	0.010545320264380506	0.005753158005075408	0.009906885716096535	n_gpus=1,backend=keras,version=1,n_depth=2,checkpoint_epochs=False,depth=2,validation_split=0.1,n_col=3,epochs=10,batch_size=32,scratchspace=/deeprace/scripts/frameworks/keras-vs-tf.keras,n_row=3,n_conv_per_depth=2,n_dims=2,filter_base=16	83377	keras:2.1.5,backend:tensorflow:1.7.0	0.2.0+58.gd4207e4.dirty	titanx:1,singularity,pinned
talisker-10g	care_denoise2d	care_2d	8.784113	768	0	1.	20180511:092528	20180511:092601	7	25.341166	2.788436	0.005495703518363699	0.0077859378620637135	0.005753158005075408	0.00912212177070898	n_gpus=1,backend=keras,version=1,n_depth=2,checkpoint_epochs=False,depth=2,validation_split=0.1,n_col=3,epochs=10,batch_size=32,scratchspace=/deeprace/scripts/frameworks/keras-vs-tf.keras,n_row=3,n_conv_per_depth=2,n_dims=2,filter_base=16	83377	keras:2.1.5,backend:tensorflow:1.7.0	0.2.0+58.gd4207e4.dirty	titanx:1,singularity,pinned
talisker-10g	care_denoise2d	care_2d	8.784113	768	0	1.	20180511:092528	20180511:092601	8	28.129746	2.786645	0.00549576975413303	0.0074216338722291365	0.005753158005075408	0.008268623606773553	n_gpus=1,backend=keras,version=1,n_depth=2,checkpoint_epochs=False,depth=2,validation_split=0.1,n_col=3,epochs=10,batch_size=32,scratchspace=/deeprace/scripts/frameworks/keras-vs-tf.keras,n_row=3,n_conv_per_depth=2,n_dims=2,filter_base=16	83377	keras:2.1.5,backend:tensorflow:1.7.0	0.2.0+58.gd4207e4.dirty	titanx:1,singularity,pinned
talisker-10g	care_denoise2d	care_2d	8.784113	768	0	1.	20180511:092528	20180511:092601	9	30.916552	2.785532	0.005495791839686385	0.006354296093404983	0.005753158005075408	0.009401868865522859	n_gpus=1,backend=keras,version=1,n_depth=2,checkpoint_epochs=False,depth=2,validation_split=0.1,n_col=3,epochs=10,batch_size=32,scratchspace=/deeprace/scripts/frameworks/keras-vs-tf.keras,n_row=3,n_conv_per_depth=2,n_dims=2,filter_base=16	83377	keras:2.1.5,backend:tensorflow:1.7.0	0.2.0+58.gd4207e4.dirty	titanx:1,singularity,pinned
talisker-10g	care_denoise2d	care_2d	8.747593	768	0	1.	20180511:102449	20180511:102522	0	8.5e-05	8.533308	0.005120571379249244	0.06649374529482142	0.005862545627229787	0.043086917611298625	depth=2,filter_base=16,n_conv_per_depth=2,batch_size=32,validation_split=0.1,epochs=10,checkpoint_epochs=False,n_dims=2,scratchspace=/deeprace/scripts/frameworks/keras-vs-tf.keras,n_depth=2,n_row=3,version=1,backend=keras,n_gpus=1,n_col=3	83377	keras:2.1.5,backend:tensorflow:1.7.0	0.2.0+58.gd4207e4.dirty	titanx:1,singularity,pinned
talisker-10g	care_denoise2d	care_2d	8.747593	768	0	1.	20180511:102449	20180511:102522	1	8.53351	2.76191	0.005424157243259736	0.038007120185365895	0.005937254237760971	0.036401771952386024	depth=2,filter_base=16,n_conv_per_depth=2,batch_size=32,validation_split=0.1,epochs=10,checkpoint_epochs=False,n_dims=2,scratchspace=/deeprace/scripts/frameworks/keras-vs-tf.keras,n_depth=2,n_row=3,version=1,backend=keras,n_gpus=1,n_col=3	83377	keras:2.1.5,backend:tensorflow:1.7.0	0.2.0+58.gd4207e4.dirty	titanx:1,singularity,pinned
talisker-10g	care_denoise2d	care_2d	8.747593	768	0	1.	20180511:102449	20180511:102522	2	11.295564	2.770291	0.00544939717876303	0.03003016889213912	0.005956080064854838	0.028880017458811982	depth=2,filter_base=16,n_conv_per_depth=2,batch_size=32,validation_split=0.1,epochs=10,checkpoint_epochs=False,n_dims=2,scratchspace=/deeprace/scripts/frameworks/keras-vs-tf.keras,n_depth=2,n_row=3,version=1,backend=keras,n_gpus=1,n_col=3	83377	keras:2.1.5,backend:tensorflow:1.7.0	0.2.0+58.gd4207e4.dirty	titanx:1,singularity,pinned
talisker-10g	care_denoise2d	care_2d	8.747593	768	0	1.	20180511:102449	20180511:102522	3	14.065977	2.764703	0.00546121114579214	0.02249856123110406	0.005966781021712662	0.021795046503667707	depth=2,filter_base=16,n_conv_per_depth=2,batch_size=32,validation_split=0.1,epochs=10,checkpoint_epochs=False,n_dims=2,scratchspace=/deeprace/scripts/frameworks/keras-vs-tf.keras,n_depth=2,n_row=3,version=1,backend=keras,n_gpus=1,n_col=3	83377	keras:2.1.5,backend:tensorflow:1.7.0	0.2.0+58.gd4207e4.dirty	titanx:1,singularity,pinned
talisker-10g	care_denoise2d	care_2d	8.747593	768	0	1.	20180511:102449	20180511:102522	4	16.830804	2.772304	0.005468343683773202	0.01599753133456631	0.005974707677476592	0.015568494929799013	depth=2,filter_base=16,n_conv_per_depth=2,batch_size=32,validation_split=0.1,epochs=10,checkpoint_epochs=False,n_dims=2,scratchspace=/deeprace/scripts/frameworks/keras-vs-tf.keras,n_depth=2,n_row=3,version=1,backend=keras,n_gpus=1,n_col=3	83377	keras:2.1.5,backend:tensorflow:1.7.0	0.2.0+58.gd4207e4.dirty	titanx:1,singularity,pinned
talisker-10g	care_denoise2d	care_2d	8.747593	768	0	1.	20180511:102449	20180511:102522	5	19.603236	2.781527	0.005469845278342234	0.011041526229143703	0.005974707677476592	0.013886486192221766	depth=2,filter_base=16,n_conv_per_depth=2,batch_size=32,validation_split=0.1,epochs=10,checkpoint_epochs=False,n_dims=2,scratchspace=/deeprace/scripts/frameworks/keras-vs-tf.keras,n_depth=2,n_row=3,version=1,backend=keras,n_gpus=1,n_col=3	83377	keras:2.1.5,backend:tensorflow:1.7.0	0.2.0+58.gd4207e4.dirty	titanx:1,singularity,pinned
talisker-10g	care_denoise2d	care_2d	8.747593	768	0	1.	20180511:102449	20180511:102522	6	22.384886	2.781274	0.005470573989736448	0.008542045209605338	0.005975500341843475	0.011566697898042667	depth=2,filter_base=16,n_conv_per_depth=2,batch_size=32,validation_split=0.1,epochs=10,checkpoint_epochs=False,n_dims=2,scratchspace=/deeprace/scripts/frameworks/keras-vs-tf.keras,n_depth=2,n_row=3,version=1,backend=keras,n_gpus=1,n_col=3	83377	keras:2.1.5,backend:tensorflow:1.7.0	0.2.0+58.gd4207e4.dirty	titanx:1,singularity,pinned
talisker-10g	care_denoise2d	care_2d	8.747593	768	0	1.	20180511:102449	20180511:102522	7	25.166293	2.776874	0.005470883143006375	0.007686207758993255	0.005975302175751754	0.009905549165393625	depth=2,filter_base=16,n_conv_per_depth=2,batch_size=32,validation_split=0.1,epochs=10,checkpoint_epochs=False,n_dims=2,scratchspace=/deeprace/scripts/frameworks/keras-vs-tf.keras,n_depth=2,n_row=3,version=1,backend=keras,n_gpus=1,n_col=3	83377	keras:2.1.5,backend:tensorflow:1.7.0	0.2.0+58.gd4207e4.dirty	titanx:1,singularity,pinned
talisker-10g	care_denoise2d	care_2d	8.747593	768	0	1.	20180511:102449	20180511:102522	8	27.943291	2.76893	0.0054709493882102314	0.006686453561281028	0.005975500341843475	0.009568471739721763	depth=2,filter_base=16,n_conv_per_depth=2,batch_size=32,validation_split=0.1,epochs=10,checkpoint_epochs=False,n_dims=2,scratchspace=/deeprace/scripts/frameworks/keras-vs-tf.keras,n_depth=2,n_row=3,version=1,backend=keras,n_gpus=1,n_col=3	83377	keras:2.1.5,backend:tensorflow:1.7.0	0.2.0+58.gd4207e4.dirty	titanx:1,singularity,pinned
talisker-10g	care_denoise2d	care_2d	8.747593	768	0	1.	20180511:102449	20180511:102522	9	30.712355	2.781513	0.0054709493909058104	0.0065587630021007115	0.005975302175751754	0.009672447047256803	depth=2,filter_base=16,n_conv_per_depth=2,batch_size=32,validation_split=0.1,epochs=10,checkpoint_epochs=False,n_dims=2,scratchspace=/deeprace/scripts/frameworks/keras-vs-tf.keras,n_depth=2,n_row=3,version=1,backend=keras,n_gpus=1,n_col=3	83377	keras:2.1.5,backend:tensorflow:1.7.0	0.2.0+58.gd4207e4.dirty	titanx:1,singularity,pinned
talisker-10g	care_denoise2d	care_2d	8.775235	768	0	1.	20180512:030815	20180512:030848	0	8.7e-05	8.220236	0.005265982556069208	0.05703254597188767	0.00565229140391404	0.03567747108928569	backend=keras,filter_base=16,n_row=3,scratchspace=/deeprace/scripts/frameworks/keras-vs-tf.keras,validation_split=0.1,n_dims=2,epochs=10,n_conv_per_depth=2,n_gpus=1,n_col=3,n_depth=2,checkpoint_epochs=False,version=1,batch_size=32,depth=2	83377	keras:2.1.5,backend:tensorflow:1.7.0	0.2.0+58.gd4207e4.dirty	titanx:1,singularity,pinned
talisker-10g	care_denoise2d	care_2d	8.775235	768	0	1.	20180512:030815	20180512:030848	1	8.220461	2.751707	0.005479141869669842	0.032688084461452646	0.005663190563148879	0.026037273517289718	backend=keras,filter_base=16,n_row=3,scratchspace=/deeprace/scripts/frameworks/keras-vs-tf.keras,validation_split=0.1,n_dims=2,epochs=10,n_conv_per_depth=2,n_gpus=1,n_col=3,n_depth=2,checkpoint_epochs=False,version=1,batch_size=32,depth=2	83377	keras:2.1.5,backend:tensorflow:1.7.0	0.2.0+58.gd4207e4.dirty	titanx:1,singularity,pinned
talisker-10g	care_denoise2d	care_2d	8.775235	768	0	1.	20180512:030815	20180512:030848	2	10.972297	2.758867	0.005495085210476054	0.02221430503586698	0.005673891513959154	0.01616847782407875	backend=keras,filter_base=16,n_row=3,scratchspace=/deeprace/scripts/frameworks/keras-vs-tf.keras,validation_split=0.1,n_dims=2,epochs=10,n_conv_per_depth=2,n_gpus=1,n_col=3,n_depth=2,checkpoint_epochs=False,version=1,batch_size=32,depth=2	83377	keras:2.1.5,backend:tensorflow:1.7.0	0.2.0+58.gd4207e4.dirty	titanx:1,singularity,pinned
talisker-10g	care_denoise2d	care_2d	8.775235	768	0	1.	20180512:030815	20180512:030848	3	13.7313	2.763456	0.005501599460786314	0.014529148198922964	0.005676269507059803	0.00990199058183602	backend=keras,filter_base=16,n_row=3,scratchspace=/deeprace/scripts/frameworks/keras-vs-tf.keras,validation_split=0.1,n_dims=2,epochs=10,n_conv_per_depth=2,n_gpus=1,n_col=3,n_depth=2,checkpoint_epochs=False,version=1,batch_size=32,depth=2	83377	keras:2.1.5,backend:tensorflow:1.7.0	0.2.0+58.gd4207e4.dirty	titanx:1,singularity,pinned
talisker-10g	care_denoise2d	care_2d	8.775235	768	0	1.	20180512:030815	20180512:030848	4	16.494896	2.758933	0.005503388109594023	0.010525208819716867	0.005677260337518407	0.009102292564491948	backend=keras,filter_base=16,n_row=3,scratchspace=/deeprace/scripts/frameworks/keras-vs-tf.keras,validation_split=0.1,n_dims=2,epochs=10,n_conv_per_depth=2,n_gpus=1,n_col=3,n_depth=2,checkpoint_epochs=False,version=1,batch_size=32,depth=2	83377	keras:2.1.5,backend:tensorflow:1.7.0	0.2.0+58.gd4207e4.dirty	titanx:1,singularity,pinned
talisker-10g	care_denoise2d	care_2d	8.775235	768	0	1.	20180512:030815	20180512:030848	5	19.253953	2.770681	0.005503719349091201	0.009353811038569068	0.005677260337518407	0.007092887317979491	backend=keras,filter_base=16,n_row=3,scratchspace=/deeprace/scripts/frameworks/keras-vs-tf.keras,validation_split=0.1,n_dims=2,epochs=10,n_conv_per_depth=2,n_gpus=1,n_col=3,n_depth=2,checkpoint_epochs=False,version=1,batch_size=32,depth=2	83377	keras:2.1.5,backend:tensorflow:1.7.0	0.2.0+58.gd4207e4.dirty	titanx:1,singularity,pinned
talisker-10g	care_denoise2d	care_2d	8.775235	768	0	1.	20180512:030815	20180512:030848	6	22.024759	2.77253	0.005503918080659403	0.008074955631980157	0.005677656669701848	0.007754710750872052	backend=keras,filter_base=16,n_row=3,scratchspace=/deeprace/scripts/frameworks/keras-vs-tf.keras,validation_split=0.1,n_dims=2,epochs=10,n_conv_per_depth=2,n_gpus=1,n_col=3,n_depth=2,checkpoint_epochs=False,version=1,batch_size=32,depth=2	83377	keras:2.1.5,backend:tensorflow:1.7.0	0.2.0+58.gd4207e4.dirty	titanx:1,singularity,pinned
talisker-10g	care_denoise2d	care_2d	8.775235	768	0	1.	20180512:030815	20180512:030848	7	24.797439	2.777381	0.005503962256483378	0.007975053578593624	0.005677656669701848	0.007410232521980614	backend=keras,filter_base=16,n_row=3,scratchspace=/deeprace/scripts/frameworks/keras-vs-tf.keras,validation_split=0.1,n_dims=2,epochs=10,n_conv_per_depth=2,n_gpus=1,n_col=3,n_depth=2,checkpoint_epochs=False,version=1,batch_size=32,depth=2	83377	keras:2.1.5,backend:tensorflow:1.7.0	0.2.0+58.gd4207e4.dirty	titanx:1,singularity,pinned
talisker-10g	care_denoise2d	care_2d	8.775235	768	0	1.	20180512:030815	20180512:030848	8	27.574963	2.777187	0.005503918079985508	0.008224559880458842	0.005677656669701848	0.006871145043231837	backend=keras,filter_base=16,n_row=3,scratchspace=/deeprace/scripts/frameworks/keras-vs-tf.keras,validation_split=0.1,n_dims=2,epochs=10,n_conv_per_depth=2,n_gpus=1,n_col=3,n_depth=2,checkpoint_epochs=False,version=1,batch_size=32,depth=2	83377	keras:2.1.5,backend:tensorflow:1.7.0	0.2.0+58.gd4207e4.dirty	titanx:1,singularity,pinned
talisker-10g	care_denoise2d	care_2d	8.775235	768	0	1.	20180512:030815	20180512:030848	9	30.352284	2.777378	0.00550411682435771	0.00710948517710488	0.005677656669701848	0.009231287423618041	backend=keras,filter_base=16,n_row=3,scratchspace=/deeprace/scripts/frameworks/keras-vs-tf.keras,validation_split=0.1,n_dims=2,epochs=10,n_conv_per_depth=2,n_gpus=1,n_col=3,n_depth=2,checkpoint_epochs=False,version=1,batch_size=32,depth=2	83377	keras:2.1.5,backend:tensorflow:1.7.0	0.2.0+58.gd4207e4.dirty	titanx:1,singularity,pinned
talisker-10g	care_denoise2d	care_2d	8.586393	768	0	1.	20180511:112442	20180511:112515	0	7e-05	7.896819	0.005375421860062567	0.04709136828392011	0.005714713759091381	0.039038074771305185	validation_split=0.1,backend=keras,n_conv_per_depth=2,epochs=10,n_row=3,filter_base=16,n_depth=2,depth=2,version=1,n_col=3,checkpoint_epochs=False,scratchspace=/deeprace/scripts/frameworks/keras-vs-tf.keras,n_dims=2,batch_size=32,n_gpus=1	83377	keras:2.1.5,backend:tensorflow:1.7.0	0.2.0+58.gd4207e4.dirty	titanx:1,singularity,pinned
talisker-10g	care_denoise2d	care_2d	8.586393	768	0	1.	20180511:112442	20180511:112515	1	7.897026	2.752837	0.005474946266188462	0.028230757232857853	0.005758904779402467	0.027050945593358633	validation_split=0.1,backend=keras,n_conv_per_depth=2,epochs=10,n_row=3,filter_base=16,n_depth=2,depth=2,version=1,n_col=3,checkpoint_epochs=False,scratchspace=/deeprace/scripts/frameworks/keras-vs-tf.keras,n_dims=2,batch_size=32,n_gpus=1	83377	keras:2.1.5,backend:tensorflow:1.7.0	0.2.0+58.gd4207e4.dirty	titanx:1,singularity,pinned
talisker-10g	care_denoise2d	care_2d	8.586393	768	0	1.	20180511:112442	20180511:112515	2	10.649997	2.759708	0.005487886425943347	0.019419170943036267	0.00576465159001482	0.019423949254023565	validation_split=0.1,backend=keras,n_conv_per_depth=2,epochs=10,n_row=3,filter_base=16,n_depth=2,depth=2,version=1,n_col=3,checkpoint_epochs=False,scratchspace=/deeprace/scripts/frameworks/keras-vs-tf.keras,n_dims=2,batch_size=32,n_gpus=1	83377	keras:2.1.5,backend:tensorflow:1.7.0	0.2.0+58.gd4207e4.dirty	titanx:1,singularity,pinned
talisker-10g	care_denoise2d	care_2d	8.586393	768	0	1.	20180511:112442	20180511:112515	3	13.409831	2.760126	0.005492479515473551	0.01335330978008971	0.005766633281169773	0.014853036043222075	validation_split=0.1,backend=keras,n_conv_per_depth=2,epochs=10,n_row=3,filter_base=16,n_depth=2,depth=2,version=1,n_col=3,checkpoint_epochs=False,scratchspace=/deeprace/scripts/frameworks/keras-vs-tf.keras,n_dims=2,batch_size=32,n_gpus=1	83377	keras:2.1.5,backend:tensorflow:1.7.0	0.2.0+58.gd4207e4.dirty	titanx:1,singularity,pinned
talisker-10g	care_denoise2d	care_2d	8.586393	768	0	1.	20180511:112442	20180511:112515	4	16.170091	2.768085	0.005493451128868783	0.009707120704085885	0.005767425927394009	0.012883303795832319	validation_split=0.1,backend=keras,n_conv_per_depth=2,epochs=10,n_row=3,filter_base=16,n_depth=2,depth=2,version=1,n_col=3,checkpoint_epochs=False,scratchspace=/deeprace/scripts/frameworks/keras-vs-tf.keras,n_dims=2,batch_size=32,n_gpus=1	83377	keras:2.1.5,backend:tensorflow:1.7.0	0.2.0+58.gd4207e4.dirty	titanx:1,singularity,pinned
talisker-10g	care_denoise2d	care_2d	8.586393	768	0	1.	20180511:112442	20180511:112515	5	18.938301	2.767684	0.005493716115075367	0.00826882399340981	0.005768020455906918	0.011205167896658569	validation_split=0.1,backend=keras,n_conv_per_depth=2,epochs=10,n_row=3,filter_base=16,n_depth=2,depth=2,version=1,n_col=3,checkpoint_epochs=False,scratchspace=/deeprace/scripts/frameworks/keras-vs-tf.keras,n_dims=2,batch_size=32,n_gpus=1	83377	keras:2.1.5,backend:tensorflow:1.7.0	0.2.0+58.gd4207e4.dirty	titanx:1,singularity,pinned
talisker-10g	care_denoise2d	care_2d	8.586393	768	0	1.	20180511:112442	20180511:112515	6	21.706129	2.770932	0.005493848609526449	0.006880078900082498	0.005768020455906918	0.010607021213690568	validation_split=0.1,backend=keras,n_conv_per_depth=2,epochs=10,n_row=3,filter_base=16,n_depth=2,depth=2,version=1,n_col=3,checkpoint_epochs=False,scratchspace=/deeprace/scripts/frameworks/keras-vs-tf.keras,n_dims=2,batch_size=32,n_gpus=1	83377	keras:2.1.5,backend:tensorflow:1.7.0	0.2.0+58.gd4207e4.dirty	titanx:1,singularity,pinned
talisker-10g	care_denoise2d	care_2d	8.586393	768	0	1.	20180511:112442	20180511:112515	7	24.477206	2.771875	0.005493981103303636	0.006836829426686257	0.005768020455906918	0.01015902907502922	validation_split=0.1,backend=keras,n_conv_per_depth=2,epochs=10,n_row=3,filter_base=16,n_depth=2,depth=2,version=1,n_col=3,checkpoint_epochs=False,scratchspace=/deeprace/scripts/frameworks/keras-vs-tf.keras,n_dims=2,batch_size=32,n_gpus=1	83377	keras:2.1.5,backend:tensorflow:1.7.0	0.2.0+58.gd4207e4.dirty	titanx:1,singularity,pinned
talisker-10g	care_denoise2d	care_2d	8.586393	768	0	1.	20180511:112442	20180511:112515	8	27.249212	2.773334	0.005493936936914187	0.0063364305028047645	0.005768020455906918	0.0095379590843018	validation_split=0.1,backend=keras,n_conv_per_depth=2,epochs=10,n_row=3,filter_base=16,n_depth=2,depth=2,version=1,n_col=3,checkpoint_epochs=False,scratchspace=/deeprace/scripts/frameworks/keras-vs-tf.keras,n_dims=2,batch_size=32,n_gpus=1	83377	keras:2.1.5,backend:tensorflow:1.7.0	0.2.0+58.gd4207e4.dirty	titanx:1,singularity,pinned
talisker-10g	care_denoise2d	care_2d	8.586393	768	0	1.	20180511:112442	20180511:112515	9	30.022675	2.785765	0.0054940031868353075	0.006111697886845396	0.005767822289815197	0.011076133867556398	validation_split=0.1,backend=keras,n_conv_per_depth=2,epochs=10,n_row=3,filter_base=16,n_depth=2,depth=2,version=1,n_col=3,checkpoint_epochs=False,scratchspace=/deeprace/scripts/frameworks/keras-vs-tf.keras,n_dims=2,batch_size=32,n_gpus=1	83377	keras:2.1.5,backend:tensorflow:1.7.0	0.2.0+58.gd4207e4.dirty	titanx:1,singularity,pinned
