host	model	dataset	load_dur_sec	ntrain	ntest	datafraction	train_start	train_end	epoch	rel_epoch_start_sec	epoch_dur_sec	acc	loss	lr	top_k_categorical_accuracy	val_acc	val_loss	val_top_k_categorical_accuracy	opts	n_model_params	versions	deeprace_version	comment
talisker-10g	resnet56v1	cifar10	0.205768	50000	10000	1.	20180510:175244	20180510:182806	0	2.959458	221.167514	0.48494	1.7691897885894776	0.001	0.91212	0.5985	1.438635406112671	0.9556	backend=tf.keras,epochs=10,subtract_pixel_mean=True,version=1,n_gpus=2,n=9,checkpoint_epochs=False,data_augmentation=True,batch_size=32,num_classes=10,scratchspace=/deeprace/scripts/frameworks/keras-vs-tf.keras	861770	tensorflow:1.7.0,tf.keras:2.1.4-tf	0.2.0+58.gd4207e4.dirty	titanx:2,singularity
talisker-10g	resnet56v1	cifar10	0.205768	50000	10000	1.	20180510:175244	20180510:182806	1	224.129838	211.525374	0.64934	1.2948712409973144	0.001	0.9655	0.6659	1.242033856201172	0.9743	backend=tf.keras,epochs=10,subtract_pixel_mean=True,version=1,n_gpus=2,n=9,checkpoint_epochs=False,data_augmentation=True,batch_size=32,num_classes=10,scratchspace=/deeprace/scripts/frameworks/keras-vs-tf.keras	861770	tensorflow:1.7.0,tf.keras:2.1.4-tf	0.2.0+58.gd4207e4.dirty	titanx:2,singularity
talisker-10g	resnet56v1	cifar10	0.205768	50000	10000	1.	20180510:175244	20180510:182806	2	435.656973	212.590974	0.70844	1.1120880044174195	0.001	0.9754	0.7045	1.136222014427185	0.9758	backend=tf.keras,epochs=10,subtract_pixel_mean=True,version=1,n_gpus=2,n=9,checkpoint_epochs=False,data_augmentation=True,batch_size=32,num_classes=10,scratchspace=/deeprace/scripts/frameworks/keras-vs-tf.keras	861770	tensorflow:1.7.0,tf.keras:2.1.4-tf	0.2.0+58.gd4207e4.dirty	titanx:2,singularity
talisker-10g	resnet56v1	cifar10	0.205768	50000	10000	1.	20180510:175244	20180510:182806	3	648.250511	211.369261	0.74262	1.0102259449005127	0.001	0.98048	0.6306	1.4477359842300415	0.9477	backend=tf.keras,epochs=10,subtract_pixel_mean=True,version=1,n_gpus=2,n=9,checkpoint_epochs=False,data_augmentation=True,batch_size=32,num_classes=10,scratchspace=/deeprace/scripts/frameworks/keras-vs-tf.keras	861770	tensorflow:1.7.0,tf.keras:2.1.4-tf	0.2.0+58.gd4207e4.dirty	titanx:2,singularity
talisker-10g	resnet56v1	cifar10	0.205768	50000	10000	1.	20180510:175244	20180510:182806	4	859.621544	209.862731	0.7649	0.938814375782013	0.001	0.98386	0.7298	1.0504085824966432	0.9811	backend=tf.keras,epochs=10,subtract_pixel_mean=True,version=1,n_gpus=2,n=9,checkpoint_epochs=False,data_augmentation=True,batch_size=32,num_classes=10,scratchspace=/deeprace/scripts/frameworks/keras-vs-tf.keras	861770	tensorflow:1.7.0,tf.keras:2.1.4-tf	0.2.0+58.gd4207e4.dirty	titanx:2,singularity
talisker-10g	resnet56v1	cifar10	0.205768	50000	10000	1.	20180510:175244	20180510:182806	5	1069.485774	210.396269	0.78326	0.8898168102073669	0.001	0.98616	0.741	1.0306459112167359	0.9725	backend=tf.keras,epochs=10,subtract_pixel_mean=True,version=1,n_gpus=2,n=9,checkpoint_epochs=False,data_augmentation=True,batch_size=32,num_classes=10,scratchspace=/deeprace/scripts/frameworks/keras-vs-tf.keras	861770	tensorflow:1.7.0,tf.keras:2.1.4-tf	0.2.0+58.gd4207e4.dirty	titanx:2,singularity
talisker-10g	resnet56v1	cifar10	0.205768	50000	10000	1.	20180510:175244	20180510:182806	6	1279.883929	210.488932	0.7946	0.8486600683021546	0.001	0.9873	0.7352	1.0641230527877807	0.9813	backend=tf.keras,epochs=10,subtract_pixel_mean=True,version=1,n_gpus=2,n=9,checkpoint_epochs=False,data_augmentation=True,batch_size=32,num_classes=10,scratchspace=/deeprace/scripts/frameworks/keras-vs-tf.keras	861770	tensorflow:1.7.0,tf.keras:2.1.4-tf	0.2.0+58.gd4207e4.dirty	titanx:2,singularity
talisker-10g	resnet56v1	cifar10	0.205768	50000	10000	1.	20180510:175244	20180510:182806	7	1490.37467	210.475884	0.80758	0.8172204717636108	0.001	0.98888	0.7261	1.0849784038543702	0.9724	backend=tf.keras,epochs=10,subtract_pixel_mean=True,version=1,n_gpus=2,n=9,checkpoint_epochs=False,data_augmentation=True,batch_size=32,num_classes=10,scratchspace=/deeprace/scripts/frameworks/keras-vs-tf.keras	861770	tensorflow:1.7.0,tf.keras:2.1.4-tf	0.2.0+58.gd4207e4.dirty	titanx:2,singularity
talisker-10g	resnet56v1	cifar10	0.205768	50000	10000	1.	20180510:175244	20180510:182806	8	1700.852453	210.669022	0.81092	0.7917811207008362	0.001	0.99022	0.825	0.7685077214241027	0.992	backend=tf.keras,epochs=10,subtract_pixel_mean=True,version=1,n_gpus=2,n=9,checkpoint_epochs=False,data_augmentation=True,batch_size=32,num_classes=10,scratchspace=/deeprace/scripts/frameworks/keras-vs-tf.keras	861770	tensorflow:1.7.0,tf.keras:2.1.4-tf	0.2.0+58.gd4207e4.dirty	titanx:2,singularity
talisker-10g	resnet56v1	cifar10	0.205768	50000	10000	1.	20180510:175244	20180510:182806	9	1911.52334	210.656372	0.82364	0.7669150020599366	0.001	0.99034	0.789	0.871304358291626	0.984	backend=tf.keras,epochs=10,subtract_pixel_mean=True,version=1,n_gpus=2,n=9,checkpoint_epochs=False,data_augmentation=True,batch_size=32,num_classes=10,scratchspace=/deeprace/scripts/frameworks/keras-vs-tf.keras	861770	tensorflow:1.7.0,tf.keras:2.1.4-tf	0.2.0+58.gd4207e4.dirty	titanx:2,singularity
talisker-10g	resnet56v1	cifar10	0.212554	50000	10000	1.	20180511:052207	20180511:055749	0	3.053891	232.980046	0.4566	1.822715415458679	0.001	0.9028	0.5676	1.457397113609314	0.959	subtract_pixel_mean=True,n=9,batch_size=32,data_augmentation=True,epochs=10,backend=tf.keras,num_classes=10,checkpoint_epochs=False,version=1,scratchspace=/deeprace/scripts/frameworks/keras-vs-tf.keras,n_gpus=2	861770	tensorflow:1.7.0,tf.keras:2.1.4-tf	0.2.0+58.gd4207e4.dirty	titanx:2,singularity
talisker-10g	resnet56v1	cifar10	0.212554	50000	10000	1.	20180511:052207	20180511:055749	1	236.035903	212.301354	0.63632	1.2927733392333984	0.001	0.96128	0.6148	1.3978811233520507	0.9655	subtract_pixel_mean=True,n=9,batch_size=32,data_augmentation=True,epochs=10,backend=tf.keras,num_classes=10,checkpoint_epochs=False,version=1,scratchspace=/deeprace/scripts/frameworks/keras-vs-tf.keras,n_gpus=2	861770	tensorflow:1.7.0,tf.keras:2.1.4-tf	0.2.0+58.gd4207e4.dirty	titanx:2,singularity
talisker-10g	resnet56v1	cifar10	0.212554	50000	10000	1.	20180511:052207	20180511:055749	2	448.339091	215.627899	0.69716	1.108617908744812	0.001	0.9737	0.6696	1.2304059792518616	0.9655	subtract_pixel_mean=True,n=9,batch_size=32,data_augmentation=True,epochs=10,backend=tf.keras,num_classes=10,checkpoint_epochs=False,version=1,scratchspace=/deeprace/scripts/frameworks/keras-vs-tf.keras,n_gpus=2	861770	tensorflow:1.7.0,tf.keras:2.1.4-tf	0.2.0+58.gd4207e4.dirty	titanx:2,singularity
talisker-10g	resnet56v1	cifar10	0.212554	50000	10000	1.	20180511:052207	20180511:055749	3	663.968839	209.78371	0.73516	1.0002243792533874	0.001	0.97884	0.7505	0.9573438154220582	0.9812	subtract_pixel_mean=True,n=9,batch_size=32,data_augmentation=True,epochs=10,backend=tf.keras,num_classes=10,checkpoint_epochs=False,version=1,scratchspace=/deeprace/scripts/frameworks/keras-vs-tf.keras,n_gpus=2	861770	tensorflow:1.7.0,tf.keras:2.1.4-tf	0.2.0+58.gd4207e4.dirty	titanx:2,singularity
talisker-10g	resnet56v1	cifar10	0.212554	50000	10000	1.	20180511:052207	20180511:055749	4	873.754669	211.819621	0.7641	0.9195521681404114	0.001	0.98336	0.7543	0.9671136067390442	0.9818	subtract_pixel_mean=True,n=9,batch_size=32,data_augmentation=True,epochs=10,backend=tf.keras,num_classes=10,checkpoint_epochs=False,version=1,scratchspace=/deeprace/scripts/frameworks/keras-vs-tf.keras,n_gpus=2	861770	tensorflow:1.7.0,tf.keras:2.1.4-tf	0.2.0+58.gd4207e4.dirty	titanx:2,singularity
talisker-10g	resnet56v1	cifar10	0.212554	50000	10000	1.	20180511:052207	20180511:055749	5	1085.575814	212.615727	0.77752	0.8746259815788269	0.001	0.98566	0.7705	0.926154098701477	0.9823	subtract_pixel_mean=True,n=9,batch_size=32,data_augmentation=True,epochs=10,backend=tf.keras,num_classes=10,checkpoint_epochs=False,version=1,scratchspace=/deeprace/scripts/frameworks/keras-vs-tf.keras,n_gpus=2	861770	tensorflow:1.7.0,tf.keras:2.1.4-tf	0.2.0+58.gd4207e4.dirty	titanx:2,singularity
talisker-10g	resnet56v1	cifar10	0.212554	50000	10000	1.	20180511:052207	20180511:055749	6	1298.193132	211.911086	0.79194	0.8327940076446533	0.001	0.98742	0.7766	0.8833818138122559	0.9832	subtract_pixel_mean=True,n=9,batch_size=32,data_augmentation=True,epochs=10,backend=tf.keras,num_classes=10,checkpoint_epochs=False,version=1,scratchspace=/deeprace/scripts/frameworks/keras-vs-tf.keras,n_gpus=2	861770	tensorflow:1.7.0,tf.keras:2.1.4-tf	0.2.0+58.gd4207e4.dirty	titanx:2,singularity
talisker-10g	resnet56v1	cifar10	0.212554	50000	10000	1.	20180511:052207	20180511:055749	7	1510.105595	209.609472	0.80282	0.7996065543842316	0.001	0.98868	0.8057	0.7910322801589966	0.9902	subtract_pixel_mean=True,n=9,batch_size=32,data_augmentation=True,epochs=10,backend=tf.keras,num_classes=10,checkpoint_epochs=False,version=1,scratchspace=/deeprace/scripts/frameworks/keras-vs-tf.keras,n_gpus=2	861770	tensorflow:1.7.0,tf.keras:2.1.4-tf	0.2.0+58.gd4207e4.dirty	titanx:2,singularity
talisker-10g	resnet56v1	cifar10	0.212554	50000	10000	1.	20180511:052207	20180511:055749	8	1719.717415	210.521078	0.81414	0.7740401459693909	0.001	0.98998	0.7805	0.89930511302948	0.9847	subtract_pixel_mean=True,n=9,batch_size=32,data_augmentation=True,epochs=10,backend=tf.keras,num_classes=10,checkpoint_epochs=False,version=1,scratchspace=/deeprace/scripts/frameworks/keras-vs-tf.keras,n_gpus=2	861770	tensorflow:1.7.0,tf.keras:2.1.4-tf	0.2.0+58.gd4207e4.dirty	titanx:2,singularity
talisker-10g	resnet56v1	cifar10	0.212554	50000	10000	1.	20180511:052207	20180511:055749	9	1930.24033	211.650072	0.82084	0.7512805410194398	0.001	0.99048	0.8002	0.8082961857795715	0.9902	subtract_pixel_mean=True,n=9,batch_size=32,data_augmentation=True,epochs=10,backend=tf.keras,num_classes=10,checkpoint_epochs=False,version=1,scratchspace=/deeprace/scripts/frameworks/keras-vs-tf.keras,n_gpus=2	861770	tensorflow:1.7.0,tf.keras:2.1.4-tf	0.2.0+58.gd4207e4.dirty	titanx:2,singularity
talisker-10g	resnet56v1	cifar10	0.211752	50000	10000	1.	20180511:060735	20180511:064640	0	2.872294	268.339261	0.46748	1.7988715670013429	0.001	0.90928	0.5789	1.5196436422348023	0.9466	batch_size=32,data_augmentation=True,version=1,backend=tf.keras,checkpoint_epochs=False,n=9,epochs=10,scratchspace=/deeprace/scripts/frameworks/keras-vs-tf.keras,n_gpus=2,subtract_pixel_mean=True,num_classes=10	861770	tensorflow:1.7.0,tf.keras:2.1.4-tf	0.2.0+58.gd4207e4.dirty	titanx:2,singularity
talisker-10g	resnet56v1	cifar10	0.211752	50000	10000	1.	20180511:060735	20180511:064640	1	271.213697	235.530772	0.64198	1.3107012376022338	0.001	0.9627	0.5385	1.8235140827178955	0.9297	batch_size=32,data_augmentation=True,version=1,backend=tf.keras,checkpoint_epochs=False,n=9,epochs=10,scratchspace=/deeprace/scripts/frameworks/keras-vs-tf.keras,n_gpus=2,subtract_pixel_mean=True,num_classes=10	861770	tensorflow:1.7.0,tf.keras:2.1.4-tf	0.2.0+58.gd4207e4.dirty	titanx:2,singularity
talisker-10g	resnet56v1	cifar10	0.211752	50000	10000	1.	20180511:060735	20180511:064640	2	506.746135	230.642908	0.7024	1.1239338548469544	0.001	0.97578	0.7102	1.1220018510818481	0.9749	batch_size=32,data_augmentation=True,version=1,backend=tf.keras,checkpoint_epochs=False,n=9,epochs=10,scratchspace=/deeprace/scripts/frameworks/keras-vs-tf.keras,n_gpus=2,subtract_pixel_mean=True,num_classes=10	861770	tensorflow:1.7.0,tf.keras:2.1.4-tf	0.2.0+58.gd4207e4.dirty	titanx:2,singularity
talisker-10g	resnet56v1	cifar10	0.211752	50000	10000	1.	20180511:060735	20180511:064640	3	737.390682	229.063099	0.74062	1.0079262520980834	0.001	0.98076	0.7149	1.0833236448287964	0.985	batch_size=32,data_augmentation=True,version=1,backend=tf.keras,checkpoint_epochs=False,n=9,epochs=10,scratchspace=/deeprace/scripts/frameworks/keras-vs-tf.keras,n_gpus=2,subtract_pixel_mean=True,num_classes=10	861770	tensorflow:1.7.0,tf.keras:2.1.4-tf	0.2.0+58.gd4207e4.dirty	titanx:2,singularity
talisker-10g	resnet56v1	cifar10	0.211752	50000	10000	1.	20180511:060735	20180511:064640	4	966.455336	228.28027	0.76432	0.93734258852005	0.001	0.98422	0.7052	1.139514013671875	0.9727	batch_size=32,data_augmentation=True,version=1,backend=tf.keras,checkpoint_epochs=False,n=9,epochs=10,scratchspace=/deeprace/scripts/frameworks/keras-vs-tf.keras,n_gpus=2,subtract_pixel_mean=True,num_classes=10	861770	tensorflow:1.7.0,tf.keras:2.1.4-tf	0.2.0+58.gd4207e4.dirty	titanx:2,singularity
talisker-10g	resnet56v1	cifar10	0.211752	50000	10000	1.	20180511:060735	20180511:064640	5	1194.736857	230.091011	0.78198	0.8917525344657898	0.001	0.98512	0.688	1.2177992969512939	0.9722	batch_size=32,data_augmentation=True,version=1,backend=tf.keras,checkpoint_epochs=False,n=9,epochs=10,scratchspace=/deeprace/scripts/frameworks/keras-vs-tf.keras,n_gpus=2,subtract_pixel_mean=True,num_classes=10	861770	tensorflow:1.7.0,tf.keras:2.1.4-tf	0.2.0+58.gd4207e4.dirty	titanx:2,singularity
talisker-10g	resnet56v1	cifar10	0.211752	50000	10000	1.	20180511:060735	20180511:064640	6	1424.829532	227.641882	0.79478	0.8499086254501342	0.001	0.9876	0.691	1.1816108892440795	0.9704	batch_size=32,data_augmentation=True,version=1,backend=tf.keras,checkpoint_epochs=False,n=9,epochs=10,scratchspace=/deeprace/scripts/frameworks/keras-vs-tf.keras,n_gpus=2,subtract_pixel_mean=True,num_classes=10	861770	tensorflow:1.7.0,tf.keras:2.1.4-tf	0.2.0+58.gd4207e4.dirty	titanx:2,singularity
talisker-10g	resnet56v1	cifar10	0.211752	50000	10000	1.	20180511:060735	20180511:064640	7	1652.473153	230.680756	0.80462	0.8183421273040772	0.001	0.98828	0.7923	0.8767178308486938	0.9816	batch_size=32,data_augmentation=True,version=1,backend=tf.keras,checkpoint_epochs=False,n=9,epochs=10,scratchspace=/deeprace/scripts/frameworks/keras-vs-tf.keras,n_gpus=2,subtract_pixel_mean=True,num_classes=10	861770	tensorflow:1.7.0,tf.keras:2.1.4-tf	0.2.0+58.gd4207e4.dirty	titanx:2,singularity
talisker-10g	resnet56v1	cifar10	0.211752	50000	10000	1.	20180511:060735	20180511:064640	8	1883.155476	231.638363	0.8177	0.7856914351081848	0.001	0.99036	0.7794	0.9075424983024597	0.9866	batch_size=32,data_augmentation=True,version=1,backend=tf.keras,checkpoint_epochs=False,n=9,epochs=10,scratchspace=/deeprace/scripts/frameworks/keras-vs-tf.keras,n_gpus=2,subtract_pixel_mean=True,num_classes=10	861770	tensorflow:1.7.0,tf.keras:2.1.4-tf	0.2.0+58.gd4207e4.dirty	titanx:2,singularity
talisker-10g	resnet56v1	cifar10	0.211752	50000	10000	1.	20180511:060735	20180511:064640	9	2114.795295	229.671257	0.82332	0.7650612743377686	0.001	0.99074	0.7719	0.9519215777397155	0.9816	batch_size=32,data_augmentation=True,version=1,backend=tf.keras,checkpoint_epochs=False,n=9,epochs=10,scratchspace=/deeprace/scripts/frameworks/keras-vs-tf.keras,n_gpus=2,subtract_pixel_mean=True,num_classes=10	861770	tensorflow:1.7.0,tf.keras:2.1.4-tf	0.2.0+58.gd4207e4.dirty	titanx:2,singularity
talisker-10g	resnet56v1	cifar10	0.205786	50000	10000	1.	20180509:160824	20180509:164504	0	2.915673	221.098418	0.45566	1.8308694155502319	0.001	0.90478	0.5184	1.7149623035430908	0.9103	scratchspace=/deeprace/scripts/frameworks/keras-vs-tf.keras,subtract_pixel_mean=True,version=1,backend=tf.keras,checkpoint_epochs=False,num_classes=10,batch_size=32,n_gpus=2,data_augmentation=True,n=9,epochs=10	861770	tensorflow:1.7.0,tf.keras:2.1.4-tf	0.2.0+58.gd4207e4.dirty	titanx:2,singularity
talisker-10g	resnet56v1	cifar10	0.205786	50000	10000	1.	20180509:160824	20180509:164504	1	224.016763	204.012883	0.62658	1.3259326257705688	0.001	0.96206	0.6069	1.4085482635498048	0.9612	scratchspace=/deeprace/scripts/frameworks/keras-vs-tf.keras,subtract_pixel_mean=True,version=1,backend=tf.keras,checkpoint_epochs=False,num_classes=10,batch_size=32,n_gpus=2,data_augmentation=True,n=9,epochs=10	861770	tensorflow:1.7.0,tf.keras:2.1.4-tf	0.2.0+58.gd4207e4.dirty	titanx:2,singularity
talisker-10g	resnet56v1	cifar10	0.205786	50000	10000	1.	20180509:160824	20180509:164504	2	428.030743	216.627196	0.6966	1.1226707484436036	0.001	0.9747	0.6922	1.1679182537078858	0.972	scratchspace=/deeprace/scripts/frameworks/keras-vs-tf.keras,subtract_pixel_mean=True,version=1,backend=tf.keras,checkpoint_epochs=False,num_classes=10,batch_size=32,n_gpus=2,data_augmentation=True,n=9,epochs=10	861770	tensorflow:1.7.0,tf.keras:2.1.4-tf	0.2.0+58.gd4207e4.dirty	titanx:2,singularity
talisker-10g	resnet56v1	cifar10	0.205786	50000	10000	1.	20180509:160824	20180509:164504	3	644.659006	222.323238	0.73792	1.0057999947166443	0.001	0.98028	0.702	1.1238562061309814	0.9789	scratchspace=/deeprace/scripts/frameworks/keras-vs-tf.keras,subtract_pixel_mean=True,version=1,backend=tf.keras,checkpoint_epochs=False,num_classes=10,batch_size=32,n_gpus=2,data_augmentation=True,n=9,epochs=10	861770	tensorflow:1.7.0,tf.keras:2.1.4-tf	0.2.0+58.gd4207e4.dirty	titanx:2,singularity
talisker-10g	resnet56v1	cifar10	0.205786	50000	10000	1.	20180509:160824	20180509:164504	4	866.983389	223.985565	0.76052	0.9377996290779114	0.001	0.98322	0.7697	0.9145583310127259	0.9853	scratchspace=/deeprace/scripts/frameworks/keras-vs-tf.keras,subtract_pixel_mean=True,version=1,backend=tf.keras,checkpoint_epochs=False,num_classes=10,batch_size=32,n_gpus=2,data_augmentation=True,n=9,epochs=10	861770	tensorflow:1.7.0,tf.keras:2.1.4-tf	0.2.0+58.gd4207e4.dirty	titanx:2,singularity
talisker-10g	resnet56v1	cifar10	0.205786	50000	10000	1.	20180509:160824	20180509:164504	5	1090.970457	223.761003	0.78274	0.8772279709243774	0.001	0.98542	0.7803	0.8825260215759277	0.987	scratchspace=/deeprace/scripts/frameworks/keras-vs-tf.keras,subtract_pixel_mean=True,version=1,backend=tf.keras,checkpoint_epochs=False,num_classes=10,batch_size=32,n_gpus=2,data_augmentation=True,n=9,epochs=10	861770	tensorflow:1.7.0,tf.keras:2.1.4-tf	0.2.0+58.gd4207e4.dirty	titanx:2,singularity
talisker-10g	resnet56v1	cifar10	0.205786	50000	10000	1.	20180509:160824	20180509:164504	6	1314.732481	222.388434	0.79302	0.8413529789161682	0.001	0.98706	0.7583	0.937844316482544	0.9845	scratchspace=/deeprace/scripts/frameworks/keras-vs-tf.keras,subtract_pixel_mean=True,version=1,backend=tf.keras,checkpoint_epochs=False,num_classes=10,batch_size=32,n_gpus=2,data_augmentation=True,n=9,epochs=10	861770	tensorflow:1.7.0,tf.keras:2.1.4-tf	0.2.0+58.gd4207e4.dirty	titanx:2,singularity
talisker-10g	resnet56v1	cifar10	0.205786	50000	10000	1.	20180509:160824	20180509:164504	7	1537.121961	222.433791	0.80626	0.8021370356369019	0.001	0.9892	0.7673	0.917690956401825	0.9863	scratchspace=/deeprace/scripts/frameworks/keras-vs-tf.keras,subtract_pixel_mean=True,version=1,backend=tf.keras,checkpoint_epochs=False,num_classes=10,batch_size=32,n_gpus=2,data_augmentation=True,n=9,epochs=10	861770	tensorflow:1.7.0,tf.keras:2.1.4-tf	0.2.0+58.gd4207e4.dirty	titanx:2,singularity
talisker-10g	resnet56v1	cifar10	0.205786	50000	10000	1.	20180509:160824	20180509:164504	8	1759.557305	221.287416	0.81464	0.7735015553474426	0.001	0.99012	0.825	0.7551253690719605	0.9927	scratchspace=/deeprace/scripts/frameworks/keras-vs-tf.keras,subtract_pixel_mean=True,version=1,backend=tf.keras,checkpoint_epochs=False,num_classes=10,batch_size=32,n_gpus=2,data_augmentation=True,n=9,epochs=10	861770	tensorflow:1.7.0,tf.keras:2.1.4-tf	0.2.0+58.gd4207e4.dirty	titanx:2,singularity
talisker-10g	resnet56v1	cifar10	0.205786	50000	10000	1.	20180509:160824	20180509:164504	9	1980.846138	219.605293	0.822	0.7554438702392579	0.001	0.9907	0.7913	0.8609119953155517	0.9885	scratchspace=/deeprace/scripts/frameworks/keras-vs-tf.keras,subtract_pixel_mean=True,version=1,backend=tf.keras,checkpoint_epochs=False,num_classes=10,batch_size=32,n_gpus=2,data_augmentation=True,n=9,epochs=10	861770	tensorflow:1.7.0,tf.keras:2.1.4-tf	0.2.0+58.gd4207e4.dirty	titanx:2,singularity
talisker-10g	resnet56v1	cifar10	0.206971	50000	10000	1.	20180510:215936	20180510:223536	0	2.942155	231.098003	0.45414	1.8334987894439698	0.001	0.90254	0.5171	1.6819098751068116	0.9385	data_augmentation=True,backend=tf.keras,subtract_pixel_mean=True,batch_size=32,n_gpus=2,scratchspace=/deeprace/scripts/frameworks/keras-vs-tf.keras,checkpoint_epochs=False,epochs=10,version=1,n=9,num_classes=10	861770	tensorflow:1.7.0,tf.keras:2.1.4-tf	0.2.0+58.gd4207e4.dirty	titanx:2,singularity
talisker-10g	resnet56v1	cifar10	0.206971	50000	10000	1.	20180510:215936	20180510:223536	1	234.042402	215.167263	0.62132	1.359709589958191	0.001	0.96028	0.5548	1.6410440145492553	0.9415	data_augmentation=True,backend=tf.keras,subtract_pixel_mean=True,batch_size=32,n_gpus=2,scratchspace=/deeprace/scripts/frameworks/keras-vs-tf.keras,checkpoint_epochs=False,epochs=10,version=1,n=9,num_classes=10	861770	tensorflow:1.7.0,tf.keras:2.1.4-tf	0.2.0+58.gd4207e4.dirty	titanx:2,singularity
talisker-10g	resnet56v1	cifar10	0.206971	50000	10000	1.	20180510:215936	20180510:223536	2	449.211891	210.536546	0.69146	1.153435236644745	0.001	0.97302	0.6125	1.5283770992279053	0.9401	data_augmentation=True,backend=tf.keras,subtract_pixel_mean=True,batch_size=32,n_gpus=2,scratchspace=/deeprace/scripts/frameworks/keras-vs-tf.keras,checkpoint_epochs=False,epochs=10,version=1,n=9,num_classes=10	861770	tensorflow:1.7.0,tf.keras:2.1.4-tf	0.2.0+58.gd4207e4.dirty	titanx:2,singularity
talisker-10g	resnet56v1	cifar10	0.206971	50000	10000	1.	20180510:215936	20180510:223536	3	659.750392	214.237216	0.73038	1.0425490286254884	0.001	0.97938	0.7552	0.9800253296852112	0.9814	data_augmentation=True,backend=tf.keras,subtract_pixel_mean=True,batch_size=32,n_gpus=2,scratchspace=/deeprace/scripts/frameworks/keras-vs-tf.keras,checkpoint_epochs=False,epochs=10,version=1,n=9,num_classes=10	861770	tensorflow:1.7.0,tf.keras:2.1.4-tf	0.2.0+58.gd4207e4.dirty	titanx:2,singularity
talisker-10g	resnet56v1	cifar10	0.206971	50000	10000	1.	20180510:215936	20180510:223536	4	873.989578	213.602598	0.7516	0.9704576633834839	0.001	0.9831	0.7624	0.9494850808143616	0.9839	data_augmentation=True,backend=tf.keras,subtract_pixel_mean=True,batch_size=32,n_gpus=2,scratchspace=/deeprace/scripts/frameworks/keras-vs-tf.keras,checkpoint_epochs=False,epochs=10,version=1,n=9,num_classes=10	861770	tensorflow:1.7.0,tf.keras:2.1.4-tf	0.2.0+58.gd4207e4.dirty	titanx:2,singularity
talisker-10g	resnet56v1	cifar10	0.206971	50000	10000	1.	20180510:215936	20180510:223536	5	1087.593626	212.914227	0.77348	0.9129209920692444	0.001	0.98482	0.7289	1.0643380496025086	0.9766	data_augmentation=True,backend=tf.keras,subtract_pixel_mean=True,batch_size=32,n_gpus=2,scratchspace=/deeprace/scripts/frameworks/keras-vs-tf.keras,checkpoint_epochs=False,epochs=10,version=1,n=9,num_classes=10	861770	tensorflow:1.7.0,tf.keras:2.1.4-tf	0.2.0+58.gd4207e4.dirty	titanx:2,singularity
talisker-10g	resnet56v1	cifar10	0.206971	50000	10000	1.	20180510:215936	20180510:223536	6	1300.509504	213.6826	0.7881	0.8711784946250916	0.001	0.98654	0.7656	0.9330372362136841	0.985	data_augmentation=True,backend=tf.keras,subtract_pixel_mean=True,batch_size=32,n_gpus=2,scratchspace=/deeprace/scripts/frameworks/keras-vs-tf.keras,checkpoint_epochs=False,epochs=10,version=1,n=9,num_classes=10	861770	tensorflow:1.7.0,tf.keras:2.1.4-tf	0.2.0+58.gd4207e4.dirty	titanx:2,singularity
talisker-10g	resnet56v1	cifar10	0.206971	50000	10000	1.	20180510:215936	20180510:223536	7	1514.193582	212.354063	0.80038	0.8361367175865173	0.001	0.98812	0.8102	0.8154590693473815	0.9885	data_augmentation=True,backend=tf.keras,subtract_pixel_mean=True,batch_size=32,n_gpus=2,scratchspace=/deeprace/scripts/frameworks/keras-vs-tf.keras,checkpoint_epochs=False,epochs=10,version=1,n=9,num_classes=10	861770	tensorflow:1.7.0,tf.keras:2.1.4-tf	0.2.0+58.gd4207e4.dirty	titanx:2,singularity
talisker-10g	resnet56v1	cifar10	0.206971	50000	10000	1.	20180510:215936	20180510:223536	8	1726.548985	217.696993	0.8103	0.8052673396682739	0.001	0.98906	0.7692	0.9413986437797547	0.985	data_augmentation=True,backend=tf.keras,subtract_pixel_mean=True,batch_size=32,n_gpus=2,scratchspace=/deeprace/scripts/frameworks/keras-vs-tf.keras,checkpoint_epochs=False,epochs=10,version=1,n=9,num_classes=10	861770	tensorflow:1.7.0,tf.keras:2.1.4-tf	0.2.0+58.gd4207e4.dirty	titanx:2,singularity
talisker-10g	resnet56v1	cifar10	0.206971	50000	10000	1.	20180510:215936	20180510:223536	9	1944.247263	216.640785	0.81958	0.7772894008827209	0.001	0.98972	0.7877	0.8786559054374695	0.9888	data_augmentation=True,backend=tf.keras,subtract_pixel_mean=True,batch_size=32,n_gpus=2,scratchspace=/deeprace/scripts/frameworks/keras-vs-tf.keras,checkpoint_epochs=False,epochs=10,version=1,n=9,num_classes=10	861770	tensorflow:1.7.0,tf.keras:2.1.4-tf	0.2.0+58.gd4207e4.dirty	titanx:2,singularity
talisker-10g	resnet56v1	cifar10	0.18636	50000	10000	1.	20180510:031733	20180510:035634	0	3.31492	250.842486	0.48372	1.7751854777526856	0.001	0.90938	0.5855	1.4521288785934447	0.9515	epochs=10,data_augmentation=True,n=9,backend=tf.keras,batch_size=32,version=1,scratchspace=/deeprace/scripts/frameworks/keras-vs-tf.keras,n_gpus=2,subtract_pixel_mean=True,checkpoint_epochs=False,num_classes=10	861770	tensorflow:1.7.0,tf.keras:2.1.4-tf	0.2.0+58.gd4207e4.dirty	titanx:2,singularity
talisker-10g	resnet56v1	cifar10	0.18636	50000	10000	1.	20180510:031733	20180510:035634	1	254.160092	232.533706	0.64778	1.2829832162475585	0.001	0.96426	0.6523	1.2918018608093262	0.9668	epochs=10,data_augmentation=True,n=9,backend=tf.keras,batch_size=32,version=1,scratchspace=/deeprace/scripts/frameworks/keras-vs-tf.keras,n_gpus=2,subtract_pixel_mean=True,checkpoint_epochs=False,num_classes=10	861770	tensorflow:1.7.0,tf.keras:2.1.4-tf	0.2.0+58.gd4207e4.dirty	titanx:2,singularity
talisker-10g	resnet56v1	cifar10	0.18636	50000	10000	1.	20180510:031733	20180510:035634	2	486.695137	230.889594	0.70768	1.1041824284362793	0.001	0.97432	0.703	1.1234813599586486	0.9724	epochs=10,data_augmentation=True,n=9,backend=tf.keras,batch_size=32,version=1,scratchspace=/deeprace/scripts/frameworks/keras-vs-tf.keras,n_gpus=2,subtract_pixel_mean=True,checkpoint_epochs=False,num_classes=10	861770	tensorflow:1.7.0,tf.keras:2.1.4-tf	0.2.0+58.gd4207e4.dirty	titanx:2,singularity
talisker-10g	resnet56v1	cifar10	0.18636	50000	10000	1.	20180510:031733	20180510:035634	3	717.586264	229.697901	0.7432	0.9940359742355347	0.001	0.98144	0.7028	1.0986583144187927	0.9814	epochs=10,data_augmentation=True,n=9,backend=tf.keras,batch_size=32,version=1,scratchspace=/deeprace/scripts/frameworks/keras-vs-tf.keras,n_gpus=2,subtract_pixel_mean=True,checkpoint_epochs=False,num_classes=10	861770	tensorflow:1.7.0,tf.keras:2.1.4-tf	0.2.0+58.gd4207e4.dirty	titanx:2,singularity
talisker-10g	resnet56v1	cifar10	0.18636	50000	10000	1.	20180510:031733	20180510:035634	4	947.285215	232.995329	0.7617	0.9311615761566162	0.001	0.98368	0.7707	0.9152780536651611	0.9853	epochs=10,data_augmentation=True,n=9,backend=tf.keras,batch_size=32,version=1,scratchspace=/deeprace/scripts/frameworks/keras-vs-tf.keras,n_gpus=2,subtract_pixel_mean=True,checkpoint_epochs=False,num_classes=10	861770	tensorflow:1.7.0,tf.keras:2.1.4-tf	0.2.0+58.gd4207e4.dirty	titanx:2,singularity
talisker-10g	resnet56v1	cifar10	0.18636	50000	10000	1.	20180510:031733	20180510:035634	5	1180.281563	231.754108	0.7826	0.8804089533996582	0.001	0.9866	0.7406	0.9662537138938904	0.9873	epochs=10,data_augmentation=True,n=9,backend=tf.keras,batch_size=32,version=1,scratchspace=/deeprace/scripts/frameworks/keras-vs-tf.keras,n_gpus=2,subtract_pixel_mean=True,checkpoint_epochs=False,num_classes=10	861770	tensorflow:1.7.0,tf.keras:2.1.4-tf	0.2.0+58.gd4207e4.dirty	titanx:2,singularity
talisker-10g	resnet56v1	cifar10	0.18636	50000	10000	1.	20180510:031733	20180510:035634	6	1412.037019	231.995115	0.7932	0.8451019137191772	0.001	0.9884	0.7695	0.926279381275177	0.9821	epochs=10,data_augmentation=True,n=9,backend=tf.keras,batch_size=32,version=1,scratchspace=/deeprace/scripts/frameworks/keras-vs-tf.keras,n_gpus=2,subtract_pixel_mean=True,checkpoint_epochs=False,num_classes=10	861770	tensorflow:1.7.0,tf.keras:2.1.4-tf	0.2.0+58.gd4207e4.dirty	titanx:2,singularity
talisker-10g	resnet56v1	cifar10	0.18636	50000	10000	1.	20180510:031733	20180510:035634	7	1644.033324	233.13155	0.80488	0.8080570912933349	0.001	0.9889	0.7814	0.8977845708847045	0.9859	epochs=10,data_augmentation=True,n=9,backend=tf.keras,batch_size=32,version=1,scratchspace=/deeprace/scripts/frameworks/keras-vs-tf.keras,n_gpus=2,subtract_pixel_mean=True,checkpoint_epochs=False,num_classes=10	861770	tensorflow:1.7.0,tf.keras:2.1.4-tf	0.2.0+58.gd4207e4.dirty	titanx:2,singularity
talisker-10g	resnet56v1	cifar10	0.18636	50000	10000	1.	20180510:031733	20180510:035634	8	1877.166101	230.189159	0.81302	0.7835365728950501	0.001	0.98922	0.7836	0.8967423138618469	0.9775	epochs=10,data_augmentation=True,n=9,backend=tf.keras,batch_size=32,version=1,scratchspace=/deeprace/scripts/frameworks/keras-vs-tf.keras,n_gpus=2,subtract_pixel_mean=True,checkpoint_epochs=False,num_classes=10	861770	tensorflow:1.7.0,tf.keras:2.1.4-tf	0.2.0+58.gd4207e4.dirty	titanx:2,singularity
talisker-10g	resnet56v1	cifar10	0.18636	50000	10000	1.	20180510:031733	20180510:035634	9	2107.356443	232.970178	0.82122	0.7596245268440247	0.001	0.9906	0.7815	0.9092114514350891	0.9815	epochs=10,data_augmentation=True,n=9,backend=tf.keras,batch_size=32,version=1,scratchspace=/deeprace/scripts/frameworks/keras-vs-tf.keras,n_gpus=2,subtract_pixel_mean=True,checkpoint_epochs=False,num_classes=10	861770	tensorflow:1.7.0,tf.keras:2.1.4-tf	0.2.0+58.gd4207e4.dirty	titanx:2,singularity
talisker-10g	resnet56v1	cifar10	0.188952	50000	10000	1.	20180510:055110	20180510:062848	0	3.387823	243.519003	0.45058	1.848071491241455	0.001	0.90076	0.5287	1.5891318471908569	0.9486	n_gpus=2,n=9,version=1,scratchspace=/deeprace/scripts/frameworks/keras-vs-tf.keras,data_augmentation=True,checkpoint_epochs=False,backend=tf.keras,num_classes=10,epochs=10,subtract_pixel_mean=True,batch_size=32	861770	tensorflow:1.7.0,tf.keras:2.1.4-tf	0.2.0+58.gd4207e4.dirty	titanx:2,singularity
talisker-10g	resnet56v1	cifar10	0.188952	50000	10000	1.	20180510:055110	20180510:062848	1	246.908618	224.074543	0.62226	1.3272677630996703	0.001	0.95902	0.6541	1.2121337567329407	0.9733	n_gpus=2,n=9,version=1,scratchspace=/deeprace/scripts/frameworks/keras-vs-tf.keras,data_augmentation=True,checkpoint_epochs=False,backend=tf.keras,num_classes=10,epochs=10,subtract_pixel_mean=True,batch_size=32	861770	tensorflow:1.7.0,tf.keras:2.1.4-tf	0.2.0+58.gd4207e4.dirty	titanx:2,singularity
talisker-10g	resnet56v1	cifar10	0.188952	50000	10000	1.	20180510:055110	20180510:062848	2	470.984428	222.686612	0.69366	1.1172862921524047	0.001	0.97408	0.7067	1.0503066064834594	0.9804	n_gpus=2,n=9,version=1,scratchspace=/deeprace/scripts/frameworks/keras-vs-tf.keras,data_augmentation=True,checkpoint_epochs=False,backend=tf.keras,num_classes=10,epochs=10,subtract_pixel_mean=True,batch_size=32	861770	tensorflow:1.7.0,tf.keras:2.1.4-tf	0.2.0+58.gd4207e4.dirty	titanx:2,singularity
talisker-10g	resnet56v1	cifar10	0.188952	50000	10000	1.	20180510:055110	20180510:062848	3	693.672128	224.385162	0.72834	1.00721242351532	0.001	0.97904	0.7651	0.9099637548446655	0.9856	n_gpus=2,n=9,version=1,scratchspace=/deeprace/scripts/frameworks/keras-vs-tf.keras,data_augmentation=True,checkpoint_epochs=False,backend=tf.keras,num_classes=10,epochs=10,subtract_pixel_mean=True,batch_size=32	861770	tensorflow:1.7.0,tf.keras:2.1.4-tf	0.2.0+58.gd4207e4.dirty	titanx:2,singularity
talisker-10g	resnet56v1	cifar10	0.188952	50000	10000	1.	20180510:055110	20180510:062848	4	918.058566	224.497968	0.75802	0.9309837784767151	0.001	0.9826	0.7578	0.944424914264679	0.9829	n_gpus=2,n=9,version=1,scratchspace=/deeprace/scripts/frameworks/keras-vs-tf.keras,data_augmentation=True,checkpoint_epochs=False,backend=tf.keras,num_classes=10,epochs=10,subtract_pixel_mean=True,batch_size=32	861770	tensorflow:1.7.0,tf.keras:2.1.4-tf	0.2.0+58.gd4207e4.dirty	titanx:2,singularity
talisker-10g	resnet56v1	cifar10	0.188952	50000	10000	1.	20180510:055110	20180510:062848	5	1142.55769	219.957439	0.77666	0.875251976890564	0.001	0.98586	0.7738	0.9042817269325256	0.9864	n_gpus=2,n=9,version=1,scratchspace=/deeprace/scripts/frameworks/keras-vs-tf.keras,data_augmentation=True,checkpoint_epochs=False,backend=tf.keras,num_classes=10,epochs=10,subtract_pixel_mean=True,batch_size=32	861770	tensorflow:1.7.0,tf.keras:2.1.4-tf	0.2.0+58.gd4207e4.dirty	titanx:2,singularity
talisker-10g	resnet56v1	cifar10	0.188952	50000	10000	1.	20180510:055110	20180510:062848	6	1362.516283	223.790926	0.79056	0.8360480509567261	0.001	0.98772	0.693	1.2436101558685302	0.963	n_gpus=2,n=9,version=1,scratchspace=/deeprace/scripts/frameworks/keras-vs-tf.keras,data_augmentation=True,checkpoint_epochs=False,backend=tf.keras,num_classes=10,epochs=10,subtract_pixel_mean=True,batch_size=32	861770	tensorflow:1.7.0,tf.keras:2.1.4-tf	0.2.0+58.gd4207e4.dirty	titanx:2,singularity
talisker-10g	resnet56v1	cifar10	0.188952	50000	10000	1.	20180510:055110	20180510:062848	7	1586.308371	224.418483	0.7974	0.8115954322242737	0.001	0.98806	0.7763	0.9028571090698242	0.9824	n_gpus=2,n=9,version=1,scratchspace=/deeprace/scripts/frameworks/keras-vs-tf.keras,data_augmentation=True,checkpoint_epochs=False,backend=tf.keras,num_classes=10,epochs=10,subtract_pixel_mean=True,batch_size=32	861770	tensorflow:1.7.0,tf.keras:2.1.4-tf	0.2.0+58.gd4207e4.dirty	titanx:2,singularity
talisker-10g	resnet56v1	cifar10	0.188952	50000	10000	1.	20180510:055110	20180510:062848	8	1810.7284	224.115739	0.81248	0.7738438646125794	0.001	0.9891	0.7828	0.8814060622215271	0.9849	n_gpus=2,n=9,version=1,scratchspace=/deeprace/scripts/frameworks/keras-vs-tf.keras,data_augmentation=True,checkpoint_epochs=False,backend=tf.keras,num_classes=10,epochs=10,subtract_pixel_mean=True,batch_size=32	861770	tensorflow:1.7.0,tf.keras:2.1.4-tf	0.2.0+58.gd4207e4.dirty	titanx:2,singularity
talisker-10g	resnet56v1	cifar10	0.188952	50000	10000	1.	20180510:055110	20180510:062848	9	2034.845483	223.092866	0.81752	0.7456783543109894	0.001	0.9901	0.8214	0.7446123079299927	0.9898	n_gpus=2,n=9,version=1,scratchspace=/deeprace/scripts/frameworks/keras-vs-tf.keras,data_augmentation=True,checkpoint_epochs=False,backend=tf.keras,num_classes=10,epochs=10,subtract_pixel_mean=True,batch_size=32	861770	tensorflow:1.7.0,tf.keras:2.1.4-tf	0.2.0+58.gd4207e4.dirty	titanx:2,singularity
talisker-10g	resnet56v1	cifar10	0.19395	50000	10000	1.	20180509:231038	20180509:234947	0	3.933839	249.414084	0.4415	1.853158290977478	0.001	0.89896	0.593	1.3928248708724975	0.9571	data_augmentation=True,n_gpus=2,checkpoint_epochs=False,epochs=10,batch_size=32,scratchspace=/deeprace/scripts/frameworks/keras-vs-tf.keras,n=9,num_classes=10,version=1,backend=tf.keras,subtract_pixel_mean=True	861770	tensorflow:1.7.0,tf.keras:2.1.4-tf	0.2.0+58.gd4207e4.dirty	titanx:2,singularity
talisker-10g	resnet56v1	cifar10	0.19395	50000	10000	1.	20180509:231038	20180509:234947	1	253.351427	231.761144	0.60988	1.3536864389801024	0.001	0.95654	0.6614	1.198048037338257	0.9661	data_augmentation=True,n_gpus=2,checkpoint_epochs=False,epochs=10,batch_size=32,scratchspace=/deeprace/scripts/frameworks/keras-vs-tf.keras,n=9,num_classes=10,version=1,backend=tf.keras,subtract_pixel_mean=True	861770	tensorflow:1.7.0,tf.keras:2.1.4-tf	0.2.0+58.gd4207e4.dirty	titanx:2,singularity
talisker-10g	resnet56v1	cifar10	0.19395	50000	10000	1.	20180509:231038	20180509:234947	2	485.114347	231.389159	0.67756	1.148239775466919	0.001	0.97136	0.711	1.0741714683532715	0.9766	data_augmentation=True,n_gpus=2,checkpoint_epochs=False,epochs=10,batch_size=32,scratchspace=/deeprace/scripts/frameworks/keras-vs-tf.keras,n=9,num_classes=10,version=1,backend=tf.keras,subtract_pixel_mean=True	861770	tensorflow:1.7.0,tf.keras:2.1.4-tf	0.2.0+58.gd4207e4.dirty	titanx:2,singularity
talisker-10g	resnet56v1	cifar10	0.19395	50000	10000	1.	20180509:231038	20180509:234947	3	716.504535	235.163116	0.7241	1.0183833193969727	0.001	0.97814	0.7195	1.0324141372680664	0.9795	data_augmentation=True,n_gpus=2,checkpoint_epochs=False,epochs=10,batch_size=32,scratchspace=/deeprace/scripts/frameworks/keras-vs-tf.keras,n=9,num_classes=10,version=1,backend=tf.keras,subtract_pixel_mean=True	861770	tensorflow:1.7.0,tf.keras:2.1.4-tf	0.2.0+58.gd4207e4.dirty	titanx:2,singularity
talisker-10g	resnet56v1	cifar10	0.19395	50000	10000	1.	20180509:231038	20180509:234947	4	951.668824	233.395124	0.7527	0.9422021988487244	0.001	0.98148	0.7169	1.0388193365097045	0.9806	data_augmentation=True,n_gpus=2,checkpoint_epochs=False,epochs=10,batch_size=32,scratchspace=/deeprace/scripts/frameworks/keras-vs-tf.keras,n=9,num_classes=10,version=1,backend=tf.keras,subtract_pixel_mean=True	861770	tensorflow:1.7.0,tf.keras:2.1.4-tf	0.2.0+58.gd4207e4.dirty	titanx:2,singularity
talisker-10g	resnet56v1	cifar10	0.19395	50000	10000	1.	20180509:231038	20180509:234947	5	1185.065089	232.902892	0.77252	0.8842734474754333	0.001	0.98434	0.7863	0.8445246842384339	0.9882	data_augmentation=True,n_gpus=2,checkpoint_epochs=False,epochs=10,batch_size=32,scratchspace=/deeprace/scripts/frameworks/keras-vs-tf.keras,n=9,num_classes=10,version=1,backend=tf.keras,subtract_pixel_mean=True	861770	tensorflow:1.7.0,tf.keras:2.1.4-tf	0.2.0+58.gd4207e4.dirty	titanx:2,singularity
talisker-10g	resnet56v1	cifar10	0.19395	50000	10000	1.	20180509:231038	20180509:234947	6	1417.96909	232.247736	0.7864	0.8414629894638062	0.001	0.98682	0.7994	0.8187204007148743	0.9855	data_augmentation=True,n_gpus=2,checkpoint_epochs=False,epochs=10,batch_size=32,scratchspace=/deeprace/scripts/frameworks/keras-vs-tf.keras,n=9,num_classes=10,version=1,backend=tf.keras,subtract_pixel_mean=True	861770	tensorflow:1.7.0,tf.keras:2.1.4-tf	0.2.0+58.gd4207e4.dirty	titanx:2,singularity
talisker-10g	resnet56v1	cifar10	0.19395	50000	10000	1.	20180509:231038	20180509:234947	7	1650.217777	233.558465	0.7987	0.8016876673698425	0.001	0.98784	0.765	0.9120562736511231	0.9883	data_augmentation=True,n_gpus=2,checkpoint_epochs=False,epochs=10,batch_size=32,scratchspace=/deeprace/scripts/frameworks/keras-vs-tf.keras,n=9,num_classes=10,version=1,backend=tf.keras,subtract_pixel_mean=True	861770	tensorflow:1.7.0,tf.keras:2.1.4-tf	0.2.0+58.gd4207e4.dirty	titanx:2,singularity
talisker-10g	resnet56v1	cifar10	0.19395	50000	10000	1.	20180509:231038	20180509:234947	8	1883.777446	230.959334	0.80858	0.7750827686309815	0.001	0.98956	0.7982	0.7826524188041687	0.9916	data_augmentation=True,n_gpus=2,checkpoint_epochs=False,epochs=10,batch_size=32,scratchspace=/deeprace/scripts/frameworks/keras-vs-tf.keras,n=9,num_classes=10,version=1,backend=tf.keras,subtract_pixel_mean=True	861770	tensorflow:1.7.0,tf.keras:2.1.4-tf	0.2.0+58.gd4207e4.dirty	titanx:2,singularity
talisker-10g	resnet56v1	cifar10	0.19395	50000	10000	1.	20180509:231038	20180509:234947	9	2114.737738	234.268147	0.81766	0.746609635887146	0.001	0.99034	0.8093	0.7709987965583801	0.9893	data_augmentation=True,n_gpus=2,checkpoint_epochs=False,epochs=10,batch_size=32,scratchspace=/deeprace/scripts/frameworks/keras-vs-tf.keras,n=9,num_classes=10,version=1,backend=tf.keras,subtract_pixel_mean=True	861770	tensorflow:1.7.0,tf.keras:2.1.4-tf	0.2.0+58.gd4207e4.dirty	titanx:2,singularity
talisker-10g	resnet56v1	cifar10	0.206563	50000	10000	1.	20180510:153249	20180510:160855	0	2.909755	229.387548	0.45698	1.8265047592926025	0.001	0.90804	0.5357	1.6513857215881347	0.9445	backend=tf.keras,n=9,subtract_pixel_mean=True,num_classes=10,checkpoint_epochs=False,version=1,n_gpus=2,batch_size=32,epochs=10,scratchspace=/deeprace/scripts/frameworks/keras-vs-tf.keras,data_augmentation=True	861770	tensorflow:1.7.0,tf.keras:2.1.4-tf	0.2.0+58.gd4207e4.dirty	titanx:2,singularity
talisker-10g	resnet56v1	cifar10	0.206563	50000	10000	1.	20180510:153249	20180510:160855	1	232.299261	212.305768	0.6414	1.3086298767089843	0.001	0.96396	0.68	1.2010917377471924	0.9715	backend=tf.keras,n=9,subtract_pixel_mean=True,num_classes=10,checkpoint_epochs=False,version=1,n_gpus=2,batch_size=32,epochs=10,scratchspace=/deeprace/scripts/frameworks/keras-vs-tf.keras,data_augmentation=True	861770	tensorflow:1.7.0,tf.keras:2.1.4-tf	0.2.0+58.gd4207e4.dirty	titanx:2,singularity
talisker-10g	resnet56v1	cifar10	0.206563	50000	10000	1.	20180510:153249	20180510:160855	2	444.606721	211.9297	0.70754	1.115413194732666	0.001	0.97524	0.5829	1.5764623197555543	0.953	backend=tf.keras,n=9,subtract_pixel_mean=True,num_classes=10,checkpoint_epochs=False,version=1,n_gpus=2,batch_size=32,epochs=10,scratchspace=/deeprace/scripts/frameworks/keras-vs-tf.keras,data_augmentation=True	861770	tensorflow:1.7.0,tf.keras:2.1.4-tf	0.2.0+58.gd4207e4.dirty	titanx:2,singularity
talisker-10g	resnet56v1	cifar10	0.206563	50000	10000	1.	20180510:153249	20180510:160855	3	656.537939	211.604634	0.74426	1.0055639989471437	0.001	0.98124	0.7073	1.104976761817932	0.9763	backend=tf.keras,n=9,subtract_pixel_mean=True,num_classes=10,checkpoint_epochs=False,version=1,n_gpus=2,batch_size=32,epochs=10,scratchspace=/deeprace/scripts/frameworks/keras-vs-tf.keras,data_augmentation=True	861770	tensorflow:1.7.0,tf.keras:2.1.4-tf	0.2.0+58.gd4207e4.dirty	titanx:2,singularity
talisker-10g	resnet56v1	cifar10	0.206563	50000	10000	1.	20180510:153249	20180510:160855	4	868.144369	216.727043	0.76744	0.9344528046989441	0.001	0.98542	0.731	1.0533720643043518	0.9812	backend=tf.keras,n=9,subtract_pixel_mean=True,num_classes=10,checkpoint_epochs=False,version=1,n_gpus=2,batch_size=32,epochs=10,scratchspace=/deeprace/scripts/frameworks/keras-vs-tf.keras,data_augmentation=True	861770	tensorflow:1.7.0,tf.keras:2.1.4-tf	0.2.0+58.gd4207e4.dirty	titanx:2,singularity
talisker-10g	resnet56v1	cifar10	0.206563	50000	10000	1.	20180510:153249	20180510:160855	5	1084.872985	216.410668	0.78212	0.8851227725601196	0.001	0.98688	0.7753	0.9255265904426575	0.9871	backend=tf.keras,n=9,subtract_pixel_mean=True,num_classes=10,checkpoint_epochs=False,version=1,n_gpus=2,batch_size=32,epochs=10,scratchspace=/deeprace/scripts/frameworks/keras-vs-tf.keras,data_augmentation=True	861770	tensorflow:1.7.0,tf.keras:2.1.4-tf	0.2.0+58.gd4207e4.dirty	titanx:2,singularity
talisker-10g	resnet56v1	cifar10	0.206563	50000	10000	1.	20180510:153249	20180510:160855	6	1301.285319	217.027985	0.79732	0.8442401749038696	0.001	0.9878	0.7329	1.062170150756836	0.9828	backend=tf.keras,n=9,subtract_pixel_mean=True,num_classes=10,checkpoint_epochs=False,version=1,n_gpus=2,batch_size=32,epochs=10,scratchspace=/deeprace/scripts/frameworks/keras-vs-tf.keras,data_augmentation=True	861770	tensorflow:1.7.0,tf.keras:2.1.4-tf	0.2.0+58.gd4207e4.dirty	titanx:2,singularity
talisker-10g	resnet56v1	cifar10	0.206563	50000	10000	1.	20180510:153249	20180510:160855	7	1518.315034	215.484651	0.808	0.8127167270469665	0.001	0.98922	0.7545	1.0122728614807128	0.9795	backend=tf.keras,n=9,subtract_pixel_mean=True,num_classes=10,checkpoint_epochs=False,version=1,n_gpus=2,batch_size=32,epochs=10,scratchspace=/deeprace/scripts/frameworks/keras-vs-tf.keras,data_augmentation=True	861770	tensorflow:1.7.0,tf.keras:2.1.4-tf	0.2.0+58.gd4207e4.dirty	titanx:2,singularity
talisker-10g	resnet56v1	cifar10	0.206563	50000	10000	1.	20180510:153249	20180510:160855	8	1733.80132	215.773601	0.8164	0.7858258773994445	0.001	0.99018	0.7585	0.9654257329940796	0.9835	backend=tf.keras,n=9,subtract_pixel_mean=True,num_classes=10,checkpoint_epochs=False,version=1,n_gpus=2,batch_size=32,epochs=10,scratchspace=/deeprace/scripts/frameworks/keras-vs-tf.keras,data_augmentation=True	861770	tensorflow:1.7.0,tf.keras:2.1.4-tf	0.2.0+58.gd4207e4.dirty	titanx:2,singularity
talisker-10g	resnet56v1	cifar10	0.206563	50000	10000	1.	20180510:153249	20180510:160855	9	1949.576749	216.125945	0.8261	0.7575530290985107	0.001	0.9914	0.7853	0.9287068999290466	0.9838	backend=tf.keras,n=9,subtract_pixel_mean=True,num_classes=10,checkpoint_epochs=False,version=1,n_gpus=2,batch_size=32,epochs=10,scratchspace=/deeprace/scripts/frameworks/keras-vs-tf.keras,data_augmentation=True	861770	tensorflow:1.7.0,tf.keras:2.1.4-tf	0.2.0+58.gd4207e4.dirty	titanx:2,singularity
talisker-10g	resnet56v1	cifar10	0.201063	50000	10000	1.	20180510:101147	20180510:104939	0	2.907576	249.510175	0.4698	1.7913872277069092	0.001	0.90998	0.4913	1.8826664348602296	0.9211	epochs=10,backend=tf.keras,checkpoint_epochs=False,scratchspace=/deeprace/scripts/frameworks/keras-vs-tf.keras,data_augmentation=True,batch_size=32,version=1,n_gpus=2,subtract_pixel_mean=True,num_classes=10,n=9	861770	tensorflow:1.7.0,tf.keras:2.1.4-tf	0.2.0+58.gd4207e4.dirty	titanx:2,singularity
talisker-10g	resnet56v1	cifar10	0.201063	50000	10000	1.	20180510:101147	20180510:104939	1	252.4198	229.794785	0.64444	1.3076352154159545	0.001	0.9638	0.6762	1.2124461912155151	0.9759	epochs=10,backend=tf.keras,checkpoint_epochs=False,scratchspace=/deeprace/scripts/frameworks/keras-vs-tf.keras,data_augmentation=True,batch_size=32,version=1,n_gpus=2,subtract_pixel_mean=True,num_classes=10,n=9	861770	tensorflow:1.7.0,tf.keras:2.1.4-tf	0.2.0+58.gd4207e4.dirty	titanx:2,singularity
talisker-10g	resnet56v1	cifar10	0.201063	50000	10000	1.	20180510:101147	20180510:104939	2	482.216518	239.211563	0.70654	1.1180776100349425	0.001	0.97592	0.6989	1.1581138212203979	0.9669	epochs=10,backend=tf.keras,checkpoint_epochs=False,scratchspace=/deeprace/scripts/frameworks/keras-vs-tf.keras,data_augmentation=True,batch_size=32,version=1,n_gpus=2,subtract_pixel_mean=True,num_classes=10,n=9	861770	tensorflow:1.7.0,tf.keras:2.1.4-tf	0.2.0+58.gd4207e4.dirty	titanx:2,singularity
talisker-10g	resnet56v1	cifar10	0.201063	50000	10000	1.	20180510:101147	20180510:104939	3	721.432039	219.295189	0.74068	1.0188992671203614	0.001	0.98026	0.7709	0.9397999440193177	0.9861	epochs=10,backend=tf.keras,checkpoint_epochs=False,scratchspace=/deeprace/scripts/frameworks/keras-vs-tf.keras,data_augmentation=True,batch_size=32,version=1,n_gpus=2,subtract_pixel_mean=True,num_classes=10,n=9	861770	tensorflow:1.7.0,tf.keras:2.1.4-tf	0.2.0+58.gd4207e4.dirty	titanx:2,singularity
talisker-10g	resnet56v1	cifar10	0.201063	50000	10000	1.	20180510:101147	20180510:104939	4	940.728472	222.541763	0.76336	0.9445208066558838	0.001	0.98312	0.7411	1.0244715755462646	0.979	epochs=10,backend=tf.keras,checkpoint_epochs=False,scratchspace=/deeprace/scripts/frameworks/keras-vs-tf.keras,data_augmentation=True,batch_size=32,version=1,n_gpus=2,subtract_pixel_mean=True,num_classes=10,n=9	861770	tensorflow:1.7.0,tf.keras:2.1.4-tf	0.2.0+58.gd4207e4.dirty	titanx:2,singularity
talisker-10g	resnet56v1	cifar10	0.201063	50000	10000	1.	20180510:101147	20180510:104939	5	1163.271761	221.781098	0.78016	0.8955978461265564	0.001	0.98632	0.7285	1.0715859477996825	0.9813	epochs=10,backend=tf.keras,checkpoint_epochs=False,scratchspace=/deeprace/scripts/frameworks/keras-vs-tf.keras,data_augmentation=True,batch_size=32,version=1,n_gpus=2,subtract_pixel_mean=True,num_classes=10,n=9	861770	tensorflow:1.7.0,tf.keras:2.1.4-tf	0.2.0+58.gd4207e4.dirty	titanx:2,singularity
talisker-10g	resnet56v1	cifar10	0.201063	50000	10000	1.	20180510:101147	20180510:104939	6	1385.054401	221.351664	0.79316	0.8524397798156739	0.001	0.98824	0.7419	1.0349924729347229	0.9749	epochs=10,backend=tf.keras,checkpoint_epochs=False,scratchspace=/deeprace/scripts/frameworks/keras-vs-tf.keras,data_augmentation=True,batch_size=32,version=1,n_gpus=2,subtract_pixel_mean=True,num_classes=10,n=9	861770	tensorflow:1.7.0,tf.keras:2.1.4-tf	0.2.0+58.gd4207e4.dirty	titanx:2,singularity
talisker-10g	resnet56v1	cifar10	0.201063	50000	10000	1.	20180510:101147	20180510:104939	7	1606.407425	221.425454	0.80234	0.8206491866493225	0.001	0.9886	0.8036	0.8214744206428528	0.9905	epochs=10,backend=tf.keras,checkpoint_epochs=False,scratchspace=/deeprace/scripts/frameworks/keras-vs-tf.keras,data_augmentation=True,batch_size=32,version=1,n_gpus=2,subtract_pixel_mean=True,num_classes=10,n=9	861770	tensorflow:1.7.0,tf.keras:2.1.4-tf	0.2.0+58.gd4207e4.dirty	titanx:2,singularity
talisker-10g	resnet56v1	cifar10	0.201063	50000	10000	1.	20180510:101147	20180510:104939	8	1827.834173	221.916741	0.8139	0.7920359806632996	0.001	0.98988	0.8273	0.7516105073928833	0.9903	epochs=10,backend=tf.keras,checkpoint_epochs=False,scratchspace=/deeprace/scripts/frameworks/keras-vs-tf.keras,data_augmentation=True,batch_size=32,version=1,n_gpus=2,subtract_pixel_mean=True,num_classes=10,n=9	861770	tensorflow:1.7.0,tf.keras:2.1.4-tf	0.2.0+58.gd4207e4.dirty	titanx:2,singularity
talisker-10g	resnet56v1	cifar10	0.201063	50000	10000	1.	20180510:101147	20180510:104939	9	2049.752385	221.384148	0.82186	0.7676200518608093	0.001	0.99058	0.7918	0.8711192503929138	0.9827	epochs=10,backend=tf.keras,checkpoint_epochs=False,scratchspace=/deeprace/scripts/frameworks/keras-vs-tf.keras,data_augmentation=True,batch_size=32,version=1,n_gpus=2,subtract_pixel_mean=True,num_classes=10,n=9	861770	tensorflow:1.7.0,tf.keras:2.1.4-tf	0.2.0+58.gd4207e4.dirty	titanx:2,singularity
